;Intel Cannon Lake
;Instruction timings and µop breakdown, generated from uops.info instructions.xml (2026-03-29).
;Columns: Instruction<TAB>operands<TAB>µOps-fused<TAB>µOps-unfused<TAB>ports<TAB>latency<TAB>throughput<TAB>remark
PREFETCHW	M512	1	1	1*p23		0.50	PREFETCH_NOP
ADCX	R32, M32	1	2	1*p06+1*p23	1	0.50	ADOX_ADCX
ADCX	R64, M64	1	2	1*p06+1*p23	1	0.52	ADOX_ADCX
ADOX	R32, M32	1	2	1*p06+1*p23	1	0.50	ADOX_ADCX
ADOX	R64, M64	1	2	1*p06+1*p23	1	0.52	ADOX_ADCX
AESDEC	XMM, M128	2	2	1*p01+1*p23	4	1.00	AES
AESDECLAST	XMM, M128	2	2	1*p01+1*p23	4	1.00	AES
AESENC	XMM, M128	2	2	1*p01+1*p23	4	1.00	AES
AESENCLAST	XMM, M128	2	2	1*p01+1*p23	4	1.00	AES
AESIMC	XMM, M128	3	3	2*p01+1*p23		1.00	AES
AESKEYGENASSIST	XMM, M128, I8	13	13	4*p0+1*p01+1*p06+1*p23+6*p5		12.00	AES
VADDPD	XMM, XMM, M128	1	2	1*p01+1*p23	4	0.53	AVX
VADDPD	YMM, YMM, M256	1	2	1*p01+1*p23	4	0.53	AVX
VADDPS	XMM, XMM, M128	1	2	1*p01+1*p23	4	0.53	AVX
VADDPS	YMM, YMM, M256	1	2	1*p01+1*p23	4	0.53	AVX
VADDSD	XMM, XMM, M64	1	2	1*p01+1*p23	4	0.53	AVX
VADDSS	XMM, XMM, M32	1	2	1*p01+1*p23	4	0.53	AVX
VADDSUBPD	XMM, XMM, M128	1	2	1*p01+1*p23	4	0.53	AVX
VADDSUBPD	YMM, YMM, M256	1	2	1*p01+1*p23	4	0.53	AVX
VADDSUBPS	XMM, XMM, M128	1	2	1*p01+1*p23	4	0.54	AVX
VADDSUBPS	YMM, YMM, M256	1	2	1*p01+1*p23	4	0.53	AVX
VANDNPD	XMM, XMM, M128	1	2	1*p015+1*p23	1	0.50	AVX
VANDNPD	YMM, YMM, M256	1	2	1*p015+1*p23	1	0.50	AVX
VANDNPS	XMM, XMM, M128	1	2	1*p015+1*p23	1	0.50	AVX
VANDNPS	YMM, YMM, M256	1	2	1*p015+1*p23	1	0.50	AVX
VANDPD	XMM, XMM, M128	1	2	1*p015+1*p23	1	0.50	AVX
VANDPD	YMM, YMM, M256	1	2	1*p015+1*p23	1	0.50	AVX
VANDPS	XMM, XMM, M128	1	2	1*p015+1*p23	1	0.50	AVX
VANDPS	YMM, YMM, M256	1	2	1*p015+1*p23	1	0.50	AVX
VBLENDPD	XMM, XMM, M128, I8	2	2	1*p015+1*p23	1	1.00	AVX
VBLENDPD	YMM, YMM, M256, I8	2	2	1*p015+1*p23	1	1.00	AVX
VBLENDPS	XMM, XMM, M128, I8	2	2	1*p015+1*p23	1	1.00	AVX
VBLENDPS	YMM, YMM, M256, I8	2	2	1*p015+1*p23	1	1.00	AVX
VBLENDVPD	XMM, XMM, M128, XMM	3	3	2*p015+1*p23	2	1.00	AVX
VBLENDVPD	YMM, YMM, M256, YMM	3	3	2*p015+1*p23	2	1.00	AVX
VBLENDVPS	XMM, XMM, M128, XMM	3	3	2*p015+1*p23	2	1.00	AVX
VBLENDVPS	YMM, YMM, M256, YMM	3	3	2*p015+1*p23	2	1.00	AVX
VBROADCASTF128	YMM, M128	1	1	1*p23		0.50	AVX
VBROADCASTSS	XMM, M32	1	1	1*p23		0.50	AVX
VCMPPD	XMM, XMM, M128, I8	2	2	1*p01+1*p23	4	1.00	AVX
VCMPPD	YMM, YMM, M256, I8	2	2	1*p01+1*p23	4	1.00	AVX
VCMPPS	XMM, XMM, M128, I8	2	2	1*p01+1*p23	4	1.00	AVX
VCMPPS	YMM, YMM, M256, I8	2	2	1*p01+1*p23	4	1.00	AVX
VCMPSD	XMM, XMM, M64, I8	2	2	1*p01+1*p23	4	1.00	AVX
VCMPSS	XMM, XMM, M32, I8	2	2	1*p01+1*p23	4	1.00	AVX
VCOMISD	XMM, M64	2	2	1*p0+1*p23	3	1.00	AVX
VCOMISS	XMM, M32	2	2	1*p0+1*p23	3	1.00	AVX
VCVTDQ2PD	XMM, M64	1	2	1*p01+1*p23		0.53	AVX
VCVTDQ2PD	YMM, M128	1	2	1*p01+1*p23		0.54	AVX
VCVTDQ2PS	XMM, M128	1	2	1*p01+1*p23		0.53	AVX
VCVTDQ2PS	YMM, M256	1	2	1*p01+1*p23		0.54	AVX
VCVTPD2DQ	XMM, M128	2	3	1*p01+1*p23+1*p5		1.00	AVX
VCVTPD2DQ	XMM, XMM	2	2	1*p01+1*p5	5	1.00	AVX
VCVTPD2PS	XMM, M128	2	3	1*p01+1*p23+1*p5		1.00	AVX
VCVTPD2PS	XMM, XMM	2	2	1*p01+1*p5	5	1.00	AVX
VCVTPS2DQ	XMM, M128	1	2	1*p01+1*p23		0.53	AVX
VCVTPS2DQ	YMM, M256	1	2	1*p01+1*p23		0.53	AVX
VCVTPS2PD	XMM, M64	1	2	1*p01+1*p23		0.53	AVX
VCVTPS2PD	YMM, M128	1	2	1*p01+1*p23		0.52	AVX
VCVTSD2SI	R32, M64	2	3	1*p0+1*p01+1*p23		1.00	AVX
VCVTSD2SI	R64, M64	2	3	1*p0+1*p01+1*p23		1.00	AVX
VCVTSD2SS	XMM, XMM, M64	2	3	1*p01+1*p23+1*p5	1	1.00	AVX
VCVTSI2SD	XMM, XMM, M32	1	2	1*p01+1*p23	4	0.53	AVX
VCVTSI2SD	XMM, XMM, R32	2	2	1*p01+1*p5	7	1.00	AVX
VCVTSI2SS	XMM, XMM, M32	1	2	1*p01+1*p23	4	0.53	AVX
VCVTSI2SS	XMM, XMM, R32	2	2	1*p01+1*p5	7	1.00	AVX
VCVTSS2SD	XMM, XMM, M32	1	2	1*p01+1*p23	4	0.54	AVX
VCVTSS2SI	R32, M32	2	3	1*p0+1*p01+1*p23		1.00	AVX
VCVTSS2SI	R64, M32	2	3	1*p0+1*p01+1*p23		1.00	AVX
VCVTTPD2DQ	XMM, M128	2	3	1*p01+1*p23+1*p5		1.00	AVX
VCVTTPD2DQ	XMM, XMM	2	2	1*p01+1*p5	5	1.00	AVX
VCVTTPS2DQ	XMM, M128	1	2	1*p01+1*p23		0.53	AVX
VCVTTPS2DQ	YMM, M256	1	2	1*p01+1*p23		0.53	AVX
VCVTTSD2SI	R32, M64	2	3	1*p0+1*p01+1*p23		1.00	AVX
VCVTTSD2SI	R64, M64	2	3	1*p0+1*p01+1*p23		1.00	AVX
VCVTTSS2SI	R32, M32	2	3	1*p0+1*p01+1*p23		1.00	AVX
VCVTTSS2SI	R64, M32	2	3	1*p0+1*p01+1*p23		1.00	AVX
VDIVPD	XMM, XMM, M128	1	2	1*p0+1*p23		4.00	AVX
VDIVPD	YMM, YMM, M256	1	2	1*p0+1*p23		8.00	AVX
VDIVPS	XMM, XMM, M128	1	2	1*p0+1*p23		3.00	AVX
VDIVPS	YMM, YMM, M256	1	2	1*p0+1*p23		5.00	AVX
VDIVSD	XMM, XMM, M64	1	2	1*p0+1*p23		4.00	AVX
VDIVSS	XMM, XMM, M32	1	2	1*p0+1*p23		3.00	AVX
VDPPD	XMM, XMM, M128, I8	4	4	2*p01+1*p23+1*p5	9	1.00	AVX
VDPPS	XMM, XMM, M128, I8	6	6	3*p01+1*p06+1*p23+1*p5	13	4.00	AVX
VDPPS	YMM, YMM, M256, I8	6	6	3*p01+1*p06+1*p23+1*p5	13	4.00	AVX
VEXTRACTF128	M128, YMM, I8	2	2	1*p23+1*p4	4	1.00	AVX
VEXTRACTPS	M32, XMM, I8	2	3	1*p237+1*p4+1*p5	5	1.00	AVX
VHADDPD	XMM, XMM, M128	4	4	1*p01+1*p23+2*p5	6	2.00	AVX
VHADDPD	YMM, YMM, M256	4	4	1*p01+1*p23+2*p5	6	2.00	AVX
VHADDPS	XMM, XMM, M128	4	4	1*p01+1*p23+2*p5	6	2.00	AVX
VHADDPS	YMM, YMM, M256	4	4	1*p01+1*p23+2*p5	6	2.00	AVX
VHSUBPD	XMM, XMM, M128	4	4	1*p01+1*p23+2*p5	6	2.00	AVX
VHSUBPD	YMM, YMM, M256	4	4	1*p01+1*p23+2*p5	6	2.00	AVX
VHSUBPS	XMM, XMM, M128	4	4	1*p01+1*p23+2*p5	6	2.00	AVX
VHSUBPS	YMM, YMM, M256	4	4	1*p01+1*p23+2*p5	6	2.00	AVX
VINSERTF128	YMM, YMM, M128, I8	2	2	1*p015+1*p23	1	1.00	AVX
VINSERTPS	XMM, XMM, M32, I8	2	2	1*p23+1*p5	1	1.00	AVX
VLDDQU	XMM, M128	1	1	1*p23		0.50	AVX
VLDMXCSR	M32	4	4	1*p0+1*p015+1*p06+1*p23		3.00	AVX
VMASKMOVPD	M128, XMM, XMM	3	3	1*p0+1*p23+1*p4	14	1.00	AVX
VMASKMOVPD	XMM, XMM, M128	2	2	1*p015+1*p23	1	1.00	AVX
VMASKMOVPS	M128, XMM, XMM	3	3	1*p0+1*p23+1*p4	14	1.00	AVX
VMASKMOVPS	XMM, XMM, M128	2	2	1*p015+1*p23	1	1.00	AVX
VMAXPD	XMM, XMM, M128	1	2	1*p01+1*p23	4	0.53	AVX
VMAXPD	YMM, YMM, M256	1	2	1*p01+1*p23	4	0.53	AVX
VMAXPS	XMM, XMM, M128	1	2	1*p01+1*p23	4	0.53	AVX
VMAXPS	YMM, YMM, M256	1	2	1*p01+1*p23	4	0.53	AVX
VMAXSD	XMM, XMM, M64	1	2	1*p01+1*p23	4	0.53	AVX
VMAXSS	XMM, XMM, M32	1	2	1*p01+1*p23	4	0.53	AVX
VMINPD	XMM, XMM, M128	1	2	1*p01+1*p23	4	0.53	AVX
VMINPD	YMM, YMM, M256	1	2	1*p01+1*p23	4	0.53	AVX
VMINPS	XMM, XMM, M128	1	2	1*p01+1*p23	4	0.53	AVX
VMINPS	YMM, YMM, M256	1	2	1*p01+1*p23	4	0.53	AVX
VMINSD	XMM, XMM, M64	1	2	1*p01+1*p23	4	0.53	AVX
VMINSS	XMM, XMM, M32	1	2	1*p01+1*p23	4	0.53	AVX
VMOVAPD	M128, XMM	1	2	1*p237+1*p4	4	1.00	AVX
VMOVAPD	XMM, M128	1	1	1*p23		0.50	AVX
VMOVAPD	XMM, XMM	1	0		0	0.25	AVX
VMOVAPD	XMM, XMM	1	0		0	0.27	AVX
VMOVAPS	M128, XMM	1	2	1*p237+1*p4	4	1.00	AVX
VMOVAPS	XMM, M128	1	1	1*p23		0.50	AVX
VMOVAPS	XMM, XMM	1	0		0	0.25	AVX
VMOVAPS	XMM, XMM	1	0		0	0.27	AVX
VMOVD	M32, XMM	1	2	1*p237+1*p4	4	1.00	AVX
VMOVD	XMM, M32	1	1	1*p23		0.50	AVX
VMOVDDUP	XMM, M64	1	1	1*p23		0.50	AVX
VMOVDDUP	YMM, M256	1	1	1*p23		0.50	AVX
VMOVDQA	M128, XMM	1	2	1*p237+1*p4	4	1.00	AVX
VMOVDQA	XMM, M128	1	1	1*p23		0.50	AVX
VMOVDQA	XMM, XMM	1	0		0	0.25	AVX
VMOVDQU	M128, XMM	1	2	1*p237+1*p4	4	1.00	AVX
VMOVDQU	XMM, M128	1	1	1*p23		0.50	AVX
VMOVDQU	XMM, XMM	1	0		0	0.25	AVX
VMOVHLPS	XMM, XMM, XMM	1	1	1*p5	1	1.00	AVX
VMOVHPD	XMM, XMM, M64	1	2	1*p23+1*p5	1	1.00	AVX
VMOVHPS	XMM, XMM, M64	1	2	1*p23+1*p5	1	1.00	AVX
VMOVLPD	M64, XMM	1	2	1*p237+1*p4	4	1.00	AVX
VMOVLPS	M64, XMM	1	2	1*p237+1*p4	4	1.00	AVX
VMOVMSKPD	R32, XMM	1	1	1*p0	3	1.00	AVX
VMOVMSKPS	R32, XMM	1	1	1*p0	3	1.00	AVX
VMOVNTDQ	M128, XMM	1	2	1*p237+1*p4	372	1.02	AVX
VMOVNTDQA	XMM, M128	2	2	1*p015+1*p23		1.00	AVX
VMOVNTPD	M256, YMM	1	2	1*p237+1*p4	365	1.02	AVX
VMOVNTPS	M256, YMM	1	2	1*p237+1*p4	365	1.02	AVX
VMOVQ	R64, XMM	1	1	1*p0	3	1.00	AVX
VMOVQ	XMM, R64	1	1	1*p5	3	1.00	AVX
VMOVQ	XMM, XMM	1	1	1*p015	1	0.33	AVX
VMOVSD	XMM, M64	1	1	1*p23		0.50	AVX
VMOVSD	XMM, XMM, XMM	1	1	1*p015	1	0.33	AVX
VMOVSHDUP	XMM, XMM	1	1	1*p5	1	1.00	AVX
VMOVSHDUP	YMM, YMM	1	1	1*p5	1	1.00	AVX
VMOVSLDUP	XMM, XMM	1	1	1*p5	1	1.00	AVX
VMOVSLDUP	YMM, YMM	1	1	1*p5	1	1.00	AVX
VMOVSS	XMM, M32	1	1	1*p23		0.50	AVX
VMOVSS	XMM, XMM, XMM	1	1	1*p015	1	0.33	AVX
VMOVUPD	M256, YMM	1	2	1*p237+1*p4	4	1.00	AVX
VMOVUPD	YMM, M256	1	1	1*p23		0.50	AVX
VMOVUPD	YMM, YMM	1	0		0	0.25	AVX
VMOVUPD	YMM, YMM	1	0		0	0.27	AVX
VMOVUPS	M256, YMM	1	2	1*p237+1*p4	4	1.00	AVX
VMOVUPS	YMM, M256	1	1	1*p23		0.50	AVX
VMOVUPS	YMM, YMM	1	0		0	0.25	AVX
VMOVUPS	YMM, YMM	1	0		0	0.27	AVX
VMPSADBW	XMM, XMM, XMM, I8	2	2	2*p5	4	2.00	AVX
VMULPD	XMM, XMM, XMM	1	1	1*p01	4	0.50	AVX
VMULPD	YMM, YMM, YMM	1	1	1*p01	4	0.50	AVX
VMULPS	XMM, XMM, XMM	1	1	1*p01	4	0.50	AVX
VMULPS	YMM, YMM, YMM	1	1	1*p01	4	0.50	AVX
VMULSD	XMM, XMM, XMM	1	1	1*p01	4	0.50	AVX
VMULSS	XMM, XMM, XMM	1	1	1*p01	4	0.50	AVX
VORPD	XMM, XMM, XMM	1	1	1*p015	1	0.33	AVX
VORPD	YMM, YMM, YMM	1	1	1*p015	1	0.33	AVX
VORPS	XMM, XMM, XMM	1	1	1*p015	1	0.33	AVX
VORPS	YMM, YMM, YMM	1	1	1*p015	1	0.33	AVX
VPABSB	XMM, XMM	1	1	1*p01	1	0.50	AVX
VPABSD	XMM, XMM	1	1	1*p01	1	0.50	AVX
VPABSW	XMM, XMM	1	1	1*p01	1	0.50	AVX
VPACKSSDW	XMM, XMM, XMM	1	1	1*p5	1	1.00	AVX
VPACKSSWB	XMM, XMM, XMM	1	1	1*p5	1	1.00	AVX
VPACKUSDW	XMM, XMM, XMM	1	1	1*p5	1	1.00	AVX
VPACKUSWB	XMM, XMM, XMM	1	1	1*p5	1	1.00	AVX
VPADDB	XMM, XMM, XMM	1	1	1*p015	1	0.33	AVX
VPADDD	XMM, XMM, XMM	1	1	1*p015	1	0.33	AVX
VPADDQ	XMM, XMM, XMM	1	1	1*p015	1	0.33	AVX
VPADDSB	XMM, XMM, XMM	1	1	1*p01	1	0.50	AVX
VPADDSW	XMM, XMM, XMM	1	1	1*p01	1	0.50	AVX
VPADDUSB	XMM, XMM, XMM	1	1	1*p01	1	0.50	AVX
VPADDUSW	XMM, XMM, XMM	1	1	1*p01	1	0.50	AVX
VPADDW	XMM, XMM, XMM	1	1	1*p015	1	0.33	AVX
VPALIGNR	XMM, XMM, XMM, I8	1	1	1*p5	1	1.00	AVX
VPAND	XMM, XMM, XMM	1	1	1*p015	1	0.33	AVX
VPANDN	XMM, XMM, XMM	1	1	1*p015	1	0.33	AVX
VPAVGB	XMM, XMM, XMM	1	1	1*p01	1	0.50	AVX
VPAVGW	XMM, XMM, XMM	1	1	1*p01	1	0.50	AVX
VPBLENDVB	XMM, XMM, XMM, XMM	2	2	2*p015	2	1.00	AVX
VPBLENDW	XMM, XMM, XMM, I8	1	1	1*p5	1	1.00	AVX
VPCLMULQDQ	XMM, XMM, XMM, I8	1	1	1*p5	7	1.00	AVX
VPCMPEQB	XMM, XMM, XMM	1	1	1*p01	1	0.50	AVX
VPCMPEQD	XMM, XMM, XMM	1	1	1*p01	1	0.50	AVX
VPCMPEQQ	XMM, XMM, XMM	1	1	1*p01	1	0.50	AVX
VPCMPEQW	XMM, XMM, XMM	1	1	1*p01	1	0.50	AVX
VPCMPESTRI	XMM, XMM, I8	8	8	3*p0+2*p015+1*p06+1*p1+1*p5	16	4.00	AVX
VPCMPESTRI64	XMM, XMM, I8	8	8	3*p0+2*p015+1*p06+1*p1+1*p5	16	4.00	AVX
VPCMPESTRM	XMM, XMM, I8	9	9	3*p0+3*p015+1*p06+1*p1+1*p5	16	5.00	AVX
VPCMPESTRM64	XMM, XMM, I8	9	9	3*p0+3*p015+1*p06+1*p1+1*p5	16	5.00	AVX
VPCMPGTB	XMM, XMM, XMM	1	1	1*p01	1	0.50	AVX
VPCMPGTD	XMM, XMM, XMM	1	1	1*p01	1	0.50	AVX
VPCMPGTQ	XMM, XMM, XMM	1	1	1*p5	3	1.00	AVX
VPCMPGTW	XMM, XMM, XMM	1	1	1*p01	1	0.50	AVX
VPCMPISTRI	XMM, XMM, I8	3	3	3*p0	11	3.00	AVX
VPCMPISTRM	XMM, XMM, I8	3	3	3*p0	11	3.00	AVX
VPERM2F128	YMM, YMM, YMM, I8	1	1	1*p5	3	1.00	AVX
VPERMILPD	XMM, XMM, I8	1	1	1*p5	1	1.00	AVX
VPERMILPD	XMM, XMM, XMM	1	1	1*p5	1	1.00	AVX
VPERMILPD	YMM, YMM, I8	1	1	1*p5	1	1.00	AVX
VPERMILPD	YMM, YMM, YMM	1	1	1*p5	1	1.00	AVX
VPERMILPS	XMM, XMM, I8	1	1	1*p5	1	1.00	AVX
VPERMILPS	XMM, XMM, XMM	1	1	1*p5	1	1.00	AVX
VPERMILPS	YMM, YMM, I8	1	1	1*p5	1	1.00	AVX
VPERMILPS	YMM, YMM, YMM	1	1	1*p5	1	1.00	AVX
VPEXTRB	R32, XMM, I8	2	2	1*p0+1*p5	4	1.00	AVX
VPEXTRD	R32, XMM, I8	2	2	1*p0+1*p5	4	1.00	AVX
VPEXTRQ	R64, XMM, I8	2	2	1*p0+1*p5	4	1.00	AVX
VPEXTRW	R32, XMM, I8	2	2	1*p0+1*p5	4	1.00	AVX
VPHADDD	XMM, XMM, XMM	3	3	1*p015+2*p5	3	2.00	AVX
VPHADDSW	XMM, XMM, XMM	3	3	1*p01+2*p5	3	2.00	AVX
VPHADDW	XMM, XMM, XMM	3	3	1*p015+2*p5	3	2.00	AVX
VPHMINPOSUW	XMM, XMM	1	1	1*p0	4	1.00	AVX
VPHSUBD	XMM, XMM, XMM	3	3	1*p015+2*p5	3	2.00	AVX
VPHSUBSW	XMM, XMM, XMM	3	3	1*p01+2*p5	3	2.00	AVX
VPHSUBW	XMM, XMM, XMM	3	3	1*p015+2*p5	3	2.00	AVX
VPINSRB	XMM, XMM, R32, I8	2	2	2*p5	4	2.00	AVX
VPINSRD	XMM, XMM, R32, I8	2	2	2*p5	4	2.00	AVX
VPINSRQ	XMM, XMM, R64, I8	2	2	2*p5	4	2.00	AVX
VPINSRW	XMM, XMM, R32, I8	2	2	2*p5	4	2.00	AVX
VPMADDUBSW	XMM, XMM, XMM	1	1	1*p01	5	0.50	AVX
VPMADDWD	XMM, XMM, XMM	1	1	1*p01	5	0.50	AVX
VPMAXSB	XMM, XMM, XMM	1	1	1*p01	1	0.50	AVX
VPMAXSD	XMM, XMM, XMM	1	1	1*p01	1	0.50	AVX
VPMAXSW	XMM, XMM, XMM	1	1	1*p01	1	0.50	AVX
VPMAXUB	XMM, XMM, XMM	1	1	1*p01	1	0.50	AVX
VPMAXUD	XMM, XMM, XMM	1	1	1*p01	1	0.50	AVX
VPMAXUW	XMM, XMM, XMM	1	1	1*p01	1	0.50	AVX
VPMINSB	XMM, XMM, XMM	1	1	1*p01	1	0.50	AVX
VPMINSD	XMM, XMM, XMM	1	1	1*p01	1	0.50	AVX
VPMINSW	XMM, XMM, XMM	1	1	1*p01	1	0.50	AVX
VPMINUB	XMM, XMM, XMM	1	1	1*p01	1	0.50	AVX
VPMINUD	XMM, XMM, XMM	1	1	1*p01	1	0.50	AVX
VPMINUW	XMM, XMM, XMM	1	1	1*p01	1	0.50	AVX
VPMOVSXBD	XMM, M32	1	2	1*p23+1*p5		1.00	AVX
VPMOVSXBQ	XMM, M16	1	2	1*p23+1*p5		1.00	AVX
VPMOVSXBW	XMM, M64	1	2	1*p23+1*p5		1.00	AVX
VPMOVSXDQ	XMM, M64	1	2	1*p23+1*p5		1.00	AVX
VPMOVSXWD	XMM, M64	1	2	1*p23+1*p5		1.00	AVX
VPMOVSXWQ	XMM, M32	1	2	1*p23+1*p5		1.00	AVX
VPMOVZXBD	XMM, M32	1	2	1*p23+1*p5		1.00	AVX
VPMOVZXBQ	XMM, M16	1	2	1*p23+1*p5		1.00	AVX
VPMOVZXBW	XMM, M64	1	2	1*p23+1*p5		1.00	AVX
VPMOVZXDQ	XMM, M64	1	2	1*p23+1*p5		1.00	AVX
VPMOVZXWD	XMM, M64	1	2	1*p23+1*p5		1.00	AVX
VPMOVZXWQ	XMM, M32	1	2	1*p23+1*p5		1.00	AVX
VPMULDQ	XMM, XMM, M128	1	2	1*p01+1*p23	5	0.52	AVX
VPMULHRSW	XMM, XMM, M128	1	2	1*p01+1*p23	5	0.53	AVX
VPMULHUW	XMM, XMM, M128	1	2	1*p01+1*p23	5	0.52	AVX
VPMULHW	XMM, XMM, M128	1	2	1*p01+1*p23	5	0.52	AVX
VPMULLD	XMM, XMM, M128	3	3	2*p01+1*p23	10	1.00	AVX
VPMULLW	XMM, XMM, M128	1	2	1*p01+1*p23	5	0.53	AVX
VPMULUDQ	XMM, XMM, M128	1	2	1*p01+1*p23	5	0.53	AVX
VPOR	XMM, XMM, M128	1	2	1*p015+1*p23	1	0.50	AVX
VPSADBW	XMM, XMM, M128	1	2	1*p23+1*p5	3	1.00	AVX
VPSHUFB	XMM, XMM, M128	2	2	1*p23+1*p5	1	1.00	AVX
VPSHUFD	XMM, M128, I8	2	2	1*p23+1*p5		1.00	AVX
VPSHUFHW	XMM, M128, I8	2	2	1*p23+1*p5		1.00	AVX
VPSHUFLW	XMM, M128, I8	2	2	1*p23+1*p5		1.00	AVX
VPSIGNB	XMM, XMM, M128	1	2	1*p01+1*p23	1	0.50	AVX
VPSIGND	XMM, XMM, M128	1	2	1*p01+1*p23	1	0.50	AVX
VPSIGNW	XMM, XMM, M128	1	2	1*p01+1*p23	1	0.50	AVX
VPSLLD	XMM, XMM, I8	1	1	1*p01	1	0.50	AVX
VPSLLD	XMM, XMM, XMM	2	2	1*p01+1*p5	2	1.00	AVX
VPSLLQ	XMM, XMM, I8	1	1	1*p01	1	0.50	AVX
VPSLLQ	XMM, XMM, XMM	2	2	1*p01+1*p5	2	1.00	AVX
VPSLLW	XMM, XMM, M128	2	2	1*p01+1*p23	1	1.00	AVX
VPSRAD	XMM, XMM, I8	1	1	1*p01	1	0.50	AVX
VPSRAD	XMM, XMM, XMM	2	2	1*p01+1*p5	2	1.00	AVX
VPSRAW	XMM, XMM, M128	2	2	1*p01+1*p23	1	1.00	AVX
VPSRLD	XMM, XMM, I8	1	1	1*p01	1	0.50	AVX
VPSRLD	XMM, XMM, XMM	2	2	1*p01+1*p5	2	1.00	AVX
VPSRLQ	XMM, XMM, I8	1	1	1*p01	1	0.50	AVX
VPSRLQ	XMM, XMM, XMM	2	2	1*p01+1*p5	2	1.00	AVX
VPSRLW	XMM, XMM, M128	2	2	1*p01+1*p23	1	1.00	AVX
VPSUBB	XMM, XMM, M128	1	2	1*p015+1*p23	1	0.50	AVX
VPSUBD	XMM, XMM, M128	1	2	1*p015+1*p23	1	0.50	AVX
VPSUBQ	XMM, XMM, M128	1	2	1*p015+1*p23	1	0.50	AVX
VPSUBSB	XMM, XMM, M128	1	2	1*p01+1*p23	1	0.50	AVX
VPSUBSW	XMM, XMM, M128	1	2	1*p01+1*p23	1	0.50	AVX
VPSUBUSB	XMM, XMM, M128	1	2	1*p01+1*p23	1	0.50	AVX
VPSUBUSW	XMM, XMM, M128	1	2	1*p01+1*p23	1	0.50	AVX
VPSUBW	XMM, XMM, M128	1	2	1*p015+1*p23	1	0.50	AVX
VPTEST	XMM, M128	2	3	1*p0+1*p23+1*p5	4	1.00	AVX
VPTEST	YMM, M256	2	3	1*p0+1*p23+1*p5	6	1.00	AVX
VPUNPCKHBW	XMM, XMM, M128	1	2	1*p23+1*p5	1	1.00	AVX
VPUNPCKHDQ	XMM, XMM, M128	1	2	1*p23+1*p5	1	1.00	AVX
VPUNPCKHQDQ	XMM, XMM, M128	1	2	1*p23+1*p5	1	1.00	AVX
VPUNPCKHWD	XMM, XMM, M128	1	2	1*p23+1*p5	1	1.00	AVX
VPUNPCKLBW	XMM, XMM, M128	1	2	1*p23+1*p5	1	1.00	AVX
VPUNPCKLDQ	XMM, XMM, M128	1	2	1*p23+1*p5	1	1.00	AVX
VPUNPCKLQDQ	XMM, XMM, M128	1	2	1*p23+1*p5	1	1.00	AVX
VPUNPCKLWD	XMM, XMM, M128	1	2	1*p23+1*p5	1	1.00	AVX
VPXOR	XMM, XMM, M128	1	2	1*p015+1*p23	1	0.50	AVX
VRCPPS	XMM, M128	1	2	1*p0+1*p23		1.00	AVX
VRCPPS	YMM, M256	1	2	1*p0+1*p23		1.00	AVX
VRCPSS	XMM, XMM, M32	1	2	1*p0+1*p23	4	1.00	AVX
VROUNDPD	XMM, M128, I8	3	3	2*p01+1*p23		1.00	AVX
VROUNDPD	YMM, M256, I8	3	3	2*p01+1*p23		1.00	AVX
VROUNDPS	XMM, M128, I8	3	3	2*p01+1*p23		1.00	AVX
VROUNDPS	YMM, M256, I8	3	3	2*p01+1*p23		1.00	AVX
VROUNDSD	XMM, XMM, M64, I8	3	3	2*p01+1*p23	8	1.00	AVX
VROUNDSS	XMM, XMM, M32, I8	3	3	2*p01+1*p23	8	1.00	AVX
VRSQRTPS	XMM, M128	1	2	1*p0+1*p23		1.00	AVX
VRSQRTPS	YMM, M256	1	2	1*p0+1*p23		1.00	AVX
VRSQRTSS	XMM, XMM, M32	1	2	1*p0+1*p23		1.00	AVX
VSHUFPD	XMM, XMM, M128, I8	2	2	1*p23+1*p5	1	1.00	AVX
VSHUFPD	YMM, YMM, M256, I8	2	2	1*p23+1*p5	1	1.00	AVX
VSHUFPS	XMM, XMM, M128, I8	2	2	1*p23+1*p5	1	1.00	AVX
VSHUFPS	YMM, YMM, M256, I8	2	2	1*p23+1*p5	1	1.00	AVX
VSQRTPD	XMM, M128	1	2	1*p0+1*p23		4.50	AVX
VSQRTPD	YMM, M256	1	2	1*p0+1*p23		9.00	AVX
VSQRTPS	XMM, M128	1	2	1*p0+1*p23		3.00	AVX
VSQRTPS	YMM, M256	1	2	1*p0+1*p23		6.00	AVX
VSQRTSD	XMM, XMM, M64	1	2	1*p0+1*p23		4.50	AVX
VSQRTSS	XMM, XMM, M32	1	2	1*p0+1*p23		3.00	AVX
VSTMXCSR	M32	3	4	1*p0+1*p06+1*p237+1*p4		1.00	AVX
VSUBPD	XMM, XMM, XMM	1	1	1*p01	4	0.50	AVX
VSUBPD	YMM, YMM, YMM	1	1	1*p01	4	0.50	AVX
VSUBPS	XMM, XMM, XMM	1	1	1*p01	4	0.50	AVX
VSUBPS	YMM, YMM, YMM	1	1	1*p01	4	0.50	AVX
VSUBSD	XMM, XMM, XMM	1	1	1*p01	4	0.50	AVX
VSUBSS	XMM, XMM, XMM	1	1	1*p01	4	0.50	AVX
VTESTPD	XMM, XMM	1	1	1*p0	3	1.00	AVX
VTESTPD	YMM, YMM	1	1	1*p0	5	1.00	AVX
VTESTPS	XMM, XMM	1	1	1*p0	3	1.00	AVX
VTESTPS	YMM, YMM	1	1	1*p0	5	1.00	AVX
VUCOMISD	XMM, XMM	1	1	1*p0	3	1.00	AVX
VUCOMISS	XMM, XMM	1	1	1*p0	3	1.00	AVX
VUNPCKHPD	XMM, XMM, XMM	1	1	1*p5	1	1.00	AVX
VUNPCKHPD	YMM, YMM, YMM	1	1	1*p5	1	1.00	AVX
VUNPCKHPS	XMM, XMM, XMM	1	1	1*p5	1	1.00	AVX
VUNPCKHPS	YMM, YMM, YMM	1	1	1*p5	1	1.00	AVX
VUNPCKLPD	XMM, XMM, XMM	1	1	1*p5	1	1.00	AVX
VUNPCKLPD	YMM, YMM, YMM	1	1	1*p5	1	1.00	AVX
VUNPCKLPS	XMM, XMM, XMM	1	1	1*p5	1	1.00	AVX
VUNPCKLPS	YMM, YMM, YMM	1	1	1*p5	1	1.00	AVX
VXORPD	XMM, XMM, XMM	1	1	1*p015	1	0.33	AVX
VXORPD	YMM, YMM, YMM	1	1	1*p015	1	0.33	AVX
VXORPS	XMM, XMM, XMM	1	1	1*p015	1	0.33	AVX
VXORPS	YMM, YMM, YMM	1	1	1*p015	1	0.33	AVX
VZEROUPPER		4	0			1.00	AVX
VBROADCASTI128	YMM, M128	1	1	1*p23		0.50	AVX2
VBROADCASTSS	XMM, XMM	1	1	1*p5	1	1.00	AVX2
VEXTRACTI128	M128, YMM, I8	2	2	1*p23+1*p4	4	1.00	AVX2
VINSERTI128	YMM, YMM, M128, I8	2	2	1*p015+1*p23	1	1.00	AVX2
VMOVNTDQA	YMM, M256	2	2	1*p015+1*p23		1.00	AVX2
VMPSADBW	YMM, YMM, YMM, I8	2	2	2*p5	4	2.00	AVX2
VPABSB	YMM, YMM	1	1	1*p01	1	0.50	AVX2
VPABSD	YMM, YMM	1	1	1*p01	1	0.50	AVX2
VPABSW	YMM, YMM	1	1	1*p01	1	0.50	AVX2
VPACKSSDW	YMM, YMM, YMM	1	1	1*p5	1	1.00	AVX2
VPACKSSWB	YMM, YMM, YMM	1	1	1*p5	1	1.00	AVX2
VPACKUSDW	YMM, YMM, YMM	1	1	1*p5	1	1.00	AVX2
VPACKUSWB	YMM, YMM, YMM	1	1	1*p5	1	1.00	AVX2
VPADDB	YMM, YMM, YMM	1	1	1*p015	1	0.33	AVX2
VPADDD	YMM, YMM, YMM	1	1	1*p015	1	0.33	AVX2
VPADDQ	YMM, YMM, YMM	1	1	1*p015	1	0.33	AVX2
VPADDSB	YMM, YMM, YMM	1	1	1*p01	1	0.50	AVX2
VPADDSW	YMM, YMM, YMM	1	1	1*p01	1	0.50	AVX2
VPADDUSB	YMM, YMM, YMM	1	1	1*p01	1	0.50	AVX2
VPADDUSW	YMM, YMM, YMM	1	1	1*p01	1	0.50	AVX2
VPADDW	YMM, YMM, YMM	1	1	1*p015	1	0.33	AVX2
VPALIGNR	YMM, YMM, YMM, I8	1	1	1*p5	1	1.00	AVX2
VPAND	YMM, YMM, YMM	1	1	1*p015	1	0.33	AVX2
VPANDN	YMM, YMM, YMM	1	1	1*p015	1	0.33	AVX2
VPAVGB	YMM, YMM, YMM	1	1	1*p01	1	0.50	AVX2
VPAVGW	YMM, YMM, YMM	1	1	1*p01	1	0.50	AVX2
VPBLENDD	XMM, XMM, XMM, I8	1	1	1*p015	1	0.38	AVX2
VPBLENDD	YMM, YMM, YMM, I8	1	1	1*p015	1	0.38	AVX2
VPBLENDVB	YMM, YMM, YMM, YMM	2	2	2*p015	2	1.00	AVX2
VPBLENDW	YMM, YMM, YMM, I8	1	1	1*p5	1	1.00	AVX2
VPBROADCASTB	XMM, XMM	1	1	1*p5	1	1.00	AVX2
VPBROADCASTB	YMM, XMM	1	1	1*p5	3	1.00	AVX2
VPBROADCASTD	XMM, XMM	1	1	1*p5	1	1.00	AVX2
VPBROADCASTD	YMM, XMM	1	1	1*p5	3	1.00	AVX2
VPBROADCASTQ	XMM, XMM	1	1	1*p5	1	1.00	AVX2
VPBROADCASTQ	YMM, XMM	1	1	1*p5	3	1.00	AVX2
VPBROADCASTW	XMM, XMM	1	1	1*p5	1	1.00	AVX2
VPBROADCASTW	YMM, XMM	1	1	1*p5	3	1.00	AVX2
VPCMPEQB	YMM, YMM, YMM	1	1	1*p01	1	0.50	AVX2
VPCMPEQD	YMM, YMM, YMM	1	1	1*p01	1	0.50	AVX2
VPCMPEQQ	YMM, YMM, YMM	1	1	1*p01	1	0.50	AVX2
VPCMPEQW	YMM, YMM, YMM	1	1	1*p01	1	0.50	AVX2
VPCMPGTB	YMM, YMM, YMM	1	1	1*p01	1	0.50	AVX2
VPCMPGTD	YMM, YMM, YMM	1	1	1*p01	1	0.50	AVX2
VPCMPGTQ	YMM, YMM, YMM	1	1	1*p5	3	1.00	AVX2
VPCMPGTW	YMM, YMM, YMM	1	1	1*p01	1	0.50	AVX2
VPERM2I128	YMM, YMM, YMM, I8	1	1	1*p5	3	1.00	AVX2
VPERMD	YMM, YMM, YMM	1	1	1*p5	3	1.00	AVX2
VPERMPD	YMM, YMM, I8	1	1	1*p5	3	1.00	AVX2
VPERMPS	YMM, YMM, YMM	1	1	1*p5	3	1.00	AVX2
VPERMQ	YMM, YMM, I8	1	1	1*p5	3	1.00	AVX2
VPHADDD	YMM, YMM, YMM	3	3	1*p015+2*p5	3	2.00	AVX2
VPHADDSW	YMM, YMM, YMM	3	3	1*p01+2*p5	3	2.00	AVX2
VPHADDW	YMM, YMM, YMM	3	3	1*p015+2*p5	3	2.00	AVX2
VPHSUBD	YMM, YMM, YMM	3	3	1*p015+2*p5	3	2.00	AVX2
VPHSUBSW	YMM, YMM, YMM	3	3	1*p01+2*p5	3	2.00	AVX2
VPHSUBW	YMM, YMM, YMM	3	3	1*p015+2*p5	3	2.00	AVX2
VPMADDUBSW	YMM, YMM, YMM	1	1	1*p01	5	0.50	AVX2
VPMADDWD	YMM, YMM, YMM	1	1	1*p01	5	0.50	AVX2
VPMASKMOVD	M256, YMM, YMM	3	3	1*p0+1*p23+1*p4	14	1.00	AVX2
VPMASKMOVD	YMM, YMM, M256	2	2	1*p015+1*p23	1	1.00	AVX2
VPMASKMOVQ	M256, YMM, YMM	3	3	1*p0+1*p23+1*p4	14	1.00	AVX2
VPMASKMOVQ	YMM, YMM, M256	2	2	1*p015+1*p23	1	1.00	AVX2
VPMAXSB	YMM, YMM, YMM	1	1	1*p01	1	0.50	AVX2
VPMAXSD	YMM, YMM, YMM	1	1	1*p01	1	0.50	AVX2
VPMAXSW	YMM, YMM, YMM	1	1	1*p01	1	0.50	AVX2
VPMAXUB	YMM, YMM, YMM	1	1	1*p01	1	0.50	AVX2
VPMAXUD	YMM, YMM, YMM	1	1	1*p01	1	0.50	AVX2
VPMAXUW	YMM, YMM, YMM	1	1	1*p01	1	0.50	AVX2
VPMINSB	YMM, YMM, YMM	1	1	1*p01	1	0.50	AVX2
VPMINSD	YMM, YMM, YMM	1	1	1*p01	1	0.50	AVX2
VPMINSW	YMM, YMM, YMM	1	1	1*p01	1	0.50	AVX2
VPMINUB	YMM, YMM, YMM	1	1	1*p01	1	0.50	AVX2
VPMINUD	YMM, YMM, YMM	1	1	1*p01	1	0.50	AVX2
VPMINUW	YMM, YMM, YMM	1	1	1*p01	1	0.50	AVX2
VPMOVSXBD	YMM, M64	2	2	1*p23+1*p5		1.00	AVX2
VPMOVSXBQ	YMM, M32	2	2	1*p23+1*p5		1.00	AVX2
VPMOVSXBW	YMM, M128	2	2	1*p23+1*p5		1.00	AVX2
VPMOVSXDQ	YMM, M128	2	2	1*p23+1*p5		1.00	AVX2
VPMOVSXWD	YMM, M128	2	2	1*p23+1*p5		1.00	AVX2
VPMOVSXWQ	YMM, M64	2	2	1*p23+1*p5		1.00	AVX2
VPMOVZXBD	YMM, M64	2	2	1*p23+1*p5		1.00	AVX2
VPMOVZXBQ	YMM, M32	2	2	1*p23+1*p5		1.00	AVX2
VPMOVZXBW	YMM, M128	2	2	1*p23+1*p5		1.00	AVX2
VPMOVZXDQ	YMM, M128	2	2	1*p23+1*p5		1.00	AVX2
VPMOVZXWD	YMM, M128	2	2	1*p23+1*p5		1.00	AVX2
VPMOVZXWQ	YMM, M64	2	2	1*p23+1*p5		1.00	AVX2
VPMULDQ	YMM, YMM, M256	1	2	1*p01+1*p23	5	0.52	AVX2
VPMULHRSW	YMM, YMM, M256	1	2	1*p01+1*p23	5	0.53	AVX2
VPMULHUW	YMM, YMM, M256	1	2	1*p01+1*p23	5	0.52	AVX2
VPMULHW	YMM, YMM, M256	1	2	1*p01+1*p23	5	0.52	AVX2
VPMULLD	YMM, YMM, M256	3	3	2*p01+1*p23	10	1.00	AVX2
VPMULLW	YMM, YMM, M256	1	2	1*p01+1*p23	5	0.53	AVX2
VPMULUDQ	YMM, YMM, M256	1	2	1*p01+1*p23	5	0.53	AVX2
VPOR	YMM, YMM, M256	1	2	1*p015+1*p23	1	0.50	AVX2
VPSADBW	YMM, YMM, M256	1	2	1*p23+1*p5	3	1.00	AVX2
VPSHUFB	YMM, YMM, M256	2	2	1*p23+1*p5	1	1.00	AVX2
VPSHUFD	YMM, M256, I8	2	2	1*p23+1*p5		1.00	AVX2
VPSHUFHW	YMM, M256, I8	2	2	1*p23+1*p5		1.00	AVX2
VPSHUFLW	YMM, M256, I8	2	2	1*p23+1*p5		1.00	AVX2
VPSIGNB	YMM, YMM, M256	1	2	1*p01+1*p23	1	0.50	AVX2
VPSIGND	YMM, YMM, M256	1	2	1*p01+1*p23	1	0.50	AVX2
VPSIGNW	YMM, YMM, M256	1	2	1*p01+1*p23	1	0.50	AVX2
VPSLLD	YMM, YMM, I8	1	1	1*p01	1	0.50	AVX2
VPSLLD	YMM, YMM, XMM	2	2	1*p01+1*p5	4	1.00	AVX2
VPSLLQ	YMM, YMM, I8	1	1	1*p01	1	0.50	AVX2
VPSLLQ	YMM, YMM, XMM	2	2	1*p01+1*p5	4	1.00	AVX2
VPSLLVD	XMM, XMM, XMM	1	1	1*p01	1	0.50	AVX2
VPSLLVD	YMM, YMM, YMM	1	1	1*p01	1	0.50	AVX2
VPSLLVQ	XMM, XMM, XMM	1	1	1*p01	1	0.50	AVX2
VPSLLVQ	YMM, YMM, YMM	1	1	1*p01	1	0.50	AVX2
VPSLLW	YMM, YMM, M128	2	2	1*p01+1*p23	1	1.00	AVX2
VPSRAD	YMM, YMM, I8	1	1	1*p01	1	0.50	AVX2
VPSRAD	YMM, YMM, XMM	2	2	1*p01+1*p5	4	1.00	AVX2
VPSRAVD	XMM, XMM, XMM	1	1	1*p01	1	0.50	AVX2
VPSRAVD	YMM, YMM, YMM	1	1	1*p01	1	0.50	AVX2
VPSRAW	YMM, YMM, M128	2	2	1*p01+1*p23	1	1.00	AVX2
VPSRLD	YMM, YMM, I8	1	1	1*p01	1	0.50	AVX2
VPSRLD	YMM, YMM, XMM	2	2	1*p01+1*p5	4	1.00	AVX2
VPSRLQ	YMM, YMM, I8	1	1	1*p01	1	0.50	AVX2
VPSRLQ	YMM, YMM, XMM	2	2	1*p01+1*p5	4	1.00	AVX2
VPSRLVD	XMM, XMM, XMM	1	1	1*p01	1	0.50	AVX2
VPSRLVD	YMM, YMM, YMM	1	1	1*p01	1	0.50	AVX2
VPSRLVQ	XMM, XMM, XMM	1	1	1*p01	1	0.50	AVX2
VPSRLVQ	YMM, YMM, YMM	1	1	1*p01	1	0.50	AVX2
VPSRLW	YMM, YMM, M128	2	2	1*p01+1*p23	1	1.00	AVX2
VPSUBB	YMM, YMM, M256	1	2	1*p015+1*p23	1	0.50	AVX2
VPSUBD	YMM, YMM, M256	1	2	1*p015+1*p23	1	0.50	AVX2
VPSUBQ	YMM, YMM, M256	1	2	1*p015+1*p23	1	0.50	AVX2
VPSUBSB	YMM, YMM, M256	1	2	1*p01+1*p23	1	0.50	AVX2
VPSUBSW	YMM, YMM, M256	1	2	1*p01+1*p23	1	0.50	AVX2
VPSUBUSB	YMM, YMM, M256	1	2	1*p01+1*p23	1	0.50	AVX2
VPSUBUSW	YMM, YMM, M256	1	2	1*p01+1*p23	1	0.50	AVX2
VPSUBW	YMM, YMM, M256	1	2	1*p015+1*p23	1	0.50	AVX2
VPUNPCKHBW	YMM, YMM, M256	1	2	1*p23+1*p5	1	1.00	AVX2
VPUNPCKHDQ	YMM, YMM, M256	1	2	1*p23+1*p5	1	1.00	AVX2
VPUNPCKHQDQ	YMM, YMM, M256	1	2	1*p23+1*p5	1	1.00	AVX2
VPUNPCKHWD	YMM, YMM, M256	1	2	1*p23+1*p5	1	1.00	AVX2
VPUNPCKLBW	YMM, YMM, M256	1	2	1*p23+1*p5	1	1.00	AVX2
VPUNPCKLDQ	YMM, YMM, M256	1	2	1*p23+1*p5	1	1.00	AVX2
VPUNPCKLQDQ	YMM, YMM, M256	1	2	1*p23+1*p5	1	1.00	AVX2
VPUNPCKLWD	YMM, YMM, M256	1	2	1*p23+1*p5	1	1.00	AVX2
VPXOR	YMM, YMM, M256	1	2	1*p015+1*p23	1	0.50	AVX2
VGATHERDPD	XMM, VSIB_XMM, XMM	4	5	1*p0+1*p015+2*p23+1*p5	18	2.00	AVX2GATHER
VGATHERDPS	XMM, VSIB_XMM, XMM	4	5	1*p0+1*p015+4*p23+1*p5	20	3.00	AVX2GATHER
VGATHERQPD	XMM, VSIB_XMM, XMM	4	5	1*p0+1*p015+2*p23+1*p5	18	2.00	AVX2GATHER
VGATHERQPS	XMM, VSIB_XMM, XMM	4	5	1*p0+1*p015+2*p23+1*p5	18	2.00	AVX2GATHER
VPGATHERDD	XMM, VSIB_XMM, XMM	4	5	1*p0+1*p015+4*p23+1*p5	20	3.00	AVX2GATHER
VPGATHERDQ	XMM, VSIB_XMM, XMM	4	5	1*p0+1*p015+2*p23+1*p5	18	2.00	AVX2GATHER
VPGATHERQD	XMM, VSIB_XMM, XMM	4	5	1*p0+1*p015+2*p23+1*p5	18	2.00	AVX2GATHER
VPGATHERQQ	XMM, VSIB_XMM, XMM	4	5	1*p0+1*p015+2*p23+1*p5	18	2.00	AVX2GATHER
VADDPD	XMM, K, XMM, M64_1to2	1	2	1*p01+1*p23	4	0.54	AVX512F_128
VADDPD	YMM, K, YMM, M256	1	2	1*p01+1*p23	4	0.53	AVX512F_256
VADDPD	YMM, K, YMM, YMM	1	1	1*p01	4	0.50	AVX512F_256
VADDPD	ZMM, K, ZMM, M64_1to8	1	2	1*p0+1*p23	4	1.00	AVX512F_512
VADDPD	ZMM, ZMM, M512	1	2	1*p0+1*p23	4	1.00	AVX512F_512
VADDPD	ZMM, ZMM, ZMM	1	1	1*p0	4	1.00	AVX512F_512
VADDPD	XMM, XMM, M128	1	2	1*p01+1*p23	4	0.53	AVX512F_128
VADDPD	XMM, XMM, XMM	1	1	1*p01	4	0.50	AVX512F_128
VADDPD	YMM, YMM, M64_1to4	1	2	1*p01+1*p23	4	0.53	AVX512F_256
VADDPD	XMM, K, XMM, M128	1	2	1*p01+1*p23	4	0.53	AVX512F_128
VADDPD	XMM, K, XMM, XMM	1	1	1*p01	4	0.50	AVX512F_128
VADDPD	YMM, K, YMM, M64_1to4	1	2	1*p01+1*p23	4	0.53	AVX512F_256
VADDPD	ZMM, K, ZMM, M512	1	2	1*p0+1*p23	4	1.00	AVX512F_512
VADDPD	ZMM, K, ZMM, ZMM	1	1	1*p0	4	1.00	AVX512F_512
VADDPS	XMM, K, XMM, M32_1to4	1	2	1*p01+1*p23	4	0.53	AVX512F_128
VADDPS	YMM, K, YMM, M256	1	2	1*p01+1*p23	4	0.53	AVX512F_256
VADDPS	YMM, K, YMM, YMM	1	1	1*p01	4	0.50	AVX512F_256
VADDPS	ZMM, K, ZMM, M512	1	2	1*p0+1*p23	4	1.00	AVX512F_512
VADDPS	ZMM, ZMM, M32_1to16	1	2	1*p0+1*p23	4	1.00	AVX512F_512
VADDPS	ZMM, ZMM, ZMM	1	1	1*p0	4	1.00	AVX512F_512
VADDPS	XMM, XMM, M128	1	2	1*p01+1*p23	4	0.53	AVX512F_128
VADDPS	XMM, XMM, XMM	1	1	1*p01	4	0.50	AVX512F_128
VADDPS	YMM, YMM, M32_1to8	1	2	1*p01+1*p23	4	0.53	AVX512F_256
VADDPS	XMM, K, XMM, M128	1	2	1*p01+1*p23	4	0.53	AVX512F_128
VADDPS	XMM, K, XMM, XMM	1	1	1*p01	4	0.50	AVX512F_128
VADDPS	YMM, K, YMM, M32_1to8	1	2	1*p01+1*p23	4	0.53	AVX512F_256
VADDPS	ZMM, K, ZMM, M32_1to16	1	2	1*p0+1*p23	4	1.00	AVX512F_512
VADDPS	ZMM, K, ZMM, ZMM	1	1	1*p0	4	1.00	AVX512F_512
VADDSD	XMM, K, XMM, XMM	1	1	1*p01	4	0.50	AVX512F_SCALAR
VADDSD	XMM, XMM, XMM	1	1	1*p01	4	0.50	AVX512F_SCALAR
VADDSD	XMM, K, XMM, M64	1	2	1*p01+1*p23	4	0.53	AVX512F_SCALAR
VADDSS	XMM, K, XMM, XMM	1	1	1*p01	4	0.50	AVX512F_SCALAR
VADDSS	XMM, XMM, XMM	1	1	1*p01	4	0.50	AVX512F_SCALAR
VADDSS	XMM, K, XMM, M32	1	2	1*p01+1*p23	4	0.53	AVX512F_SCALAR
VALIGND	XMM, K, XMM, M128, I8	2	2	1*p23+1*p5	1	1.00	AVX512F_128
VALIGND	XMM, K, XMM, XMM, I8	1	1	1*p5	1	1.00	AVX512F_128
VALIGND	XMM, XMM, M32_1to4, I8	2	2	1*p23+1*p5	1	1.00	AVX512F_128
VALIGND	YMM, K, YMM, M256, I8	2	2	1*p23+1*p5	3	1.00	AVX512F_256
VALIGND	YMM, K, YMM, YMM, I8	1	1	1*p5	3	1.00	AVX512F_256
VALIGND	YMM, YMM, M32_1to8, I8	2	2	1*p23+1*p5	3	1.00	AVX512F_256
VALIGND	ZMM, K, ZMM, M32_1to16, I8	2	2	1*p23+1*p5	3	1.00	AVX512F_512
VALIGND	ZMM, K, ZMM, ZMM, I8	1	1	1*p5	3	1.00	AVX512F_512
VALIGND	ZMM, ZMM, M512, I8	2	2	1*p23+1*p5	3	1.00	AVX512F_512
VALIGND	YMM, K, YMM, M32_1to8, I8	2	2	1*p23+1*p5	3	1.00	AVX512F_256
VALIGNQ	XMM, K, XMM, M64_1to2, I8	2	2	1*p23+1*p5	1	1.00	AVX512F_128
VALIGNQ	XMM, XMM, M128, I8	2	2	1*p23+1*p5	1	1.00	AVX512F_128
VALIGNQ	XMM, XMM, XMM, I8	1	1	1*p5	1	1.00	AVX512F_128
VALIGNQ	YMM, K, YMM, M64_1to4, I8	2	2	1*p23+1*p5	3	1.00	AVX512F_256
VALIGNQ	YMM, YMM, M256, I8	2	2	1*p23+1*p5	3	1.00	AVX512F_256
VALIGNQ	YMM, YMM, YMM, I8	1	1	1*p5	3	1.00	AVX512F_256
VALIGNQ	ZMM, K, ZMM, M64_1to8, I8	2	2	1*p23+1*p5	3	1.00	AVX512F_512
VALIGNQ	ZMM, ZMM, M512, I8	2	2	1*p23+1*p5	3	1.00	AVX512F_512
VALIGNQ	ZMM, ZMM, ZMM, I8	1	1	1*p5	3	1.00	AVX512F_512
VALIGNQ	YMM, K, YMM, M256, I8	2	2	1*p23+1*p5	3	1.00	AVX512F_256
VALIGNQ	YMM, K, YMM, YMM, I8	1	1	1*p5	3	1.00	AVX512F_256
VANDNPD	XMM, K, XMM, M128	1	2	1*p015+1*p23	1	0.50	AVX512DQ_128
VANDNPD	XMM, K, XMM, XMM	1	1	1*p015	1	0.38	AVX512DQ_128
VANDNPD	YMM, K, YMM, M64_1to4	1	2	1*p015+1*p23	1	0.50	AVX512DQ_256
VANDNPD	ZMM, K, ZMM, M512	1	2	1*p05+1*p23	1	0.50	AVX512DQ_512
VANDNPD	ZMM, K, ZMM, ZMM	1	1	1*p05	1	0.50	AVX512DQ_512
VANDNPD	ZMM, ZMM, M64_1to8	1	2	1*p05+1*p23	1	0.50	AVX512DQ_512
VANDNPD	XMM, XMM, M128	1	2	1*p015+1*p23	1	0.50	AVX512DQ_128
VANDNPD	XMM, XMM, XMM	1	1	1*p015	1	0.38	AVX512DQ_128
VANDNPD	YMM, YMM, M64_1to4	1	2	1*p015+1*p23	1	0.50	AVX512DQ_256
VANDNPS	XMM, K, XMM, M32_1to4	1	2	1*p015+1*p23	1	0.50	AVX512DQ_128
VANDNPS	YMM, K, YMM, M256	1	2	1*p015+1*p23	1	0.50	AVX512DQ_256
VANDNPS	YMM, K, YMM, YMM	1	1	1*p015	1	0.38	AVX512DQ_256
VANDNPS	ZMM, K, ZMM, M512	1	2	1*p05+1*p23	1	0.50	AVX512DQ_512
VANDNPS	ZMM, ZMM, M32_1to16	1	2	1*p05+1*p23	1	0.50	AVX512DQ_512
VANDNPS	ZMM, ZMM, ZMM	1	1	1*p05	1	0.50	AVX512DQ_512
VANDNPS	XMM, XMM, M32_1to4	1	2	1*p015+1*p23	1	0.50	AVX512DQ_128
VANDNPS	YMM, YMM, M256	1	2	1*p015+1*p23	1	0.50	AVX512DQ_256
VANDNPS	YMM, YMM, YMM	1	1	1*p015	1	0.38	AVX512DQ_256
VANDPD	XMM, K, XMM, M128	1	2	1*p015+1*p23	1	0.50	AVX512DQ_128
VANDPD	XMM, K, XMM, XMM	1	1	1*p015	1	0.38	AVX512DQ_128
VANDPD	YMM, K, YMM, M64_1to4	1	2	1*p015+1*p23	1	0.50	AVX512DQ_256
VANDPD	ZMM, K, ZMM, M512	1	2	1*p05+1*p23	1	0.50	AVX512DQ_512
VANDPD	ZMM, K, ZMM, ZMM	1	1	1*p05	1	0.50	AVX512DQ_512
VANDPD	ZMM, ZMM, M64_1to8	1	2	1*p05+1*p23	1	0.50	AVX512DQ_512
VANDPD	XMM, XMM, M128	1	2	1*p015+1*p23	1	0.50	AVX512DQ_128
VANDPD	XMM, XMM, XMM	1	1	1*p015	1	0.38	AVX512DQ_128
VANDPD	YMM, YMM, M64_1to4	1	2	1*p015+1*p23	1	0.50	AVX512DQ_256
VANDPS	XMM, K, XMM, M32_1to4	1	2	1*p015+1*p23	1	0.50	AVX512DQ_128
VANDPS	YMM, K, YMM, M256	1	2	1*p015+1*p23	1	0.50	AVX512DQ_256
VANDPS	YMM, K, YMM, YMM	1	1	1*p015	1	0.38	AVX512DQ_256
VANDPS	ZMM, K, ZMM, M512	1	2	1*p05+1*p23	1	0.50	AVX512DQ_512
VANDPS	ZMM, ZMM, M32_1to16	1	2	1*p05+1*p23	1	0.50	AVX512DQ_512
VANDPS	ZMM, ZMM, ZMM	1	1	1*p05	1	0.50	AVX512DQ_512
VANDPS	XMM, XMM, M32_1to4	1	2	1*p015+1*p23	1	0.50	AVX512DQ_128
VANDPS	YMM, YMM, M256	1	2	1*p015+1*p23	1	0.50	AVX512DQ_256
VANDPS	YMM, YMM, YMM	1	1	1*p015	1	0.38	AVX512DQ_256
VBLENDMPD	XMM, K, XMM, M128	1	2	1*p015+1*p23	1	0.50	AVX512F_128
VBLENDMPD	XMM, K, XMM, XMM	1	1	1*p015	1	0.38	AVX512F_128
VBLENDMPD	XMM, XMM, M64_1to2	1	2	1*p015+1*p23	1	0.50	AVX512F_128
VBLENDMPD	YMM, K, YMM, M256	1	2	1*p015+1*p23	1	0.50	AVX512F_256
VBLENDMPD	YMM, K, YMM, YMM	1	1	1*p015	1	0.38	AVX512F_256
VBLENDMPD	YMM, YMM, M64_1to4	1	2	1*p015+1*p23	1	0.50	AVX512F_256
VBLENDMPD	ZMM, K, ZMM, M512	1	2	1*p05+1*p23	1	0.50	AVX512F_512
VBLENDMPD	ZMM, K, ZMM, ZMM	1	1	1*p05	1	0.50	AVX512F_512
VBLENDMPD	ZMM, ZMM, M64_1to8	1	2	1*p05+1*p23	1	0.50	AVX512F_512
VBLENDMPD	YMM, K, YMM, M64_1to4	1	2	1*p015+1*p23	1	0.50	AVX512F_256
VBLENDMPS	XMM, K, XMM, M32_1to4	1	2	1*p015+1*p23	1	0.50	AVX512F_128
VBLENDMPS	XMM, XMM, M128	1	2	1*p015+1*p23	1	0.50	AVX512F_128
VBLENDMPS	XMM, XMM, XMM	1	1	1*p015	1	0.38	AVX512F_128
VBLENDMPS	YMM, K, YMM, M32_1to8	1	2	1*p015+1*p23	1	0.50	AVX512F_256
VBLENDMPS	YMM, YMM, M256	1	2	1*p015+1*p23	1	0.50	AVX512F_256
VBLENDMPS	YMM, YMM, YMM	1	1	1*p015	1	0.38	AVX512F_256
VBLENDMPS	ZMM, K, ZMM, M512	1	2	1*p05+1*p23	1	0.50	AVX512F_512
VBLENDMPS	ZMM, ZMM, M32_1to16	1	2	1*p05+1*p23	1	0.50	AVX512F_512
VBLENDMPS	ZMM, ZMM, ZMM	1	1	1*p05	1	0.50	AVX512F_512
VBLENDMPS	YMM, K, YMM, M256	1	2	1*p015+1*p23	1	0.50	AVX512F_256
VBLENDMPS	YMM, K, YMM, YMM	1	1	1*p015	1	0.38	AVX512F_256
VBROADCASTF32X2	YMM, K, M64	1	2	1*p015+1*p23	1	0.50	AVX512DQ_256
VBROADCASTF32X2	YMM, M64	1	1	1*p23		0.50	AVX512DQ_256
VBROADCASTF32X2	ZMM, K, M64	1	2	1*p05+1*p23	1	0.50	AVX512DQ_512
VBROADCASTF32X2	ZMM, M64	1	1	1*p23		0.50	AVX512DQ_512
VBROADCASTF32X4	YMM, K, M128	1	2	1*p015+1*p23	1	0.50	AVX512F_256
VBROADCASTF32X4	ZMM, K, M128	1	2	1*p05+1*p23	1	0.50	AVX512F_512
VBROADCASTF32X8	ZMM, K, M256	1	2	1*p05+1*p23	1	0.50	AVX512DQ_512
VBROADCASTF64X2	YMM, M128	1	1	1*p23		0.50	AVX512DQ_256
VBROADCASTF64X2	ZMM, M128	1	1	1*p23		0.50	AVX512DQ_512
VBROADCASTF64X2	ZMM, K, M128	1	2	1*p05+1*p23	1	0.50	AVX512DQ_512
VBROADCASTF64X4	ZMM, M256	1	1	1*p23		0.50	AVX512F_512
VBROADCASTI32X2	XMM, K, M64	1	2	1*p015+1*p23	1	0.50	AVX512DQ_128
VBROADCASTI32X2	XMM, M64	1	1	1*p23		0.50	AVX512DQ_128
VBROADCASTI32X2	YMM, K, M64	1	2	1*p015+1*p23	1	0.50	AVX512DQ_256
VBROADCASTI32X2	YMM, M64	1	1	1*p23		0.50	AVX512DQ_256
VBROADCASTI32X2	ZMM, K, M64	1	2	1*p05+1*p23	1	0.50	AVX512DQ_512
VBROADCASTI32X2	ZMM, M64	1	1	1*p23		0.50	AVX512DQ_512
VBROADCASTI32X4	YMM, K, M128	1	2	1*p015+1*p23	1	0.50	AVX512F_256
VBROADCASTI32X4	ZMM, K, M128	1	2	1*p05+1*p23	1	0.50	AVX512F_512
VBROADCASTI32X8	ZMM, K, M256	1	2	1*p05+1*p23	1	0.50	AVX512DQ_512
VBROADCASTI64X2	YMM, M128	1	1	1*p23		0.50	AVX512DQ_256
VBROADCASTI64X2	ZMM, M128	1	1	1*p23		0.50	AVX512DQ_512
VBROADCASTI64X2	ZMM, K, M128	1	2	1*p05+1*p23	1	0.50	AVX512DQ_512
VBROADCASTI64X4	ZMM, M256	1	1	1*p23		0.50	AVX512F_512
VBROADCASTSD	YMM, K, M64	1	2	1*p015+1*p23	1	0.50	AVX512F_256
VBROADCASTSD	ZMM, K, M64	1	2	1*p05+1*p23	1	0.50	AVX512F_512
VBROADCASTSD	ZMM, M64	1	1	1*p23		0.50	AVX512F_512
VBROADCASTSD	YMM, M64	1	1	1*p23		0.50	AVX512F_256
VBROADCASTSS	XMM, K, M32	1	2	1*p015+1*p23	1	0.50	AVX512F_128
VBROADCASTSS	YMM, K, M32	1	2	1*p015+1*p23	1	0.50	AVX512F_256
VBROADCASTSS	ZMM, K, M32	1	2	1*p05+1*p23	1	0.50	AVX512F_512
VBROADCASTSS	ZMM, M32	1	1	1*p23		0.50	AVX512F_512
VBROADCASTSS	XMM, M32	1	1	1*p23		0.50	AVX512F_128
VBROADCASTSS	YMM, M32	1	1	1*p23		0.50	AVX512F_256
VCMPPD	K, K, XMM, M128, I8	2	2	1*p23+1*p5	3	1.00	AVX512F_128
VCMPPD	K, K, XMM, XMM, I8	1	1	1*p5	3	1.00	AVX512F_128
VCMPPD	K, K, YMM, M64_1to4, I8	2	2	1*p23+1*p5	3	1.00	AVX512F_256
VCMPPD	K, K, ZMM, M512, I8	2	2	1*p23+1*p5	3	1.00	AVX512F_512
VCMPPD	K, K, ZMM, ZMM, I8	1	1	1*p5	3	1.00	AVX512F_512
VCMPPD	K, ZMM, M64_1to8, I8	2	2	1*p23+1*p5	3	1.00	AVX512F_512
VCMPPD	K, XMM, M128, I8	2	2	1*p23+1*p5	3	1.00	AVX512F_128
VCMPPD	K, XMM, XMM, I8	1	1	1*p5	3	1.00	AVX512F_128
VCMPPD	K, YMM, M64_1to4, I8	2	2	1*p23+1*p5	3	1.00	AVX512F_256
VCMPPS	K, K, XMM, M128, I8	2	2	1*p23+1*p5	3	1.00	AVX512F_128
VCMPPS	K, K, XMM, XMM, I8	1	1	1*p5	3	1.00	AVX512F_128
VCMPPS	K, K, YMM, M32_1to8, I8	2	2	1*p23+1*p5	3	1.00	AVX512F_256
VCMPPS	K, K, ZMM, M32_1to16, I8	2	2	1*p23+1*p5	3	1.00	AVX512F_512
VCMPPS	K, K, ZMM, ZMM, I8	1	1	1*p5	3	1.00	AVX512F_512
VCMPPS	K, ZMM, M512, I8	2	2	1*p23+1*p5	3	1.00	AVX512F_512
VCMPPS	K, XMM, M128, I8	2	2	1*p23+1*p5	3	1.00	AVX512F_128
VCMPPS	K, XMM, XMM, I8	1	1	1*p5	3	1.00	AVX512F_128
VCMPPS	K, YMM, M32_1to8, I8	2	2	1*p23+1*p5	3	1.00	AVX512F_256
VCMPSD	K, K, XMM, M64, I8	2	2	1*p23+1*p5	3	1.00	AVX512F_SCALAR
VCMPSD	K, XMM, M64, I8	2	2	1*p23+1*p5	3	1.00	AVX512F_SCALAR
VCMPSD	K, XMM, XMM, I8	1	1	1*p5	3	1.00	AVX512F_SCALAR
VCMPSS	K, K, XMM, M32, I8	2	2	1*p23+1*p5	3	1.00	AVX512F_SCALAR
VCMPSS	K, XMM, M32, I8	2	2	1*p23+1*p5	3	1.00	AVX512F_SCALAR
VCMPSS	K, XMM, XMM, I8	1	1	1*p5	3	1.00	AVX512F_SCALAR
VCOMISD	XMM, M64	2	2	1*p0+1*p23	3	1.00	AVX512F_SCALAR
VCOMISD	XMM, XMM	1	1	1*p0	3	1.00	AVX512F_SCALAR
VCOMISS	XMM, M32	2	2	1*p0+1*p23	3	1.00	AVX512F_SCALAR
VCOMISS	XMM, XMM	1	1	1*p0	3	1.00	AVX512F_SCALAR
VCOMPRESSPD	M128, XMM	3	4	1*p237+1*p4+2*p5	8	2.00	AVX512F_128
VCOMPRESSPD	M256, YMM	3	4	1*p237+1*p4+2*p5	8	2.00	AVX512F_256
VCOMPRESSPD	M512, ZMM	3	4	1*p237+1*p4+2*p5	8	2.00	AVX512F_512
VCOMPRESSPD	XMM, XMM	2	2	2*p5	3	2.00	AVX512F_128
VCOMPRESSPD	YMM, YMM	2	2	2*p5	3	2.00	AVX512F_256
VCOMPRESSPD	ZMM, ZMM	2	2	2*p5	3	2.00	AVX512F_512
VCOMPRESSPD	YMM, K, YMM	2	2	2*p5	6	2.00	AVX512F_256
VCOMPRESSPS	M128, K, XMM	3	4	1*p237+1*p4+2*p5	8	2.00	AVX512F_128
VCOMPRESSPS	M256, K, YMM	3	4	1*p237+1*p4+2*p5	8	2.00	AVX512F_256
VCOMPRESSPS	M512, K, ZMM	3	4	1*p237+1*p4+2*p5	8	2.00	AVX512F_512
VCOMPRESSPS	XMM, K, XMM	2	2	2*p5	6	2.00	AVX512F_128
VCOMPRESSPS	YMM, K, YMM	2	2	2*p5	6	2.00	AVX512F_256
VCOMPRESSPS	ZMM, K, ZMM	2	2	2*p5	6	2.00	AVX512F_512
VCVTDQ2PD	XMM, K, M32_1to2	1	2	1*p01+1*p23	4	0.53	AVX512F_128
VCVTDQ2PD	XMM, K, XMM	2	2	1*p01+1*p5	5	1.00	AVX512F_128
VCVTDQ2PD	YMM, K, M32_1to4	1	2	1*p01+1*p23	4	0.53	AVX512F_256
VCVTDQ2PD	ZMM, K, M256	1	2	1*p0+1*p23	4	1.00	AVX512F_512
VCVTDQ2PD	ZMM, K, YMM	2	2	1*p0+1*p5	7	1.00	AVX512F_512
VCVTDQ2PD	ZMM, M32_1to8	1	2	1*p0+1*p23		1.00	AVX512F_512
VCVTDQ2PD	XMM, M32_1to2	1	2	1*p01+1*p23		0.54	AVX512F_128
VCVTDQ2PD	XMM, XMM	2	2	1*p01+1*p5	5	1.00	AVX512F_128
VCVTDQ2PD	YMM, M32_1to4	1	2	1*p01+1*p23		0.54	AVX512F_256
VCVTDQ2PS	XMM, K, M32_1to4	1	2	1*p01+1*p23	4	0.53	AVX512F_128
VCVTDQ2PS	YMM, K, M256	1	2	1*p01+1*p23	4	0.53	AVX512F_256
VCVTDQ2PS	YMM, K, YMM	1	1	1*p01	4	0.50	AVX512F_256
VCVTDQ2PS	ZMM, K, M512	1	2	1*p0+1*p23	4	1.00	AVX512F_512
VCVTDQ2PS	ZMM, M32_1to16	1	2	1*p0+1*p23		1.00	AVX512F_512
VCVTDQ2PS	ZMM, ZMM	1	1	1*p0	4	1.00	AVX512F_512
VCVTDQ2PS	XMM, M128	1	2	1*p01+1*p23		0.53	AVX512F_128
VCVTDQ2PS	XMM, XMM	1	1	1*p01	4	0.50	AVX512F_128
VCVTDQ2PS	YMM, M32_1to8	1	2	1*p01+1*p23		0.54	AVX512F_256
VCVTDQ2PS	XMM, K, M128	1	2	1*p01+1*p23	4	0.53	AVX512F_128
VCVTDQ2PS	XMM, K, XMM	1	1	1*p01	4	0.50	AVX512F_128
VCVTDQ2PS	YMM, K, M32_1to8	1	2	1*p01+1*p23	4	0.53	AVX512F_256
VCVTDQ2PS	ZMM, K, M32_1to16	1	2	1*p0+1*p23	4	1.00	AVX512F_512
VCVTDQ2PS	ZMM, K, ZMM	1	1	1*p0	4	1.00	AVX512F_512
VCVTPD2DQ	XMM, K, M256	2	3	1*p01+1*p23+1*p5	7	1.00	AVX512F_256
VCVTPD2DQ	XMM, K, M64_1to4	2	3	1*p01+1*p23+1*p5	7	1.00	AVX512F_256
VCVTPD2DQ	XMM, K, YMM	2	2	1*p01+1*p5	7	1.00	AVX512F_256
VCVTPD2DQ	YMM, K, M64_1to8	2	3	1*p0+1*p23+1*p5	7	1.00	AVX512F_512
VCVTPD2DQ	YMM, ZMM	2	2	1*p0+1*p5	7	1.00	AVX512F_512
VCVTPD2DQ	XMM, M128	2	3	1*p01+1*p23+1*p5		1.00	AVX512F_128
VCVTPD2DQ	XMM, M64_1to2	2	3	1*p01+1*p23+1*p5		1.00	AVX512F_128
VCVTPD2DQ	XMM, XMM	2	2	1*p01+1*p5	5	1.00	AVX512F_128
VCVTPD2DQ	YMM, M512	2	3	1*p0+1*p23+1*p5		1.00	AVX512F_512
VCVTPD2DQ	XMM, K, M128	2	3	1*p01+1*p23+1*p5	5	1.00	AVX512F_128
VCVTPD2DQ	XMM, K, M64_1to2	2	3	1*p01+1*p23+1*p5	5	1.00	AVX512F_128
VCVTPD2DQ	XMM, K, XMM	2	2	1*p01+1*p5	5	1.00	AVX512F_128
VCVTPD2DQ	YMM, K, M512	2	3	1*p0+1*p23+1*p5	7	1.00	AVX512F_512
VCVTPD2DQ	YMM, K, ZMM	2	2	1*p0+1*p5	7	1.00	AVX512F_512
VCVTPD2PS	XMM, K, M256	2	3	1*p01+1*p23+1*p5	7	1.00	AVX512F_256
VCVTPD2PS	XMM, K, M64_1to4	2	3	1*p01+1*p23+1*p5	7	1.00	AVX512F_256
VCVTPD2PS	XMM, K, YMM	2	2	1*p01+1*p5	7	1.00	AVX512F_256
VCVTPD2PS	YMM, K, M64_1to8	2	3	1*p0+1*p23+1*p5	7	1.00	AVX512F_512
VCVTPD2PS	YMM, ZMM	2	2	1*p0+1*p5	7	1.00	AVX512F_512
VCVTPD2PS	XMM, M128	2	3	1*p01+1*p23+1*p5		1.00	AVX512F_128
VCVTPD2PS	XMM, M64_1to2	2	3	1*p01+1*p23+1*p5		1.00	AVX512F_128
VCVTPD2PS	XMM, XMM	2	2	1*p01+1*p5	5	1.00	AVX512F_128
VCVTPD2PS	YMM, M512	2	3	1*p0+1*p23+1*p5		1.00	AVX512F_512
VCVTPD2PS	XMM, K, M128	2	3	1*p01+1*p23+1*p5	5	1.00	AVX512F_128
VCVTPD2PS	XMM, K, M64_1to2	2	3	1*p01+1*p23+1*p5	5	1.00	AVX512F_128
VCVTPD2PS	XMM, K, XMM	2	2	1*p01+1*p5	5	1.00	AVX512F_128
VCVTPD2PS	YMM, K, M512	2	3	1*p0+1*p23+1*p5	7	1.00	AVX512F_512
VCVTPD2PS	YMM, K, ZMM	2	2	1*p0+1*p5	7	1.00	AVX512F_512
VCVTPD2QQ	XMM, K, M64_1to2	1	2	1*p01+1*p23	4	0.53	AVX512DQ_128
VCVTPD2QQ	XMM, M128	1	2	1*p01+1*p23		0.53	AVX512DQ_128
VCVTPD2QQ	XMM, XMM	1	1	1*p01	4	0.50	AVX512DQ_128
VCVTPD2QQ	YMM, K, M64_1to4	1	2	1*p01+1*p23	4	0.54	AVX512DQ_256
VCVTPD2QQ	YMM, M256	1	2	1*p01+1*p23		0.53	AVX512DQ_256
VCVTPD2QQ	YMM, YMM	1	1	1*p01	4	0.50	AVX512DQ_256
VCVTPD2QQ	ZMM, K, M64_1to8	1	2	1*p0+1*p23	4	1.00	AVX512DQ_512
VCVTPD2QQ	ZMM, M512	1	2	1*p0+1*p23		1.00	AVX512DQ_512
VCVTPD2QQ	ZMM, ZMM	1	1	1*p0	4	1.00	AVX512DQ_512
VCVTPD2QQ	XMM, K, M128	1	2	1*p01+1*p23	4	0.53	AVX512DQ_128
VCVTPD2QQ	XMM, K, XMM	1	1	1*p01	4	0.50	AVX512DQ_128
VCVTPD2QQ	YMM, K, M64_1to4	1	2	1*p01+1*p23	4	0.52	AVX512DQ_256
VCVTPD2QQ	ZMM, K, M512	1	2	1*p0+1*p23	4	1.00	AVX512DQ_512
VCVTPD2QQ	ZMM, K, ZMM	1	1	1*p0	4	1.00	AVX512DQ_512
VCVTPD2UDQ	XMM, K, M256	2	3	1*p01+1*p23+1*p5	7	1.00	AVX512F_256
VCVTPD2UDQ	XMM, K, M64_1to4	2	3	1*p01+1*p23+1*p5	7	1.00	AVX512F_256
VCVTPD2UDQ	XMM, K, YMM	2	2	1*p01+1*p5	7	1.00	AVX512F_256
VCVTPD2UDQ	XMM, M256	2	3	1*p01+1*p23+1*p5		1.00	AVX512F_256
VCVTPD2UDQ	XMM, M64_1to4	2	3	1*p01+1*p23+1*p5		1.00	AVX512F_256
VCVTPD2UDQ	XMM, YMM	2	2	1*p01+1*p5	7	1.00	AVX512F_256
VCVTPD2UDQ	YMM, K, M64_1to8	2	3	1*p0+1*p23+1*p5	7	1.00	AVX512F_512
VCVTPD2UDQ	YMM, M512	2	3	1*p0+1*p23+1*p5		1.00	AVX512F_512
VCVTPD2UDQ	YMM, ZMM	2	2	1*p0+1*p5	7	1.00	AVX512F_512
VCVTPD2UDQ	XMM, K, M128	2	3	1*p01+1*p23+1*p5	5	1.00	AVX512F_128
VCVTPD2UDQ	XMM, K, M64_1to2	2	3	1*p01+1*p23+1*p5	5	1.00	AVX512F_128
VCVTPD2UDQ	XMM, K, XMM	2	2	1*p01+1*p5	5	1.00	AVX512F_128
VCVTPD2UDQ	YMM, K, M512	2	3	1*p0+1*p23+1*p5	7	1.00	AVX512F_512
VCVTPD2UDQ	YMM, K, ZMM	2	2	1*p0+1*p5	7	1.00	AVX512F_512
VCVTPD2UQQ	XMM, K, M64_1to2	1	2	1*p01+1*p23	4	0.53	AVX512DQ_128
VCVTPD2UQQ	XMM, M128	1	2	1*p01+1*p23		0.52	AVX512DQ_128
VCVTPD2UQQ	XMM, XMM	1	1	1*p01	4	0.50	AVX512DQ_128
VCVTPD2UQQ	YMM, K, M64_1to4	1	2	1*p01+1*p23	4	0.53	AVX512DQ_256
VCVTPD2UQQ	YMM, M256	1	2	1*p01+1*p23		0.53	AVX512DQ_256
VCVTPD2UQQ	YMM, YMM	1	1	1*p01	4	0.50	AVX512DQ_256
VCVTPD2UQQ	ZMM, K, M64_1to8	1	2	1*p0+1*p23	4	1.00	AVX512DQ_512
VCVTPD2UQQ	ZMM, M512	1	2	1*p0+1*p23		1.00	AVX512DQ_512
VCVTPD2UQQ	ZMM, ZMM	1	1	1*p0	4	1.00	AVX512DQ_512
VCVTPD2UQQ	XMM, K, M128	1	2	1*p01+1*p23	4	0.52	AVX512DQ_128
VCVTPD2UQQ	XMM, K, XMM	1	1	1*p01	4	0.50	AVX512DQ_128
VCVTPD2UQQ	YMM, K, M64_1to4	1	2	1*p01+1*p23	4	0.52	AVX512DQ_256
VCVTPD2UQQ	ZMM, K, M512	1	2	1*p0+1*p23	4	1.00	AVX512DQ_512
VCVTPD2UQQ	ZMM, K, ZMM	1	1	1*p0	4	1.00	AVX512DQ_512
VCVTPH2PS	XMM, K, XMM	2	2	1*p01+1*p5	5	1.00	AVX512F_128
VCVTPH2PS	YMM, K, XMM	2	2	1*p01+1*p5	7	1.00	AVX512F_256
VCVTPH2PS	ZMM, K, YMM	2	2	1*p0+1*p5	7	1.00	AVX512F_512
VCVTPH2PS	ZMM, YMM	2	2	1*p0+1*p5	7	1.00	AVX512F_512
VCVTPH2PS	XMM, XMM	2	2	1*p01+1*p5	5	1.00	AVX512F_128
VCVTPH2PS	YMM, XMM	2	2	1*p01+1*p5	7	1.00	AVX512F_256
VCVTPH2PS	XMM, K, M64	1	2	1*p01+1*p23	4	0.53	AVX512F_128
VCVTPH2PS	YMM, K, M128	1	2	1*p01+1*p23	4	0.52	AVX512F_256
VCVTPH2PS	ZMM, K, M256	1	2	1*p0+1*p23	4	1.00	AVX512F_512
VCVTPS2DQ	XMM, K, M128	1	2	1*p01+1*p23	4	0.54	AVX512F_128
VCVTPS2DQ	XMM, K, XMM	1	1	1*p01	4	0.50	AVX512F_128
VCVTPS2DQ	YMM, K, M32_1to8	1	2	1*p01+1*p23	4	0.53	AVX512F_256
VCVTPS2DQ	ZMM, K, M32_1to16	1	2	1*p0+1*p23	4	1.00	AVX512F_512
VCVTPS2DQ	ZMM, K, ZMM	1	1	1*p0	4	1.00	AVX512F_512
VCVTPS2DQ	ZMM, M512	1	2	1*p0+1*p23		1.00	AVX512F_512
VCVTPS2DQ	XMM, M32_1to4	1	2	1*p01+1*p23		0.52	AVX512F_128
VCVTPS2DQ	YMM, M256	1	2	1*p01+1*p23		0.53	AVX512F_256
VCVTPS2DQ	YMM, YMM	1	1	1*p01	4	0.50	AVX512F_256
VCVTPS2DQ	XMM, K, M32_1to4	1	2	1*p01+1*p23	4	0.52	AVX512F_128
VCVTPS2DQ	YMM, K, M256	1	2	1*p01+1*p23	4	0.53	AVX512F_256
VCVTPS2DQ	YMM, K, YMM	1	1	1*p01	4	0.50	AVX512F_256
VCVTPS2DQ	ZMM, K, M512	1	2	1*p0+1*p23	4	1.00	AVX512F_512
VCVTPS2PD	XMM, K, M32_1to2	1	2	1*p01+1*p23	4	0.53	AVX512F_128
VCVTPS2PD	XMM, K, XMM	2	2	1*p01+1*p5	5	1.00	AVX512F_128
VCVTPS2PD	YMM, K, M32_1to4	1	2	1*p01+1*p23	4	0.53	AVX512F_256
VCVTPS2PD	ZMM, K, M256	1	2	1*p0+1*p23	4	1.00	AVX512F_512
VCVTPS2PD	ZMM, K, YMM	2	2	1*p0+1*p5	7	1.00	AVX512F_512
VCVTPS2PD	ZMM, M32_1to8	1	2	1*p0+1*p23		1.00	AVX512F_512
VCVTPS2PD	XMM, M32_1to2	1	2	1*p01+1*p23		0.53	AVX512F_128
VCVTPS2PD	XMM, XMM	2	2	1*p01+1*p5	5	1.00	AVX512F_128
VCVTPS2PD	YMM, M32_1to4	1	2	1*p01+1*p23		0.53	AVX512F_256
VCVTPS2PD	XMM, K, M64	1	2	1*p01+1*p23	4	0.54	AVX512F_128
VCVTPS2PD	YMM, K, M128	1	2	1*p01+1*p23	4	0.53	AVX512F_256
VCVTPS2PD	YMM, K, XMM	2	2	1*p01+1*p5	7	1.00	AVX512F_256
VCVTPS2PD	ZMM, K, M32_1to8	1	2	1*p0+1*p23	4	1.00	AVX512F_512
VCVTPS2PH	M128, K, YMM, I8	3	3	1*p01+1*p23+1*p4	8	1.00	AVX512F_256
VCVTPS2PH	M256, ZMM, I8	3	3	1*p0+1*p23+1*p4	8	1.00	AVX512F_512
VCVTPS2PH	XMM, K, XMM, I8	2	2	1*p01+1*p5	7	1.00	AVX512F_128
VCVTPS2PH	YMM, K, ZMM, I8	2	2	1*p0+1*p5	9	1.00	AVX512F_512
VCVTPS2PH	M128, YMM, I8	3	3	1*p01+1*p23+1*p4	8	1.00	AVX512F_256
VCVTPS2PH	XMM, XMM, I8	2	2	1*p01+1*p5	5	1.00	AVX512F_128
VCVTPS2PH	XMM, K, YMM, I8	2	2	1*p01+1*p5	9	1.00	AVX512F_256
VCVTPS2QQ	XMM, K, M32_1to2	1	2	1*p01+1*p23	4	1.00	AVX512DQ_128
VCVTPS2QQ	XMM, K, XMM	2	2	1*p01+1*p5	5	1.00	AVX512DQ_128
VCVTPS2QQ	XMM, M64	1	2	1*p01+1*p23		1.00	AVX512DQ_128
VCVTPS2QQ	YMM, K, M128	1	2	1*p01+1*p23	4	1.00	AVX512DQ_256
VCVTPS2QQ	YMM, K, XMM	2	2	1*p01+1*p5	7	1.00	AVX512DQ_256
VCVTPS2QQ	YMM, M32_1to4	1	2	1*p01+1*p23		1.00	AVX512DQ_256
VCVTPS2QQ	ZMM, K, M256	2	3	1*p0+1*p23+1*p5	5	1.00	AVX512DQ_512
VCVTPS2QQ	ZMM, K, YMM	2	2	1*p0+1*p5	7	1.00	AVX512DQ_512
VCVTPS2QQ	ZMM, M32_1to8	2	3	1*p0+1*p23+1*p5		1.00	AVX512DQ_512
VCVTPS2QQ	XMM, K, M64	1	2	1*p01+1*p23	4	1.00	AVX512DQ_128
VCVTPS2QQ	ZMM, K, M32_1to8	2	3	1*p0+1*p23+1*p5	5	1.00	AVX512DQ_512
VCVTPS2UDQ	XMM, K, M128	1	2	1*p01+1*p23	4	0.54	AVX512F_128
VCVTPS2UDQ	XMM, K, XMM	1	1	1*p01	4	0.50	AVX512F_128
VCVTPS2UDQ	XMM, M32_1to4	1	2	1*p01+1*p23		0.53	AVX512F_128
VCVTPS2UDQ	YMM, K, M256	1	2	1*p01+1*p23	4	0.54	AVX512F_256
VCVTPS2UDQ	YMM, K, YMM	1	1	1*p01	4	0.50	AVX512F_256
VCVTPS2UDQ	YMM, M32_1to8	1	2	1*p01+1*p23		0.53	AVX512F_256
VCVTPS2UDQ	ZMM, K, M32_1to16	1	2	1*p0+1*p23	4	1.00	AVX512F_512
VCVTPS2UDQ	ZMM, K, ZMM	1	1	1*p0	4	1.00	AVX512F_512
VCVTPS2UDQ	ZMM, M512	1	2	1*p0+1*p23		1.00	AVX512F_512
VCVTPS2UDQ	XMM, K, M32_1to4	1	2	1*p01+1*p23	4	0.53	AVX512F_128
VCVTPS2UDQ	YMM, K, M256	1	2	1*p01+1*p23	4	0.53	AVX512F_256
VCVTPS2UDQ	ZMM, K, M512	1	2	1*p0+1*p23	4	1.00	AVX512F_512
VCVTPS2UQQ	XMM, K, M32_1to2	1	2	1*p01+1*p23	4	1.00	AVX512DQ_128
VCVTPS2UQQ	XMM, K, XMM	2	2	1*p01+1*p5	5	1.00	AVX512DQ_128
VCVTPS2UQQ	XMM, M64	1	2	1*p01+1*p23		1.00	AVX512DQ_128
VCVTPS2UQQ	YMM, K, M128	1	2	1*p01+1*p23	4	1.00	AVX512DQ_256
VCVTPS2UQQ	YMM, K, XMM	2	2	1*p01+1*p5	7	1.00	AVX512DQ_256
VCVTPS2UQQ	YMM, M32_1to4	1	2	1*p01+1*p23		1.00	AVX512DQ_256
VCVTPS2UQQ	ZMM, K, M256	2	3	1*p0+1*p23+1*p5	5	1.00	AVX512DQ_512
VCVTPS2UQQ	ZMM, K, YMM	2	2	1*p0+1*p5	7	1.00	AVX512DQ_512
VCVTPS2UQQ	ZMM, M32_1to8	2	3	1*p0+1*p23+1*p5		1.00	AVX512DQ_512
VCVTPS2UQQ	XMM, K, M64	1	2	1*p01+1*p23	4	1.00	AVX512DQ_128
VCVTPS2UQQ	ZMM, K, M32_1to8	2	3	1*p0+1*p23+1*p5	5	1.00	AVX512DQ_512
VCVTQQ2PD	XMM, K, M128	1	2	1*p01+1*p23	4	0.53	AVX512DQ_128
VCVTQQ2PD	XMM, K, XMM	1	1	1*p01	4	0.50	AVX512DQ_128
VCVTQQ2PD	XMM, M64_1to2	1	2	1*p01+1*p23		0.53	AVX512DQ_128
VCVTQQ2PD	YMM, K, M256	1	2	1*p01+1*p23	4	0.53	AVX512DQ_256
VCVTQQ2PD	YMM, K, YMM	1	1	1*p01	4	0.50	AVX512DQ_256
VCVTQQ2PD	YMM, M64_1to4	1	2	1*p01+1*p23		0.53	AVX512DQ_256
VCVTQQ2PD	ZMM, K, M512	1	2	1*p0+1*p23	4	1.00	AVX512DQ_512
VCVTQQ2PD	ZMM, K, ZMM	1	1	1*p0	4	1.00	AVX512DQ_512
VCVTQQ2PD	ZMM, M64_1to8	1	2	1*p0+1*p23		1.00	AVX512DQ_512
VCVTQQ2PD	XMM, K, M64_1to2	1	2	1*p01+1*p23	4	0.53	AVX512DQ_128
VCVTQQ2PD	YMM, K, M256	1	2	1*p01+1*p23	4	0.52	AVX512DQ_256
VCVTQQ2PD	ZMM, K, M64_1to8	1	2	1*p0+1*p23	4	1.00	AVX512DQ_512
VCVTQQ2PS	XMM, K, M128	2	3	1*p01+1*p23+1*p5	5	1.00	AVX512DQ_128
VCVTQQ2PS	XMM, K, M64_1to2	2	3	1*p01+1*p23+1*p5	5	1.00	AVX512DQ_128
VCVTQQ2PS	XMM, K, XMM	2	2	1*p01+1*p5	5	1.00	AVX512DQ_128
VCVTQQ2PS	XMM, M128	2	3	1*p01+1*p23+1*p5		1.00	AVX512DQ_128
VCVTQQ2PS	XMM, M64_1to2	2	3	1*p01+1*p23+1*p5		1.00	AVX512DQ_128
VCVTQQ2PS	XMM, XMM	2	2	1*p01+1*p5	5	1.00	AVX512DQ_128
VCVTQQ2PS	YMM, K, M512	2	3	1*p0+1*p23+1*p5	7	1.00	AVX512DQ_512
VCVTQQ2PS	YMM, K, ZMM	2	2	1*p0+1*p5	7	1.00	AVX512DQ_512
VCVTQQ2PS	YMM, M64_1to8	2	3	1*p0+1*p23+1*p5		1.00	AVX512DQ_512
VCVTQQ2PS	XMM, K, M256	2	3	1*p01+1*p23+1*p5	7	1.00	AVX512DQ_256
VCVTQQ2PS	XMM, K, M64_1to4	2	3	1*p01+1*p23+1*p5	7	1.00	AVX512DQ_256
VCVTQQ2PS	XMM, K, YMM	2	2	1*p01+1*p5	7	1.00	AVX512DQ_256
VCVTQQ2PS	YMM, K, M64_1to8	2	3	1*p0+1*p23+1*p5	7	1.00	AVX512DQ_512
VCVTSD2SI	R32, XMM	2	2	1*p0+1*p01	7	1.00	AVX512F_SCALAR
VCVTSD2SI	R64, XMM	2	2	1*p0+1*p01	7	1.00	AVX512F_SCALAR
VCVTSD2SS	XMM, K, XMM, XMM	2	2	1*p01+1*p5	5	1.00	AVX512F_SCALAR
VCVTSD2SS	XMM, XMM, XMM	2	2	1*p01+1*p5	5	1.00	AVX512F_SCALAR
VCVTSD2SS	XMM, K, XMM, M64	2	3	1*p01+1*p23+1*p5	5	1.00	AVX512F_SCALAR
VCVTSD2USI	R32, M64	2	3	1*p0+1*p01+1*p23		1.00	AVX512F_SCALAR
VCVTSD2USI	R64, M64	2	3	1*p0+1*p01+1*p23		1.00	AVX512F_SCALAR
VCVTSD2USI	R32, XMM	2	2	1*p0+1*p01	7	1.00	AVX512F_SCALAR
VCVTSI2SD	XMM, XMM, M32	1	2	1*p01+1*p23	4	0.53	AVX512F_SCALAR
VCVTSI2SD	XMM, XMM, R32	2	2	1*p01+1*p5	7	1.00	AVX512F_SCALAR
VCVTSI2SD	XMM, XMM, R64	2	2	1*p01+1*p5	7	1.00	AVX512F_SCALAR
VCVTSI2SS	XMM, XMM, M64	2	3	1*p01+1*p23+1*p5	1	1.00	AVX512F_SCALAR
VCVTSI2SS	XMM, XMM, R64	3	3	1*p01+2*p5	8	2.00	AVX512F_SCALAR
VCVTSS2SD	XMM, K, XMM, XMM	2	2	1*p01+1*p5	5	1.00	AVX512F_SCALAR
VCVTSS2SD	XMM, XMM, XMM	2	2	1*p01+1*p5	5	1.00	AVX512F_SCALAR
VCVTSS2SD	XMM, K, XMM, M32	1	2	1*p01+1*p23	4	0.53	AVX512F_SCALAR
VCVTSS2SI	R32, XMM	2	2	1*p0+1*p01	7	1.00	AVX512F_SCALAR
VCVTSS2SI	R64, XMM	3	3	1*p0+1*p01+1*p5	8	1.00	AVX512F_SCALAR
VCVTSS2USI	R32, XMM	2	2	1*p0+1*p01	7	1.00	AVX512F_SCALAR
VCVTSS2USI	R64, XMM	3	3	1*p0+1*p01+1*p5	8	1.00	AVX512F_SCALAR
VCVTTPD2DQ	XMM, K, M256	2	3	1*p01+1*p23+1*p5	7	1.00	AVX512F_256
VCVTTPD2DQ	XMM, K, M64_1to4	2	3	1*p01+1*p23+1*p5	7	1.00	AVX512F_256
VCVTTPD2DQ	XMM, K, YMM	2	2	1*p01+1*p5	7	1.00	AVX512F_256
VCVTTPD2DQ	YMM, K, M64_1to8	2	3	1*p0+1*p23+1*p5	7	1.00	AVX512F_512
VCVTTPD2DQ	YMM, ZMM	2	2	1*p0+1*p5	7	1.00	AVX512F_512
VCVTTPD2DQ	XMM, M256	2	3	1*p01+1*p23+1*p5		1.00	AVX512F_256
VCVTTPD2DQ	XMM, M64_1to4	2	3	1*p01+1*p23+1*p5		1.00	AVX512F_256
VCVTTPD2DQ	XMM, YMM	2	2	1*p01+1*p5	7	1.00	AVX512F_256
VCVTTPD2DQ	YMM, M64_1to8	2	3	1*p0+1*p23+1*p5		1.00	AVX512F_512
VCVTTPD2DQ	XMM, K, M128	2	3	1*p01+1*p23+1*p5	5	1.00	AVX512F_128
VCVTTPD2DQ	XMM, K, M64_1to2	2	3	1*p01+1*p23+1*p5	5	1.00	AVX512F_128
VCVTTPD2DQ	XMM, K, XMM	2	2	1*p01+1*p5	5	1.00	AVX512F_128
VCVTTPD2DQ	YMM, K, M512	2	3	1*p0+1*p23+1*p5	7	1.00	AVX512F_512
VCVTTPD2DQ	YMM, K, ZMM	2	2	1*p0+1*p5	7	1.00	AVX512F_512
VCVTTPD2QQ	XMM, K, M64_1to2	1	2	1*p01+1*p23	4	0.53	AVX512DQ_128
VCVTTPD2QQ	XMM, M128	1	2	1*p01+1*p23		0.52	AVX512DQ_128
VCVTTPD2QQ	XMM, XMM	1	1	1*p01	4	0.50	AVX512DQ_128
VCVTTPD2QQ	YMM, K, M64_1to4	1	2	1*p01+1*p23	4	0.54	AVX512DQ_256
VCVTTPD2QQ	YMM, M256	1	2	1*p01+1*p23		0.53	AVX512DQ_256
VCVTTPD2QQ	YMM, YMM	1	1	1*p01	4	0.50	AVX512DQ_256
VCVTTPD2QQ	ZMM, K, M64_1to8	1	2	1*p0+1*p23	4	1.00	AVX512DQ_512
VCVTTPD2QQ	ZMM, M512	1	2	1*p0+1*p23		1.00	AVX512DQ_512
VCVTTPD2QQ	ZMM, ZMM	1	1	1*p0	4	1.00	AVX512DQ_512
VCVTTPD2QQ	XMM, K, M128	1	2	1*p01+1*p23	4	0.52	AVX512DQ_128
VCVTTPD2QQ	XMM, K, XMM	1	1	1*p01	4	0.50	AVX512DQ_128
VCVTTPD2QQ	YMM, K, M64_1to4	1	2	1*p01+1*p23	4	0.53	AVX512DQ_256
VCVTTPD2QQ	ZMM, K, M512	1	2	1*p0+1*p23	4	1.00	AVX512DQ_512
VCVTTPD2QQ	ZMM, K, ZMM	1	1	1*p0	4	1.00	AVX512DQ_512
VCVTTPD2UDQ	XMM, K, M256	2	3	1*p01+1*p23+1*p5	7	1.00	AVX512F_256
VCVTTPD2UDQ	XMM, K, M64_1to4	2	3	1*p01+1*p23+1*p5	7	1.00	AVX512F_256
VCVTTPD2UDQ	XMM, K, YMM	2	2	1*p01+1*p5	7	1.00	AVX512F_256
VCVTTPD2UDQ	XMM, M256	2	3	1*p01+1*p23+1*p5		1.00	AVX512F_256
VCVTTPD2UDQ	XMM, M64_1to4	2	3	1*p01+1*p23+1*p5		1.00	AVX512F_256
VCVTTPD2UDQ	XMM, YMM	2	2	1*p01+1*p5	7	1.00	AVX512F_256
VCVTTPD2UDQ	YMM, K, M64_1to8	2	3	1*p0+1*p23+1*p5	7	1.00	AVX512F_512
VCVTTPD2UDQ	YMM, M512	2	3	1*p0+1*p23+1*p5		1.00	AVX512F_512
VCVTTPD2UDQ	YMM, ZMM	2	2	1*p0+1*p5	7	1.00	AVX512F_512
VCVTTPD2UDQ	XMM, K, M128	2	3	1*p01+1*p23+1*p5	5	1.00	AVX512F_128
VCVTTPD2UDQ	XMM, K, M64_1to2	2	3	1*p01+1*p23+1*p5	5	1.00	AVX512F_128
VCVTTPD2UDQ	XMM, K, XMM	2	2	1*p01+1*p5	5	1.00	AVX512F_128
VCVTTPD2UDQ	YMM, K, M512	2	3	1*p0+1*p23+1*p5	7	1.00	AVX512F_512
VCVTTPD2UDQ	YMM, K, ZMM	2	2	1*p0+1*p5	7	1.00	AVX512F_512
VCVTTPD2UQQ	XMM, K, M64_1to2	1	2	1*p01+1*p23	4	0.54	AVX512DQ_128
VCVTTPD2UQQ	XMM, M128	1	2	1*p01+1*p23		0.53	AVX512DQ_128
VCVTTPD2UQQ	XMM, XMM	1	1	1*p01	4	0.50	AVX512DQ_128
VCVTTPD2UQQ	YMM, K, M64_1to4	1	2	1*p01+1*p23	4	0.53	AVX512DQ_256
VCVTTPD2UQQ	YMM, M256	1	2	1*p01+1*p23		0.53	AVX512DQ_256
VCVTTPD2UQQ	YMM, YMM	1	1	1*p01	4	0.50	AVX512DQ_256
VCVTTPD2UQQ	ZMM, K, M64_1to8	1	2	1*p0+1*p23	4	1.00	AVX512DQ_512
VCVTTPD2UQQ	ZMM, M512	1	2	1*p0+1*p23		1.00	AVX512DQ_512
VCVTTPD2UQQ	ZMM, ZMM	1	1	1*p0	4	1.00	AVX512DQ_512
VCVTTPD2UQQ	XMM, K, M128	1	2	1*p01+1*p23	4	0.52	AVX512DQ_128
VCVTTPD2UQQ	XMM, K, XMM	1	1	1*p01	4	0.50	AVX512DQ_128
VCVTTPD2UQQ	YMM, K, M64_1to4	1	2	1*p01+1*p23	4	0.52	AVX512DQ_256
VCVTTPD2UQQ	ZMM, K, M512	1	2	1*p0+1*p23	4	1.00	AVX512DQ_512
VCVTTPD2UQQ	ZMM, K, ZMM	1	1	1*p0	4	1.00	AVX512DQ_512
VCVTTPS2DQ	XMM, K, M32_1to4	1	2	1*p01+1*p23	4	0.53	AVX512F_128
VCVTTPS2DQ	YMM, K, M256	1	2	1*p01+1*p23	4	0.53	AVX512F_256
VCVTTPS2DQ	YMM, K, YMM	1	1	1*p01	4	0.50	AVX512F_256
VCVTTPS2DQ	ZMM, K, M512	1	2	1*p0+1*p23	4	1.00	AVX512F_512
VCVTTPS2DQ	ZMM, M32_1to16	1	2	1*p0+1*p23		1.00	AVX512F_512
VCVTTPS2DQ	ZMM, ZMM	1	1	1*p0	4	1.00	AVX512F_512
VCVTTPS2DQ	XMM, M32_1to4	1	2	1*p01+1*p23		0.53	AVX512F_128
VCVTTPS2DQ	YMM, M256	1	2	1*p01+1*p23		0.53	AVX512F_256
VCVTTPS2DQ	YMM, YMM	1	1	1*p01	4	0.50	AVX512F_256
VCVTTPS2DQ	XMM, K, M128	1	2	1*p01+1*p23	4	0.53	AVX512F_128
VCVTTPS2DQ	XMM, K, XMM	1	1	1*p01	4	0.50	AVX512F_128
VCVTTPS2DQ	YMM, K, M32_1to8	1	2	1*p01+1*p23	4	0.53	AVX512F_256
VCVTTPS2DQ	ZMM, K, M32_1to16	1	2	1*p0+1*p23	4	1.00	AVX512F_512
VCVTTPS2DQ	ZMM, K, ZMM	1	1	1*p0	4	1.00	AVX512F_512
VCVTTPS2QQ	XMM, K, M64	1	2	1*p01+1*p23	4	1.00	AVX512DQ_128
VCVTTPS2QQ	XMM, M32_1to2	1	2	1*p01+1*p23		1.00	AVX512DQ_128
VCVTTPS2QQ	XMM, XMM	2	2	1*p01+1*p5	5	1.00	AVX512DQ_128
VCVTTPS2QQ	YMM, K, M32_1to4	1	2	1*p01+1*p23	4	0.98	AVX512DQ_256
VCVTTPS2QQ	YMM, M128	1	2	1*p01+1*p23		1.00	AVX512DQ_256
VCVTTPS2QQ	YMM, XMM	2	2	1*p01+1*p5	7	1.00	AVX512DQ_256
VCVTTPS2QQ	ZMM, K, M32_1to8	2	3	1*p0+1*p23+1*p5	5	1.00	AVX512DQ_512
VCVTTPS2QQ	ZMM, M256	2	3	1*p0+1*p23+1*p5		1.00	AVX512DQ_512
VCVTTPS2QQ	ZMM, YMM	2	2	1*p0+1*p5	7	1.00	AVX512DQ_512
VCVTTPS2QQ	XMM, K, M32_1to2	1	2	1*p01+1*p23	4	1.00	AVX512DQ_128
VCVTTPS2QQ	XMM, K, XMM	2	2	1*p01+1*p5	5	1.00	AVX512DQ_128
VCVTTPS2QQ	YMM, K, M32_1to4	1	2	1*p01+1*p23	4	1.00	AVX512DQ_256
VCVTTPS2QQ	ZMM, K, M256	2	3	1*p0+1*p23+1*p5	5	1.00	AVX512DQ_512
VCVTTPS2QQ	ZMM, K, YMM	2	2	1*p0+1*p5	7	1.00	AVX512DQ_512
VCVTTPS2UDQ	XMM, K, M32_1to4	1	2	1*p01+1*p23	4	0.54	AVX512F_128
VCVTTPS2UDQ	XMM, M128	1	2	1*p01+1*p23		0.53	AVX512F_128
VCVTTPS2UDQ	XMM, XMM	1	1	1*p01	4	0.50	AVX512F_128
VCVTTPS2UDQ	YMM, K, M32_1to8	1	2	1*p01+1*p23	4	0.53	AVX512F_256
VCVTTPS2UDQ	YMM, M256	1	2	1*p01+1*p23		0.53	AVX512F_256
VCVTTPS2UDQ	YMM, YMM	1	1	1*p01	4	0.50	AVX512F_256
VCVTTPS2UDQ	ZMM, K, M512	1	2	1*p0+1*p23	4	1.00	AVX512F_512
VCVTTPS2UDQ	ZMM, M32_1to16	1	2	1*p0+1*p23		1.00	AVX512F_512
VCVTTPS2UDQ	ZMM, ZMM	1	1	1*p0	4	1.00	AVX512F_512
VCVTTPS2UDQ	XMM, K, M128	1	2	1*p01+1*p23	4	0.52	AVX512F_128
VCVTTPS2UDQ	XMM, K, XMM	1	1	1*p01	4	0.50	AVX512F_128
VCVTTPS2UDQ	ZMM, K, M32_1to16	1	2	1*p0+1*p23	4	1.00	AVX512F_512
VCVTTPS2UDQ	ZMM, K, ZMM	1	1	1*p0	4	1.00	AVX512F_512
VCVTTPS2UQQ	XMM, K, M64	1	2	1*p01+1*p23	4	1.00	AVX512DQ_128
VCVTTPS2UQQ	XMM, M32_1to2	1	2	1*p01+1*p23		1.00	AVX512DQ_128
VCVTTPS2UQQ	XMM, XMM	2	2	1*p01+1*p5	5	1.00	AVX512DQ_128
VCVTTPS2UQQ	YMM, K, M32_1to4	1	2	1*p01+1*p23	4	1.00	AVX512DQ_256
VCVTTPS2UQQ	YMM, M128	1	2	1*p01+1*p23		1.00	AVX512DQ_256
VCVTTPS2UQQ	YMM, XMM	2	2	1*p01+1*p5	7	1.00	AVX512DQ_256
VCVTTPS2UQQ	ZMM, K, M32_1to8	2	3	1*p0+1*p23+1*p5	5	1.00	AVX512DQ_512
VCVTTPS2UQQ	ZMM, M256	2	3	1*p0+1*p23+1*p5		1.00	AVX512DQ_512
VCVTTPS2UQQ	ZMM, YMM	2	2	1*p0+1*p5	7	1.00	AVX512DQ_512
VCVTTPS2UQQ	XMM, K, M32_1to2	1	2	1*p01+1*p23	4	1.00	AVX512DQ_128
VCVTTPS2UQQ	XMM, K, XMM	2	2	1*p01+1*p5	5	1.00	AVX512DQ_128
VCVTTPS2UQQ	ZMM, K, M256	2	3	1*p0+1*p23+1*p5	5	1.00	AVX512DQ_512
VCVTTPS2UQQ	ZMM, K, YMM	2	2	1*p0+1*p5	7	1.00	AVX512DQ_512
VCVTTSD2SI	R32, XMM	2	2	1*p0+1*p01	7	1.00	AVX512F_SCALAR
VCVTTSD2SI	R64, XMM	2	2	1*p0+1*p01	7	1.00	AVX512F_SCALAR
VCVTTSD2USI	R32, XMM	2	2	1*p0+1*p01	7	1.00	AVX512F_SCALAR
VCVTTSD2USI	R64, XMM	2	2	1*p0+1*p01	7	1.00	AVX512F_SCALAR
VCVTTSS2SI	R32, XMM	2	2	1*p0+1*p01	7	1.00	AVX512F_SCALAR
VCVTTSS2SI	R64, XMM	3	3	1*p0+1*p01+1*p5	8	1.00	AVX512F_SCALAR
VCVTTSS2USI	R32, XMM	2	2	1*p0+1*p01	7	1.00	AVX512F_SCALAR
VCVTTSS2USI	R64, XMM	3	3	1*p0+1*p01+1*p5	8	1.00	AVX512F_SCALAR
VCVTUDQ2PD	XMM, K, M64	1	2	1*p01+1*p23	4	0.53	AVX512F_128
VCVTUDQ2PD	XMM, M32_1to2	1	2	1*p01+1*p23		0.53	AVX512F_128
VCVTUDQ2PD	XMM, XMM	2	2	1*p01+1*p5	5	1.00	AVX512F_128
VCVTUDQ2PD	YMM, K, M32_1to4	1	2	1*p01+1*p23	4	0.53	AVX512F_256
VCVTUDQ2PD	YMM, M128	1	2	1*p01+1*p23		0.53	AVX512F_256
VCVTUDQ2PD	YMM, XMM	2	2	1*p01+1*p5	7	1.00	AVX512F_256
VCVTUDQ2PD	ZMM, K, M32_1to8	1	2	1*p0+1*p23	4	1.00	AVX512F_512
VCVTUDQ2PD	ZMM, M256	1	2	1*p0+1*p23		1.00	AVX512F_512
VCVTUDQ2PD	ZMM, YMM	2	2	1*p0+1*p5	7	1.00	AVX512F_512
VCVTUDQ2PD	YMM, K, M128	1	2	1*p01+1*p23	4	0.52	AVX512F_256
VCVTUDQ2PD	YMM, K, XMM	2	2	1*p01+1*p5	7	1.00	AVX512F_256
VCVTUDQ2PS	XMM, K, M128	1	2	1*p01+1*p23	4	0.54	AVX512F_128
VCVTUDQ2PS	XMM, K, XMM	1	1	1*p01	4	0.50	AVX512F_128
VCVTUDQ2PS	XMM, M32_1to4	1	2	1*p01+1*p23		0.53	AVX512F_128
VCVTUDQ2PS	YMM, K, M256	1	2	1*p01+1*p23	4	0.53	AVX512F_256
VCVTUDQ2PS	YMM, K, YMM	1	1	1*p01	4	0.50	AVX512F_256
VCVTUDQ2PS	YMM, M32_1to8	1	2	1*p01+1*p23		0.53	AVX512F_256
VCVTUDQ2PS	ZMM, K, M32_1to16	1	2	1*p0+1*p23	4	1.00	AVX512F_512
VCVTUDQ2PS	ZMM, K, ZMM	1	1	1*p0	4	1.00	AVX512F_512
VCVTUDQ2PS	ZMM, M512	1	2	1*p0+1*p23		1.00	AVX512F_512
VCVTUDQ2PS	XMM, K, M32_1to4	1	2	1*p01+1*p23	4	0.53	AVX512F_128
VCVTUDQ2PS	YMM, K, M256	1	2	1*p01+1*p23	4	0.54	AVX512F_256
VCVTUDQ2PS	ZMM, K, M512	1	2	1*p0+1*p23	4	1.00	AVX512F_512
VCVTUQQ2PD	XMM, K, M128	1	2	1*p01+1*p23	4	0.54	AVX512DQ_128
VCVTUQQ2PD	XMM, K, XMM	1	1	1*p01	4	0.50	AVX512DQ_128
VCVTUQQ2PD	XMM, M64_1to2	1	2	1*p01+1*p23		0.53	AVX512DQ_128
VCVTUQQ2PD	YMM, K, M256	1	2	1*p01+1*p23	4	0.53	AVX512DQ_256
VCVTUQQ2PD	YMM, K, YMM	1	1	1*p01	4	0.50	AVX512DQ_256
VCVTUQQ2PD	YMM, M64_1to4	1	2	1*p01+1*p23		0.53	AVX512DQ_256
VCVTUQQ2PD	ZMM, K, M512	1	2	1*p0+1*p23	4	1.00	AVX512DQ_512
VCVTUQQ2PD	ZMM, K, ZMM	1	1	1*p0	4	1.00	AVX512DQ_512
VCVTUQQ2PD	ZMM, M64_1to8	1	2	1*p0+1*p23		1.00	AVX512DQ_512
VCVTUQQ2PD	XMM, K, M64_1to2	1	2	1*p01+1*p23	4	0.52	AVX512DQ_128
VCVTUQQ2PD	YMM, K, M256	1	2	1*p01+1*p23	4	0.52	AVX512DQ_256
VCVTUQQ2PD	ZMM, K, M64_1to8	1	2	1*p0+1*p23	4	1.00	AVX512DQ_512
VCVTUQQ2PS	XMM, K, M128	2	3	1*p01+1*p23+1*p5	5	1.00	AVX512DQ_128
VCVTUQQ2PS	XMM, K, M64_1to2	2	3	1*p01+1*p23+1*p5	5	1.00	AVX512DQ_128
VCVTUQQ2PS	XMM, K, XMM	2	2	1*p01+1*p5	5	1.00	AVX512DQ_128
VCVTUQQ2PS	XMM, M128	2	3	1*p01+1*p23+1*p5		1.00	AVX512DQ_128
VCVTUQQ2PS	XMM, M64_1to2	2	3	1*p01+1*p23+1*p5		1.00	AVX512DQ_128
VCVTUQQ2PS	XMM, XMM	2	2	1*p01+1*p5	5	1.00	AVX512DQ_128
VCVTUQQ2PS	YMM, K, M512	2	3	1*p0+1*p23+1*p5	7	1.00	AVX512DQ_512
VCVTUQQ2PS	YMM, K, ZMM	2	2	1*p0+1*p5	7	1.00	AVX512DQ_512
VCVTUQQ2PS	YMM, M64_1to8	2	3	1*p0+1*p23+1*p5		1.00	AVX512DQ_512
VCVTUQQ2PS	XMM, K, M256	2	3	1*p01+1*p23+1*p5	7	1.00	AVX512DQ_256
VCVTUQQ2PS	XMM, K, M64_1to4	2	3	1*p01+1*p23+1*p5	7	1.00	AVX512DQ_256
VCVTUQQ2PS	XMM, K, YMM	2	2	1*p01+1*p5	7	1.00	AVX512DQ_256
VCVTUQQ2PS	YMM, K, M64_1to8	2	3	1*p0+1*p23+1*p5	7	1.00	AVX512DQ_512
VCVTUSI2SD	XMM, XMM, M32	1	2	1*p01+1*p23	4	0.53	AVX512F_SCALAR
VCVTUSI2SD	XMM, XMM, R32	2	2	1*p01+1*p5	7	1.00	AVX512F_SCALAR
VCVTUSI2SD	XMM, XMM, R64	2	2	1*p01+1*p5	7	1.00	AVX512F_SCALAR
VCVTUSI2SS	XMM, XMM, M64	2	3	1*p01+1*p23+1*p5	1	1.00	AVX512F_SCALAR
VCVTUSI2SS	XMM, XMM, R64	3	3	1*p01+2*p5	8	2.00	AVX512F_SCALAR
VDBPSADBW	XMM, K, XMM, XMM, I8	1	1	1*p5	5	1.00	AVX512BW_128
VDBPSADBW	XMM, XMM, XMM, I8	1	1	1*p5	3	1.00	AVX512BW_128
VDBPSADBW	YMM, K, YMM, YMM, I8	1	1	1*p5	5	1.00	AVX512BW_256
VDBPSADBW	YMM, YMM, YMM, I8	1	1	1*p5	3	1.00	AVX512BW_256
VDBPSADBW	ZMM, K, ZMM, ZMM, I8	1	1	1*p5	5	1.00	AVX512BW_512
VDBPSADBW	ZMM, ZMM, ZMM, I8	1	1	1*p5	3	1.00	AVX512BW_512
VDIVPD	XMM, K, XMM, M128	1	2	1*p0+1*p23		4.00	AVX512F_128
VDIVPD	XMM, K, XMM, XMM	1	1	1*p0		4.00	AVX512F_128
VDIVPD	YMM, K, YMM, M64_1to4	1	2	1*p0+1*p23		8.00	AVX512F_256
VDIVPD	ZMM, K, ZMM, M512	4	4	2*p0+1*p05+1*p23		16.00	AVX512F_512
VDIVPD	ZMM, K, ZMM, ZMM	3	3	2*p0+1*p05		16.00	AVX512F_512
VDIVPD	ZMM, ZMM, M64_1to8	4	4	2*p0+1*p05+1*p23		16.00	AVX512F_512
VDIVPD	XMM, XMM, M64_1to2	1	2	1*p0+1*p23		4.00	AVX512F_128
VDIVPD	YMM, YMM, M256	1	2	1*p0+1*p23		8.00	AVX512F_256
VDIVPD	YMM, YMM, YMM	1	1	1*p0		8.00	AVX512F_256
VDIVPD	XMM, K, XMM, M64_1to2	1	2	1*p0+1*p23		4.00	AVX512F_128
VDIVPD	YMM, K, YMM, M256	1	2	1*p0+1*p23		8.00	AVX512F_256
VDIVPD	YMM, K, YMM, YMM	1	1	1*p0		8.00	AVX512F_256
VDIVPD	ZMM, K, ZMM, M64_1to8	4	4	2*p0+1*p05+1*p23		16.00	AVX512F_512
VDIVPS	XMM, K, XMM, M128	1	2	1*p0+1*p23		3.00	AVX512F_128
VDIVPS	XMM, K, XMM, XMM	1	1	1*p0		3.00	AVX512F_128
VDIVPS	YMM, K, YMM, M32_1to8	1	2	1*p0+1*p23		5.00	AVX512F_256
VDIVPS	ZMM, K, ZMM, M32_1to16	4	4	2*p0+1*p05+1*p23	17	10.00	AVX512F_512
VDIVPS	ZMM, K, ZMM, ZMM	3	3	2*p0+1*p05		10.00	AVX512F_512
VDIVPS	ZMM, ZMM, M512	4	4	2*p0+1*p05+1*p23	17	10.00	AVX512F_512
VDIVPS	XMM, XMM, M32_1to4	1	2	1*p0+1*p23		3.00	AVX512F_128
VDIVPS	YMM, YMM, M256	1	2	1*p0+1*p23		5.00	AVX512F_256
VDIVPS	YMM, YMM, YMM	1	1	1*p0		5.00	AVX512F_256
VDIVPS	XMM, K, XMM, M32_1to4	1	2	1*p0+1*p23		3.00	AVX512F_128
VDIVPS	YMM, K, YMM, M256	1	2	1*p0+1*p23		5.00	AVX512F_256
VDIVPS	YMM, K, YMM, YMM	1	1	1*p0		5.00	AVX512F_256
VDIVPS	ZMM, K, ZMM, M512	4	4	2*p0+1*p05+1*p23	17	10.00	AVX512F_512
VDIVSD	XMM, K, XMM, M64	1	2	1*p0+1*p23		4.00	AVX512F_SCALAR
VDIVSD	XMM, K, XMM, XMM	1	1	1*p0		4.00	AVX512F_SCALAR
VDIVSD	XMM, XMM, M64	1	2	1*p0+1*p23		4.00	AVX512F_SCALAR
VDIVSD	XMM, XMM, XMM	1	1	1*p0		4.00	AVX512F_SCALAR
VDIVSS	XMM, K, XMM, M32	1	2	1*p0+1*p23		3.00	AVX512F_SCALAR
VDIVSS	XMM, K, XMM, XMM	1	1	1*p0		3.00	AVX512F_SCALAR
VDIVSS	XMM, XMM, M32	1	2	1*p0+1*p23		3.00	AVX512F_SCALAR
VDIVSS	XMM, XMM, XMM	1	1	1*p0		3.00	AVX512F_SCALAR
VEXPANDPD	XMM, K, XMM	2	2	2*p5	6	2.00	AVX512F_128
VEXPANDPD	XMM, XMM	2	2	2*p5	3	2.00	AVX512F_128
VEXPANDPD	YMM, K, YMM	2	2	2*p5	6	2.00	AVX512F_256
VEXPANDPD	YMM, YMM	2	2	2*p5	3	2.00	AVX512F_256
VEXPANDPD	ZMM, K, ZMM	2	2	2*p5	6	2.00	AVX512F_512
VEXPANDPD	ZMM, ZMM	2	2	2*p5	3	2.00	AVX512F_512
VEXPANDPS	XMM, K, XMM	2	2	2*p5	6	2.00	AVX512F_128
VEXPANDPS	XMM, XMM	2	2	2*p5	3	2.00	AVX512F_128
VEXPANDPS	YMM, K, YMM	2	2	2*p5	6	2.00	AVX512F_256
VEXPANDPS	YMM, YMM	2	2	2*p5	3	2.00	AVX512F_256
VEXPANDPS	ZMM, K, ZMM	2	2	2*p5	6	2.00	AVX512F_512
VEXPANDPS	ZMM, ZMM	2	2	2*p5	3	2.00	AVX512F_512
VEXTRACTF32X4	M128, K, ZMM, I8	2	2	1*p23+1*p4	4	1.00	AVX512F_512
VEXTRACTF32X4	M128, ZMM, I8	2	2	1*p23+1*p4	4	1.00	AVX512F_512
VEXTRACTF32X4	XMM, K, ZMM, I8	1	1	1*p5	3	1.00	AVX512F_512
VEXTRACTF32X4	XMM, ZMM, I8	1	1	1*p5	3	1.00	AVX512F_512
VEXTRACTF32X8	M256, ZMM, I8	2	2	1*p23+1*p4	4	1.00	AVX512DQ_512
VEXTRACTF32X8	YMM, ZMM, I8	1	1	1*p5	3	1.00	AVX512DQ_512
VEXTRACTF64X2	M128, K, YMM, I8	2	2	1*p23+1*p4	4	1.00	AVX512DQ_256
VEXTRACTF64X2	M128, YMM, I8	2	2	1*p23+1*p4	4	1.00	AVX512DQ_256
VEXTRACTF64X2	XMM, K, YMM, I8	1	1	1*p5	3	1.00	AVX512DQ_256
VEXTRACTF64X2	XMM, YMM, I8	1	1	1*p5	3	1.00	AVX512DQ_256
VEXTRACTF64X4	M256, K, ZMM, I8	2	2	1*p23+1*p4	4	1.00	AVX512F_512
VEXTRACTF64X4	YMM, K, ZMM, I8	1	1	1*p5	3	1.00	AVX512F_512
VEXTRACTI32X4	M128, K, ZMM, I8	2	2	1*p23+1*p4	4	1.00	AVX512F_512
VEXTRACTI32X4	M128, ZMM, I8	2	2	1*p23+1*p4	4	1.00	AVX512F_512
VEXTRACTI32X4	XMM, K, ZMM, I8	1	1	1*p5	3	1.00	AVX512F_512
VEXTRACTI32X4	XMM, ZMM, I8	1	1	1*p5	3	1.00	AVX512F_512
VEXTRACTI32X8	M256, ZMM, I8	2	2	1*p23+1*p4	4	1.00	AVX512DQ_512
VEXTRACTI32X8	YMM, ZMM, I8	1	1	1*p5	3	1.00	AVX512DQ_512
VEXTRACTI64X2	M128, K, YMM, I8	2	2	1*p23+1*p4	4	1.00	AVX512DQ_256
VEXTRACTI64X2	M128, YMM, I8	2	2	1*p23+1*p4	4	1.00	AVX512DQ_256
VEXTRACTI64X2	XMM, K, YMM, I8	1	1	1*p5	3	1.00	AVX512DQ_256
VEXTRACTI64X2	XMM, YMM, I8	1	1	1*p5	3	1.00	AVX512DQ_256
VEXTRACTI64X4	M256, K, ZMM, I8	2	2	1*p23+1*p4	4	1.00	AVX512F_512
VEXTRACTI64X4	YMM, K, ZMM, I8	1	1	1*p5	3	1.00	AVX512F_512
VEXTRACTPS	R32, XMM, I8	2	2	1*p0+1*p5	4	1.00	AVX512F_128N
VFIXUPIMMPD	XMM, K, XMM, M64_1to2, I8	2	2	1*p01+1*p23	4	1.00	AVX512F_128
VFIXUPIMMPD	XMM, XMM, M128, I8	2	2	1*p01+1*p23	4	1.00	AVX512F_128
VFIXUPIMMPD	XMM, XMM, XMM, I8	1	1	1*p01	4	0.50	AVX512F_128
VFIXUPIMMPD	YMM, K, YMM, M64_1to4, I8	2	2	1*p01+1*p23	4	1.00	AVX512F_256
VFIXUPIMMPD	YMM, YMM, M256, I8	2	2	1*p01+1*p23	4	1.00	AVX512F_256
VFIXUPIMMPD	YMM, YMM, YMM, I8	1	1	1*p01	4	0.50	AVX512F_256
VFIXUPIMMPD	ZMM, K, ZMM, M64_1to8, I8	2	2	1*p0+1*p23	4	1.00	AVX512F_512
VFIXUPIMMPD	ZMM, ZMM, M512, I8	2	2	1*p0+1*p23	4	1.00	AVX512F_512
VFIXUPIMMPD	ZMM, ZMM, ZMM, I8	1	1	1*p0	4	1.00	AVX512F_512
VFIXUPIMMPD	XMM, K, XMM, M128, I8	2	2	1*p01+1*p23	4	1.00	AVX512F_128
VFIXUPIMMPD	XMM, K, XMM, XMM, I8	1	1	1*p01	4	0.50	AVX512F_128
VFIXUPIMMPD	ZMM, K, ZMM, M512, I8	2	2	1*p0+1*p23	4	1.00	AVX512F_512
VFIXUPIMMPD	ZMM, K, ZMM, ZMM, I8	1	1	1*p0	4	1.00	AVX512F_512
VFIXUPIMMPS	XMM, K, XMM, M32_1to4, I8	2	2	1*p01+1*p23	4	1.00	AVX512F_128
VFIXUPIMMPS	XMM, XMM, M128, I8	2	2	1*p01+1*p23	4	1.00	AVX512F_128
VFIXUPIMMPS	XMM, XMM, XMM, I8	1	1	1*p01	4	0.50	AVX512F_128
VFIXUPIMMPS	YMM, K, YMM, M32_1to8, I8	2	2	1*p01+1*p23	4	1.00	AVX512F_256
VFIXUPIMMPS	YMM, YMM, M256, I8	2	2	1*p01+1*p23	4	1.00	AVX512F_256
VFIXUPIMMPS	YMM, YMM, YMM, I8	1	1	1*p01	4	0.50	AVX512F_256
VFIXUPIMMPS	ZMM, K, ZMM, M512, I8	2	2	1*p0+1*p23	4	1.00	AVX512F_512
VFIXUPIMMPS	ZMM, ZMM, M32_1to16, I8	2	2	1*p0+1*p23	4	1.00	AVX512F_512
VFIXUPIMMPS	ZMM, ZMM, ZMM, I8	1	1	1*p0	4	1.00	AVX512F_512
VFIXUPIMMPS	XMM, K, XMM, M128, I8	2	2	1*p01+1*p23	4	1.00	AVX512F_128
VFIXUPIMMPS	XMM, K, XMM, XMM, I8	1	1	1*p01	4	0.50	AVX512F_128
VFIXUPIMMPS	ZMM, K, ZMM, M32_1to16, I8	2	2	1*p0+1*p23	4	1.00	AVX512F_512
VFIXUPIMMPS	ZMM, K, ZMM, ZMM, I8	1	1	1*p0	4	1.00	AVX512F_512
VFIXUPIMMSD	XMM, K, XMM, XMM, I8	1	1	1*p01	4	0.50	AVX512F_SCALAR
VFIXUPIMMSD	XMM, XMM, XMM, I8	1	1	1*p01	4	0.50	AVX512F_SCALAR
VFIXUPIMMSD	XMM, K, XMM, M64, I8	2	2	1*p01+1*p23	4	1.00	AVX512F_SCALAR
VFIXUPIMMSS	XMM, K, XMM, M32, I8	2	2	1*p01+1*p23	4	1.00	AVX512F_SCALAR
VFIXUPIMMSS	XMM, XMM, M32, I8	2	2	1*p01+1*p23	4	1.00	AVX512F_SCALAR
VFIXUPIMMSS	XMM, K, XMM, XMM, I8	1	1	1*p01	4	0.50	AVX512F_SCALAR
VFMADD132PD	XMM, K, XMM, M128	1	2	1*p01+1*p23	4	0.53	AVX512F_128
VFMADD132PD	XMM, K, XMM, XMM	1	1	1*p01	4	0.50	AVX512F_128
VFMADD132PD	YMM, K, YMM, M64_1to4	1	2	1*p01+1*p23	4	0.53	AVX512F_256
VFMADD132PD	ZMM, K, ZMM, M512	1	2	1*p0+1*p23	4	1.00	AVX512F_512
VFMADD132PD	ZMM, K, ZMM, ZMM	1	1	1*p0	4	1.00	AVX512F_512
VFMADD132PD	ZMM, ZMM, M64_1to8	1	2	1*p0+1*p23	4	1.00	AVX512F_512
VFMADD132PD	XMM, XMM, M64_1to2	1	2	1*p01+1*p23	4	0.54	AVX512F_128
VFMADD132PD	YMM, YMM, M256	1	2	1*p01+1*p23	4	0.53	AVX512F_256
VFMADD132PD	YMM, YMM, YMM	1	1	1*p01	4	0.50	AVX512F_256
VFMADD132PD	XMM, K, XMM, M64_1to2	1	2	1*p01+1*p23	4	0.53	AVX512F_128
VFMADD132PD	YMM, K, YMM, M256	1	2	1*p01+1*p23	4	0.54	AVX512F_256
VFMADD132PD	YMM, K, YMM, YMM	1	1	1*p01	4	0.50	AVX512F_256
VFMADD132PD	ZMM, K, ZMM, M64_1to8	1	2	1*p0+1*p23	4	1.00	AVX512F_512
VFMADD132PS	XMM, K, XMM, M128	1	2	1*p01+1*p23	4	0.54	AVX512F_128
VFMADD132PS	XMM, K, XMM, XMM	1	1	1*p01	4	0.50	AVX512F_128
VFMADD132PS	YMM, K, YMM, M32_1to8	1	2	1*p01+1*p23	4	0.54	AVX512F_256
VFMADD132PS	ZMM, K, ZMM, M32_1to16	1	2	1*p0+1*p23	4	1.00	AVX512F_512
VFMADD132PS	ZMM, K, ZMM, ZMM	1	1	1*p0	4	1.00	AVX512F_512
VFMADD132PS	ZMM, ZMM, M512	1	2	1*p0+1*p23	4	1.00	AVX512F_512
VFMADD132PS	XMM, XMM, M32_1to4	1	2	1*p01+1*p23	4	0.53	AVX512F_128
VFMADD132PS	YMM, YMM, M256	1	2	1*p01+1*p23	4	0.53	AVX512F_256
VFMADD132PS	YMM, YMM, YMM	1	1	1*p01	4	0.50	AVX512F_256
VFMADD132PS	XMM, K, XMM, M32_1to4	1	2	1*p01+1*p23	4	0.54	AVX512F_128
VFMADD132PS	YMM, K, YMM, M256	1	2	1*p01+1*p23	4	0.53	AVX512F_256
VFMADD132PS	YMM, K, YMM, YMM	1	1	1*p01	4	0.50	AVX512F_256
VFMADD132PS	ZMM, K, ZMM, M512	1	2	1*p0+1*p23	4	1.00	AVX512F_512
VFMADD132SD	XMM, K, XMM, M64	1	2	1*p01+1*p23	4	0.53	AVX512F_SCALAR
VFMADD132SD	XMM, K, XMM, XMM	1	1	1*p01	4	0.50	AVX512F_SCALAR
VFMADD132SD	XMM, XMM, M64	1	2	1*p01+1*p23	4	0.53	AVX512F_SCALAR
VFMADD132SD	XMM, XMM, XMM	1	1	1*p01	4	0.50	AVX512F_SCALAR
VFMADD132SS	XMM, K, XMM, M32	1	2	1*p01+1*p23	4	0.53	AVX512F_SCALAR
VFMADD132SS	XMM, K, XMM, XMM	1	1	1*p01	4	0.50	AVX512F_SCALAR
VFMADD132SS	XMM, XMM, M32	1	2	1*p01+1*p23	4	0.53	AVX512F_SCALAR
VFMADD132SS	XMM, XMM, XMM	1	1	1*p01	4	0.50	AVX512F_SCALAR
VFMADD213PD	XMM, K, XMM, M128	1	2	1*p01+1*p23	4	0.53	AVX512F_128
VFMADD213PD	XMM, K, XMM, XMM	1	1	1*p01	4	0.50	AVX512F_128
VFMADD213PD	YMM, K, YMM, M64_1to4	1	2	1*p01+1*p23	4	0.53	AVX512F_256
VFMADD213PD	ZMM, K, ZMM, M512	1	2	1*p0+1*p23	4	1.00	AVX512F_512
VFMADD213PD	ZMM, K, ZMM, ZMM	1	1	1*p0	4	1.00	AVX512F_512
VFMADD213PD	ZMM, ZMM, M64_1to8	1	2	1*p0+1*p23	4	1.00	AVX512F_512
VFMADD213PD	XMM, XMM, M64_1to2	1	2	1*p01+1*p23	4	0.53	AVX512F_128
VFMADD213PD	YMM, YMM, M256	1	2	1*p01+1*p23	4	0.53	AVX512F_256
VFMADD213PD	YMM, YMM, YMM	1	1	1*p01	4	0.50	AVX512F_256
VFMADD213PD	XMM, K, XMM, M64_1to2	1	2	1*p01+1*p23	4	0.54	AVX512F_128
VFMADD213PD	YMM, K, YMM, M256	1	2	1*p01+1*p23	4	0.53	AVX512F_256
VFMADD213PD	YMM, K, YMM, YMM	1	1	1*p01	4	0.50	AVX512F_256
VFMADD213PD	ZMM, K, ZMM, M64_1to8	1	2	1*p0+1*p23	4	1.00	AVX512F_512
VFMADD213PS	XMM, K, XMM, M128	1	2	1*p01+1*p23	4	0.53	AVX512F_128
VFMADD213PS	XMM, K, XMM, XMM	1	1	1*p01	4	0.50	AVX512F_128
VFMADD213PS	YMM, K, YMM, M32_1to8	1	2	1*p01+1*p23	4	0.53	AVX512F_256
VFMADD213PS	ZMM, K, ZMM, M32_1to16	1	2	1*p0+1*p23	4	1.00	AVX512F_512
VFMADD213PS	ZMM, K, ZMM, ZMM	1	1	1*p0	4	1.00	AVX512F_512
VFMADD213PS	ZMM, ZMM, M512	1	2	1*p0+1*p23	4	1.00	AVX512F_512
VFMADD213PS	XMM, XMM, M32_1to4	1	2	1*p01+1*p23	4	0.53	AVX512F_128
VFMADD213PS	YMM, YMM, M256	1	2	1*p01+1*p23	4	0.53	AVX512F_256
VFMADD213PS	YMM, YMM, YMM	1	1	1*p01	4	0.50	AVX512F_256
VFMADD213PS	XMM, K, XMM, M32_1to4	1	2	1*p01+1*p23	4	0.53	AVX512F_128
VFMADD213PS	YMM, K, YMM, M256	1	2	1*p01+1*p23	4	0.54	AVX512F_256
VFMADD213PS	YMM, K, YMM, YMM	1	1	1*p01	4	0.50	AVX512F_256
VFMADD213PS	ZMM, K, ZMM, M512	1	2	1*p0+1*p23	4	1.00	AVX512F_512
VFMADD213SD	XMM, K, XMM, M64	1	2	1*p01+1*p23	4	0.54	AVX512F_SCALAR
VFMADD213SD	XMM, K, XMM, XMM	1	1	1*p01	4	0.50	AVX512F_SCALAR
VFMADD213SD	XMM, XMM, M64	1	2	1*p01+1*p23	4	0.53	AVX512F_SCALAR
VFMADD213SD	XMM, XMM, XMM	1	1	1*p01	4	0.50	AVX512F_SCALAR
VFMADD213SS	XMM, K, XMM, M32	1	2	1*p01+1*p23	4	0.53	AVX512F_SCALAR
VFMADD213SS	XMM, K, XMM, XMM	1	1	1*p01	4	0.50	AVX512F_SCALAR
VFMADD213SS	XMM, XMM, M32	1	2	1*p01+1*p23	4	0.53	AVX512F_SCALAR
VFMADD213SS	XMM, XMM, XMM	1	1	1*p01	4	0.50	AVX512F_SCALAR
VFMADD231PD	XMM, K, XMM, M128	1	2	1*p01+1*p23	4	0.54	AVX512F_128
VFMADD231PD	XMM, K, XMM, XMM	1	1	1*p01	4	0.50	AVX512F_128
VFMADD231PD	YMM, K, YMM, M64_1to4	1	2	1*p01+1*p23	4	0.53	AVX512F_256
VFMADD231PD	ZMM, K, ZMM, M512	1	2	1*p0+1*p23	4	1.00	AVX512F_512
VFMADD231PD	ZMM, K, ZMM, ZMM	1	1	1*p0	4	1.00	AVX512F_512
VFMADD231PD	ZMM, ZMM, M64_1to8	1	2	1*p0+1*p23	4	1.00	AVX512F_512
VFMADD231PD	XMM, XMM, M64_1to2	1	2	1*p01+1*p23	4	0.53	AVX512F_128
VFMADD231PD	YMM, YMM, M256	1	2	1*p01+1*p23	4	0.54	AVX512F_256
VFMADD231PD	YMM, YMM, YMM	1	1	1*p01	4	0.50	AVX512F_256
VFMADD231PD	XMM, K, XMM, M64_1to2	1	2	1*p01+1*p23	4	0.53	AVX512F_128
VFMADD231PD	YMM, K, YMM, M256	1	2	1*p01+1*p23	4	0.53	AVX512F_256
VFMADD231PD	YMM, K, YMM, YMM	1	1	1*p01	4	0.50	AVX512F_256
VFMADD231PD	ZMM, K, ZMM, M64_1to8	1	2	1*p0+1*p23	4	1.00	AVX512F_512
VFMADD231PS	XMM, K, XMM, M128	1	2	1*p01+1*p23	4	0.53	AVX512F_128
VFMADD231PS	XMM, K, XMM, XMM	1	1	1*p01	4	0.50	AVX512F_128
VFMADD231PS	YMM, K, YMM, M32_1to8	1	2	1*p01+1*p23	4	0.53	AVX512F_256
VFMADD231PS	ZMM, K, ZMM, M32_1to16	1	2	1*p0+1*p23	4	1.00	AVX512F_512
VFMADD231PS	ZMM, K, ZMM, ZMM	1	1	1*p0	4	1.00	AVX512F_512
VFMADD231PS	ZMM, ZMM, M512	1	2	1*p0+1*p23	4	1.00	AVX512F_512
VFMADD231PS	XMM, XMM, M32_1to4	1	2	1*p01+1*p23	4	0.53	AVX512F_128
VFMADD231PS	YMM, YMM, M256	1	2	1*p01+1*p23	4	0.53	AVX512F_256
VFMADD231PS	YMM, YMM, YMM	1	1	1*p01	4	0.50	AVX512F_256
VFMADD231PS	XMM, K, XMM, M32_1to4	1	2	1*p01+1*p23	4	0.53	AVX512F_128
VFMADD231PS	YMM, K, YMM, M256	1	2	1*p01+1*p23	4	0.53	AVX512F_256
VFMADD231PS	YMM, K, YMM, YMM	1	1	1*p01	4	0.50	AVX512F_256
VFMADD231PS	ZMM, K, ZMM, M512	1	2	1*p0+1*p23	4	1.00	AVX512F_512
VFMADD231SD	XMM, K, XMM, M64	1	2	1*p01+1*p23	4	0.54	AVX512F_SCALAR
VFMADD231SD	XMM, K, XMM, XMM	1	1	1*p01	4	0.50	AVX512F_SCALAR
VFMADD231SD	XMM, XMM, M64	1	2	1*p01+1*p23	4	0.54	AVX512F_SCALAR
VFMADD231SD	XMM, XMM, XMM	1	1	1*p01	4	0.50	AVX512F_SCALAR
VFMADD231SS	XMM, K, XMM, M32	1	2	1*p01+1*p23	4	0.53	AVX512F_SCALAR
VFMADD231SS	XMM, K, XMM, XMM	1	1	1*p01	4	0.50	AVX512F_SCALAR
VFMADD231SS	XMM, XMM, M32	1	2	1*p01+1*p23	4	0.53	AVX512F_SCALAR
VFMADD231SS	XMM, XMM, XMM	1	1	1*p01	4	0.50	AVX512F_SCALAR
VFMADDSUB132PD	XMM, K, XMM, M128	1	2	1*p01+1*p23	4	0.53	AVX512F_128
VFMADDSUB132PD	XMM, K, XMM, XMM	1	1	1*p01	4	0.50	AVX512F_128
VFMADDSUB132PD	YMM, K, YMM, M64_1to4	1	2	1*p01+1*p23	4	0.53	AVX512F_256
VFMADDSUB132PD	ZMM, K, ZMM, M512	1	2	1*p0+1*p23	4	1.00	AVX512F_512
VFMADDSUB132PD	ZMM, K, ZMM, ZMM	1	1	1*p0	4	1.00	AVX512F_512
VFMADDSUB132PD	ZMM, ZMM, M64_1to8	1	2	1*p0+1*p23	4	1.00	AVX512F_512
VFMADDSUB132PD	XMM, XMM, M64_1to2	1	2	1*p01+1*p23	4	0.53	AVX512F_128
VFMADDSUB132PD	YMM, YMM, M256	1	2	1*p01+1*p23	4	0.53	AVX512F_256
VFMADDSUB132PD	YMM, YMM, YMM	1	1	1*p01	4	0.50	AVX512F_256
VFMADDSUB132PD	XMM, K, XMM, M64_1to2	1	2	1*p01+1*p23	4	0.53	AVX512F_128
VFMADDSUB132PD	YMM, K, YMM, M256	1	2	1*p01+1*p23	4	0.53	AVX512F_256
VFMADDSUB132PD	YMM, K, YMM, YMM	1	1	1*p01	4	0.50	AVX512F_256
VFMADDSUB132PD	ZMM, K, ZMM, M64_1to8	1	2	1*p0+1*p23	4	1.00	AVX512F_512
VFMADDSUB132PS	XMM, K, XMM, M128	1	2	1*p01+1*p23	4	0.53	AVX512F_128
VFMADDSUB132PS	XMM, K, XMM, XMM	1	1	1*p01	4	0.50	AVX512F_128
VFMADDSUB132PS	YMM, K, YMM, M32_1to8	1	2	1*p01+1*p23	4	0.53	AVX512F_256
VFMADDSUB132PS	ZMM, K, ZMM, M32_1to16	1	2	1*p0+1*p23	4	1.00	AVX512F_512
VFMADDSUB132PS	ZMM, K, ZMM, ZMM	1	1	1*p0	4	1.00	AVX512F_512
VFMADDSUB132PS	ZMM, ZMM, M512	1	2	1*p0+1*p23	4	1.00	AVX512F_512
VFMADDSUB132PS	XMM, XMM, M32_1to4	1	2	1*p01+1*p23	4	0.54	AVX512F_128
VFMADDSUB132PS	YMM, YMM, M256	1	2	1*p01+1*p23	4	0.54	AVX512F_256
VFMADDSUB132PS	YMM, YMM, YMM	1	1	1*p01	4	0.50	AVX512F_256
VFMADDSUB132PS	XMM, K, XMM, M32_1to4	1	2	1*p01+1*p23	4	0.53	AVX512F_128
VFMADDSUB132PS	YMM, K, YMM, M256	1	2	1*p01+1*p23	4	0.53	AVX512F_256
VFMADDSUB132PS	YMM, K, YMM, YMM	1	1	1*p01	4	0.50	AVX512F_256
VFMADDSUB132PS	ZMM, K, ZMM, M512	1	2	1*p0+1*p23	4	1.00	AVX512F_512
VFMADDSUB213PD	XMM, K, XMM, M128	1	2	1*p01+1*p23	4	0.53	AVX512F_128
VFMADDSUB213PD	XMM, K, XMM, XMM	1	1	1*p01	4	0.50	AVX512F_128
VFMADDSUB213PD	YMM, K, YMM, M64_1to4	1	2	1*p01+1*p23	4	0.53	AVX512F_256
VFMADDSUB213PD	ZMM, K, ZMM, M512	1	2	1*p0+1*p23	4	1.00	AVX512F_512
VFMADDSUB213PD	ZMM, K, ZMM, ZMM	1	1	1*p0	4	1.00	AVX512F_512
VFMADDSUB213PD	ZMM, ZMM, M64_1to8	1	2	1*p0+1*p23	4	1.00	AVX512F_512
VFMADDSUB213PD	XMM, XMM, M64_1to2	1	2	1*p01+1*p23	4	0.54	AVX512F_128
VFMADDSUB213PD	YMM, YMM, M256	1	2	1*p01+1*p23	4	0.53	AVX512F_256
VFMADDSUB213PD	YMM, YMM, YMM	1	1	1*p01	4	0.50	AVX512F_256
VFMADDSUB213PD	XMM, K, XMM, M64_1to2	1	2	1*p01+1*p23	4	0.53	AVX512F_128
VFMADDSUB213PD	YMM, K, YMM, M256	1	2	1*p01+1*p23	4	0.54	AVX512F_256
VFMADDSUB213PD	YMM, K, YMM, YMM	1	1	1*p01	4	0.50	AVX512F_256
VFMADDSUB213PD	ZMM, K, ZMM, M64_1to8	1	2	1*p0+1*p23	4	1.00	AVX512F_512
VFMADDSUB213PS	XMM, K, XMM, M128	1	2	1*p01+1*p23	4	0.54	AVX512F_128
VFMADDSUB213PS	XMM, K, XMM, XMM	1	1	1*p01	4	0.50	AVX512F_128
VFMADDSUB213PS	YMM, K, YMM, M32_1to8	1	2	1*p01+1*p23	4	0.54	AVX512F_256
VFMADDSUB213PS	ZMM, K, ZMM, M32_1to16	1	2	1*p0+1*p23	4	1.00	AVX512F_512
VFMADDSUB213PS	ZMM, K, ZMM, ZMM	1	1	1*p0	4	1.00	AVX512F_512
VFMADDSUB213PS	ZMM, ZMM, M512	1	2	1*p0+1*p23	4	1.00	AVX512F_512
VFMADDSUB213PS	XMM, XMM, M32_1to4	1	2	1*p01+1*p23	4	0.53	AVX512F_128
VFMADDSUB213PS	YMM, YMM, M256	1	2	1*p01+1*p23	4	0.53	AVX512F_256
VFMADDSUB213PS	YMM, YMM, YMM	1	1	1*p01	4	0.50	AVX512F_256
VFMADDSUB213PS	XMM, K, XMM, M32_1to4	1	2	1*p01+1*p23	4	0.53	AVX512F_128
VFMADDSUB213PS	YMM, K, YMM, M256	1	2	1*p01+1*p23	4	0.53	AVX512F_256
VFMADDSUB213PS	YMM, K, YMM, YMM	1	1	1*p01	4	0.50	AVX512F_256
VFMADDSUB213PS	ZMM, K, ZMM, M512	1	2	1*p0+1*p23	4	1.00	AVX512F_512
VFMADDSUB231PD	XMM, K, XMM, M128	1	2	1*p01+1*p23	4	0.53	AVX512F_128
VFMADDSUB231PD	XMM, K, XMM, XMM	1	1	1*p01	4	0.50	AVX512F_128
VFMADDSUB231PD	YMM, K, YMM, M64_1to4	1	2	1*p01+1*p23	4	0.53	AVX512F_256
VFMADDSUB231PD	ZMM, K, ZMM, M512	1	2	1*p0+1*p23	4	1.00	AVX512F_512
VFMADDSUB231PD	ZMM, K, ZMM, ZMM	1	1	1*p0	4	1.00	AVX512F_512
VFMADDSUB231PD	ZMM, ZMM, M64_1to8	1	2	1*p0+1*p23	4	1.00	AVX512F_512
VFMADDSUB231PD	XMM, XMM, M64_1to2	1	2	1*p01+1*p23	4	0.54	AVX512F_128
VFMADDSUB231PD	YMM, YMM, M256	1	2	1*p01+1*p23	4	0.53	AVX512F_256
VFMADDSUB231PD	YMM, YMM, YMM	1	1	1*p01	4	0.50	AVX512F_256
VFMADDSUB231PD	XMM, K, XMM, M64_1to2	1	2	1*p01+1*p23	4	0.53	AVX512F_128
VFMADDSUB231PD	YMM, K, YMM, M256	1	2	1*p01+1*p23	4	0.53	AVX512F_256
VFMADDSUB231PD	YMM, K, YMM, YMM	1	1	1*p01	4	0.50	AVX512F_256
VFMADDSUB231PD	ZMM, K, ZMM, M64_1to8	1	2	1*p0+1*p23	4	1.00	AVX512F_512
VFMADDSUB231PS	XMM, K, XMM, M128	1	2	1*p01+1*p23	4	0.53	AVX512F_128
VFMADDSUB231PS	XMM, K, XMM, XMM	1	1	1*p01	4	0.50	AVX512F_128
VFMADDSUB231PS	YMM, K, YMM, M32_1to8	1	2	1*p01+1*p23	4	0.53	AVX512F_256
VFMADDSUB231PS	ZMM, K, ZMM, M32_1to16	1	2	1*p0+1*p23	4	1.00	AVX512F_512
VFMADDSUB231PS	ZMM, K, ZMM, ZMM	1	1	1*p0	4	1.00	AVX512F_512
VFMADDSUB231PS	ZMM, ZMM, M512	1	2	1*p0+1*p23	4	1.00	AVX512F_512
VFMADDSUB231PS	XMM, XMM, M32_1to4	1	2	1*p01+1*p23	4	0.53	AVX512F_128
VFMADDSUB231PS	YMM, YMM, M256	1	2	1*p01+1*p23	4	0.53	AVX512F_256
VFMADDSUB231PS	YMM, YMM, YMM	1	1	1*p01	4	0.50	AVX512F_256
VFMADDSUB231PS	XMM, K, XMM, M32_1to4	1	2	1*p01+1*p23	4	0.53	AVX512F_128
VFMADDSUB231PS	YMM, K, YMM, M256	1	2	1*p01+1*p23	4	0.54	AVX512F_256
VFMADDSUB231PS	YMM, K, YMM, YMM	1	1	1*p01	4	0.50	AVX512F_256
VFMADDSUB231PS	ZMM, K, ZMM, M512	1	2	1*p0+1*p23	4	1.00	AVX512F_512
VFMSUB132PD	XMM, K, XMM, M64_1to2	1	2	1*p01+1*p23	4	0.53	AVX512F_128
VFMSUB132PD	YMM, K, YMM, M256	1	2	1*p01+1*p23	4	0.53	AVX512F_256
VFMSUB132PD	YMM, K, YMM, YMM	1	1	1*p01	4	0.50	AVX512F_256
VFMSUB132PD	ZMM, K, ZMM, M64_1to8	1	2	1*p0+1*p23	4	1.00	AVX512F_512
VFMSUB132PD	ZMM, ZMM, M512	1	2	1*p0+1*p23	4	1.00	AVX512F_512
VFMSUB132PD	ZMM, ZMM, ZMM	1	1	1*p0	4	1.00	AVX512F_512
VFMSUB132PD	XMM, XMM, M128	1	2	1*p01+1*p23	4	0.53	AVX512F_128
VFMSUB132PD	XMM, XMM, XMM	1	1	1*p01	4	0.50	AVX512F_128
VFMSUB132PD	YMM, YMM, M64_1to4	1	2	1*p01+1*p23	4	0.53	AVX512F_256
VFMSUB132PD	XMM, K, XMM, M128	1	2	1*p01+1*p23	4	0.53	AVX512F_128
VFMSUB132PD	XMM, K, XMM, XMM	1	1	1*p01	4	0.50	AVX512F_128
VFMSUB132PD	YMM, K, YMM, M64_1to4	1	2	1*p01+1*p23	4	0.53	AVX512F_256
VFMSUB132PD	ZMM, K, ZMM, M512	1	2	1*p0+1*p23	4	1.00	AVX512F_512
VFMSUB132PD	ZMM, K, ZMM, ZMM	1	1	1*p0	4	1.00	AVX512F_512
VFMSUB132PS	XMM, K, XMM, M32_1to4	1	2	1*p01+1*p23	4	0.53	AVX512F_128
VFMSUB132PS	YMM, K, YMM, M256	1	2	1*p01+1*p23	4	0.53	AVX512F_256
VFMSUB132PS	YMM, K, YMM, YMM	1	1	1*p01	4	0.50	AVX512F_256
VFMSUB132PS	ZMM, K, ZMM, M512	1	2	1*p0+1*p23	4	1.00	AVX512F_512
VFMSUB132PS	ZMM, ZMM, M32_1to16	1	2	1*p0+1*p23	4	1.00	AVX512F_512
VFMSUB132PS	ZMM, ZMM, ZMM	1	1	1*p0	4	1.00	AVX512F_512
VFMSUB132PS	XMM, XMM, M128	1	2	1*p01+1*p23	4	0.53	AVX512F_128
VFMSUB132PS	XMM, XMM, XMM	1	1	1*p01	4	0.50	AVX512F_128
VFMSUB132PS	YMM, YMM, M32_1to8	1	2	1*p01+1*p23	4	0.53	AVX512F_256
VFMSUB132PS	XMM, K, XMM, M128	1	2	1*p01+1*p23	4	0.53	AVX512F_128
VFMSUB132PS	XMM, K, XMM, XMM	1	1	1*p01	4	0.50	AVX512F_128
VFMSUB132PS	YMM, K, YMM, M32_1to8	1	2	1*p01+1*p23	4	0.54	AVX512F_256
VFMSUB132PS	ZMM, K, ZMM, M32_1to16	1	2	1*p0+1*p23	4	1.00	AVX512F_512
VFMSUB132PS	ZMM, K, ZMM, ZMM	1	1	1*p0	4	1.00	AVX512F_512
VFMSUB132SD	XMM, K, XMM, XMM	1	1	1*p01	4	0.50	AVX512F_SCALAR
VFMSUB132SD	XMM, XMM, XMM	1	1	1*p01	4	0.50	AVX512F_SCALAR
VFMSUB132SD	XMM, K, XMM, M64	1	2	1*p01+1*p23	4	0.53	AVX512F_SCALAR
VFMSUB132SS	XMM, K, XMM, XMM	1	1	1*p01	4	0.50	AVX512F_SCALAR
VFMSUB132SS	XMM, XMM, XMM	1	1	1*p01	4	0.50	AVX512F_SCALAR
VFMSUB132SS	XMM, K, XMM, M32	1	2	1*p01+1*p23	4	0.54	AVX512F_SCALAR
VFMSUB213PD	XMM, K, XMM, M64_1to2	1	2	1*p01+1*p23	4	0.54	AVX512F_128
VFMSUB213PD	YMM, K, YMM, M256	1	2	1*p01+1*p23	4	0.53	AVX512F_256
VFMSUB213PD	YMM, K, YMM, YMM	1	1	1*p01	4	0.50	AVX512F_256
VFMSUB213PD	ZMM, K, ZMM, M64_1to8	1	2	1*p0+1*p23	4	1.00	AVX512F_512
VFMSUB213PD	ZMM, ZMM, M512	1	2	1*p0+1*p23	4	1.00	AVX512F_512
VFMSUB213PD	ZMM, ZMM, ZMM	1	1	1*p0	4	1.00	AVX512F_512
VFMSUB213PD	XMM, XMM, M128	1	2	1*p01+1*p23	4	0.53	AVX512F_128
VFMSUB213PD	XMM, XMM, XMM	1	1	1*p01	4	0.50	AVX512F_128
VFMSUB213PD	YMM, YMM, M64_1to4	1	2	1*p01+1*p23	4	0.53	AVX512F_256
VFMSUB213PD	XMM, K, XMM, M128	1	2	1*p01+1*p23	4	0.53	AVX512F_128
VFMSUB213PD	XMM, K, XMM, XMM	1	1	1*p01	4	0.50	AVX512F_128
VFMSUB213PD	YMM, K, YMM, M64_1to4	1	2	1*p01+1*p23	4	0.53	AVX512F_256
VFMSUB213PD	ZMM, K, ZMM, M512	1	2	1*p0+1*p23	4	1.00	AVX512F_512
VFMSUB213PD	ZMM, K, ZMM, ZMM	1	1	1*p0	4	1.00	AVX512F_512
VFMSUB213PS	XMM, K, XMM, M32_1to4	1	2	1*p01+1*p23	4	0.53	AVX512F_128
VFMSUB213PS	YMM, K, YMM, M256	1	2	1*p01+1*p23	4	0.53	AVX512F_256
VFMSUB213PS	YMM, K, YMM, YMM	1	1	1*p01	4	0.50	AVX512F_256
VFMSUB213PS	ZMM, K, ZMM, M512	1	2	1*p0+1*p23	4	1.00	AVX512F_512
VFMSUB213PS	ZMM, ZMM, M32_1to16	1	2	1*p0+1*p23	4	1.00	AVX512F_512
VFMSUB213PS	ZMM, ZMM, ZMM	1	1	1*p0	4	1.00	AVX512F_512
VFMSUB213PS	XMM, XMM, M128	1	2	1*p01+1*p23	4	0.53	AVX512F_128
VFMSUB213PS	XMM, XMM, XMM	1	1	1*p01	4	0.50	AVX512F_128
VFMSUB213PS	YMM, YMM, M32_1to8	1	2	1*p01+1*p23	4	0.53	AVX512F_256
VFMSUB213PS	XMM, K, XMM, M128	1	2	1*p01+1*p23	4	0.53	AVX512F_128
VFMSUB213PS	XMM, K, XMM, XMM	1	1	1*p01	4	0.50	AVX512F_128
VFMSUB213PS	YMM, K, YMM, M32_1to8	1	2	1*p01+1*p23	4	0.53	AVX512F_256
VFMSUB213PS	ZMM, K, ZMM, M32_1to16	1	2	1*p0+1*p23	4	1.00	AVX512F_512
VFMSUB213PS	ZMM, K, ZMM, ZMM	1	1	1*p0	4	1.00	AVX512F_512
VFMSUB213SD	XMM, K, XMM, XMM	1	1	1*p01	4	0.50	AVX512F_SCALAR
VFMSUB213SD	XMM, XMM, XMM	1	1	1*p01	4	0.50	AVX512F_SCALAR
VFMSUB213SD	XMM, K, XMM, M64	1	2	1*p01+1*p23	4	0.53	AVX512F_SCALAR
VFMSUB213SS	XMM, K, XMM, XMM	1	1	1*p01	4	0.50	AVX512F_SCALAR
VFMSUB213SS	XMM, XMM, XMM	1	1	1*p01	4	0.50	AVX512F_SCALAR
VFMSUB213SS	XMM, K, XMM, M32	1	2	1*p01+1*p23	4	0.54	AVX512F_SCALAR
VFMSUB231PD	XMM, K, XMM, M64_1to2	1	2	1*p01+1*p23	4	0.54	AVX512F_128
VFMSUB231PD	YMM, K, YMM, M256	1	2	1*p01+1*p23	4	0.54	AVX512F_256
VFMSUB231PD	YMM, K, YMM, YMM	1	1	1*p01	4	0.50	AVX512F_256
VFMSUB231PD	ZMM, K, ZMM, M64_1to8	1	2	1*p0+1*p23	4	1.00	AVX512F_512
VFMSUB231PD	ZMM, ZMM, M512	1	2	1*p0+1*p23	4	1.00	AVX512F_512
VFMSUB231PD	ZMM, ZMM, ZMM	1	1	1*p0	4	1.00	AVX512F_512
VFMSUB231PD	XMM, XMM, M128	1	2	1*p01+1*p23	4	0.54	AVX512F_128
VFMSUB231PD	XMM, XMM, XMM	1	1	1*p01	4	0.50	AVX512F_128
VFMSUB231PD	YMM, YMM, M64_1to4	1	2	1*p01+1*p23	4	0.53	AVX512F_256
VFMSUB231PD	XMM, K, XMM, M128	1	2	1*p01+1*p23	4	0.54	AVX512F_128
VFMSUB231PD	XMM, K, XMM, XMM	1	1	1*p01	4	0.50	AVX512F_128
VFMSUB231PD	YMM, K, YMM, M64_1to4	1	2	1*p01+1*p23	4	0.53	AVX512F_256
VFMSUB231PD	ZMM, K, ZMM, M512	1	2	1*p0+1*p23	4	1.00	AVX512F_512
VFMSUB231PD	ZMM, K, ZMM, ZMM	1	1	1*p0	4	1.00	AVX512F_512
VFMSUB231PS	XMM, K, XMM, M32_1to4	1	2	1*p01+1*p23	4	0.53	AVX512F_128
VFMSUB231PS	YMM, K, YMM, M256	1	2	1*p01+1*p23	4	0.53	AVX512F_256
VFMSUB231PS	YMM, K, YMM, YMM	1	1	1*p01	4	0.50	AVX512F_256
VFMSUB231PS	ZMM, K, ZMM, M512	1	2	1*p0+1*p23	4	1.00	AVX512F_512
VFMSUB231PS	ZMM, ZMM, M32_1to16	1	2	1*p0+1*p23	4	1.00	AVX512F_512
VFMSUB231PS	ZMM, ZMM, ZMM	1	1	1*p0	4	1.00	AVX512F_512
VFMSUB231PS	XMM, XMM, M128	1	2	1*p01+1*p23	4	0.53	AVX512F_128
VFMSUB231PS	XMM, XMM, XMM	1	1	1*p01	4	0.50	AVX512F_128
VFMSUB231PS	YMM, YMM, M32_1to8	1	2	1*p01+1*p23	4	0.53	AVX512F_256
VFMSUB231PS	XMM, K, XMM, M128	1	2	1*p01+1*p23	4	0.53	AVX512F_128
VFMSUB231PS	XMM, K, XMM, XMM	1	1	1*p01	4	0.50	AVX512F_128
VFMSUB231PS	YMM, K, YMM, M32_1to8	1	2	1*p01+1*p23	4	0.53	AVX512F_256
VFMSUB231PS	ZMM, K, ZMM, M32_1to16	1	2	1*p0+1*p23	4	1.00	AVX512F_512
VFMSUB231PS	ZMM, K, ZMM, ZMM	1	1	1*p0	4	1.00	AVX512F_512
VFMSUB231SD	XMM, K, XMM, XMM	1	1	1*p01	4	0.50	AVX512F_SCALAR
VFMSUB231SD	XMM, XMM, XMM	1	1	1*p01	4	0.50	AVX512F_SCALAR
VFMSUB231SD	XMM, K, XMM, M64	1	2	1*p01+1*p23	4	0.53	AVX512F_SCALAR
VFMSUB231SS	XMM, K, XMM, XMM	1	1	1*p01	4	0.50	AVX512F_SCALAR
VFMSUB231SS	XMM, XMM, XMM	1	1	1*p01	4	0.50	AVX512F_SCALAR
VFMSUB231SS	XMM, K, XMM, M32	1	2	1*p01+1*p23	4	0.53	AVX512F_SCALAR
VFMSUBADD132PD	XMM, K, XMM, M128	1	2	1*p01+1*p23	4	0.53	AVX512F_128
VFMSUBADD132PD	XMM, K, XMM, XMM	1	1	1*p01	4	0.50	AVX512F_128
VFMSUBADD132PD	YMM, K, YMM, M64_1to4	1	2	1*p01+1*p23	4	0.53	AVX512F_256
VFMSUBADD132PD	ZMM, K, ZMM, M512	1	2	1*p0+1*p23	4	1.00	AVX512F_512
VFMSUBADD132PD	ZMM, K, ZMM, ZMM	1	1	1*p0	4	1.00	AVX512F_512
VFMSUBADD132PD	ZMM, ZMM, M64_1to8	1	2	1*p0+1*p23	4	1.00	AVX512F_512
VFMSUBADD132PD	XMM, XMM, M64_1to2	1	2	1*p01+1*p23	4	0.54	AVX512F_128
VFMSUBADD132PD	YMM, YMM, M256	1	2	1*p01+1*p23	4	0.54	AVX512F_256
VFMSUBADD132PD	YMM, YMM, YMM	1	1	1*p01	4	0.50	AVX512F_256
VFMSUBADD132PD	XMM, K, XMM, M64_1to2	1	2	1*p01+1*p23	4	0.54	AVX512F_128
VFMSUBADD132PD	YMM, K, YMM, M256	1	2	1*p01+1*p23	4	0.53	AVX512F_256
VFMSUBADD132PD	YMM, K, YMM, YMM	1	1	1*p01	4	0.50	AVX512F_256
VFMSUBADD132PD	ZMM, K, ZMM, M64_1to8	1	2	1*p0+1*p23	4	1.00	AVX512F_512
VFMSUBADD132PS	XMM, K, XMM, M128	1	2	1*p01+1*p23	4	0.53	AVX512F_128
VFMSUBADD132PS	XMM, K, XMM, XMM	1	1	1*p01	4	0.50	AVX512F_128
VFMSUBADD132PS	YMM, K, YMM, M32_1to8	1	2	1*p01+1*p23	4	0.54	AVX512F_256
VFMSUBADD132PS	ZMM, K, ZMM, M32_1to16	1	2	1*p0+1*p23	4	1.00	AVX512F_512
VFMSUBADD132PS	ZMM, K, ZMM, ZMM	1	1	1*p0	4	1.00	AVX512F_512
VFMSUBADD132PS	ZMM, ZMM, M512	1	2	1*p0+1*p23	4	1.00	AVX512F_512
VFMSUBADD132PS	XMM, XMM, M32_1to4	1	2	1*p01+1*p23	4	0.54	AVX512F_128
VFMSUBADD132PS	YMM, YMM, M256	1	2	1*p01+1*p23	4	0.53	AVX512F_256
VFMSUBADD132PS	YMM, YMM, YMM	1	1	1*p01	4	0.50	AVX512F_256
VFMSUBADD132PS	XMM, K, XMM, M32_1to4	1	2	1*p01+1*p23	4	0.53	AVX512F_128
VFMSUBADD132PS	YMM, K, YMM, M256	1	2	1*p01+1*p23	4	0.53	AVX512F_256
VFMSUBADD132PS	YMM, K, YMM, YMM	1	1	1*p01	4	0.50	AVX512F_256
VFMSUBADD132PS	ZMM, K, ZMM, M512	1	2	1*p0+1*p23	4	1.00	AVX512F_512
VFMSUBADD213PD	XMM, K, XMM, M128	1	2	1*p01+1*p23	4	0.53	AVX512F_128
VFMSUBADD213PD	XMM, K, XMM, XMM	1	1	1*p01	4	0.50	AVX512F_128
VFMSUBADD213PD	YMM, K, YMM, M64_1to4	1	2	1*p01+1*p23	4	0.54	AVX512F_256
VFMSUBADD213PD	ZMM, K, ZMM, M512	1	2	1*p0+1*p23	4	1.00	AVX512F_512
VFMSUBADD213PD	ZMM, K, ZMM, ZMM	1	1	1*p0	4	1.00	AVX512F_512
VFMSUBADD213PD	ZMM, ZMM, M64_1to8	1	2	1*p0+1*p23	4	1.00	AVX512F_512
VFMSUBADD213PD	XMM, XMM, M64_1to2	1	2	1*p01+1*p23	4	0.53	AVX512F_128
VFMSUBADD213PD	YMM, YMM, M256	1	2	1*p01+1*p23	4	0.54	AVX512F_256
VFMSUBADD213PD	YMM, YMM, YMM	1	1	1*p01	4	0.50	AVX512F_256
VFMSUBADD213PD	XMM, K, XMM, M64_1to2	1	2	1*p01+1*p23	4	0.53	AVX512F_128
VFMSUBADD213PD	YMM, K, YMM, M256	1	2	1*p01+1*p23	4	0.53	AVX512F_256
VFMSUBADD213PD	YMM, K, YMM, YMM	1	1	1*p01	4	0.50	AVX512F_256
VFMSUBADD213PD	ZMM, K, ZMM, M64_1to8	1	2	1*p0+1*p23	4	1.00	AVX512F_512
VFMSUBADD213PS	XMM, K, XMM, M128	1	2	1*p01+1*p23	4	0.53	AVX512F_128
VFMSUBADD213PS	XMM, K, XMM, XMM	1	1	1*p01	4	0.50	AVX512F_128
VFMSUBADD213PS	YMM, K, YMM, M32_1to8	1	2	1*p01+1*p23	4	0.54	AVX512F_256
VFMSUBADD213PS	ZMM, K, ZMM, M32_1to16	1	2	1*p0+1*p23	4	1.00	AVX512F_512
VFMSUBADD213PS	ZMM, K, ZMM, ZMM	1	1	1*p0	4	1.00	AVX512F_512
VFMSUBADD213PS	ZMM, ZMM, M512	1	2	1*p0+1*p23	4	1.00	AVX512F_512
VFMSUBADD213PS	XMM, XMM, M32_1to4	1	2	1*p01+1*p23	4	0.53	AVX512F_128
VFMSUBADD213PS	YMM, YMM, M256	1	2	1*p01+1*p23	4	0.53	AVX512F_256
VFMSUBADD213PS	YMM, YMM, YMM	1	1	1*p01	4	0.50	AVX512F_256
VFMSUBADD213PS	XMM, K, XMM, M32_1to4	1	2	1*p01+1*p23	4	0.53	AVX512F_128
VFMSUBADD213PS	YMM, K, YMM, M256	1	2	1*p01+1*p23	4	0.54	AVX512F_256
VFMSUBADD213PS	YMM, K, YMM, YMM	1	1	1*p01	4	0.50	AVX512F_256
VFMSUBADD213PS	ZMM, K, ZMM, M512	1	2	1*p0+1*p23	4	1.00	AVX512F_512
VFMSUBADD231PD	XMM, K, XMM, M128	1	2	1*p01+1*p23	4	0.53	AVX512F_128
VFMSUBADD231PD	XMM, K, XMM, XMM	1	1	1*p01	4	0.50	AVX512F_128
VFMSUBADD231PD	YMM, K, YMM, M64_1to4	1	2	1*p01+1*p23	4	0.53	AVX512F_256
VFMSUBADD231PD	ZMM, K, ZMM, M512	1	2	1*p0+1*p23	4	1.00	AVX512F_512
VFMSUBADD231PD	ZMM, K, ZMM, ZMM	1	1	1*p0	4	1.00	AVX512F_512
VFMSUBADD231PD	ZMM, ZMM, M64_1to8	1	2	1*p0+1*p23	4	1.00	AVX512F_512
VFMSUBADD231PD	XMM, XMM, M64_1to2	1	2	1*p01+1*p23	4	0.53	AVX512F_128
VFMSUBADD231PD	YMM, YMM, M256	1	2	1*p01+1*p23	4	0.53	AVX512F_256
VFMSUBADD231PD	YMM, YMM, YMM	1	1	1*p01	4	0.50	AVX512F_256
VFMSUBADD231PD	XMM, K, XMM, M64_1to2	1	2	1*p01+1*p23	4	0.53	AVX512F_128
VFMSUBADD231PD	YMM, K, YMM, M256	1	2	1*p01+1*p23	4	0.53	AVX512F_256
VFMSUBADD231PD	YMM, K, YMM, YMM	1	1	1*p01	4	0.50	AVX512F_256
VFMSUBADD231PD	ZMM, K, ZMM, M64_1to8	1	2	1*p0+1*p23	4	1.00	AVX512F_512
VFMSUBADD231PS	XMM, K, XMM, M128	1	2	1*p01+1*p23	4	0.54	AVX512F_128
VFMSUBADD231PS	XMM, K, XMM, XMM	1	1	1*p01	4	0.50	AVX512F_128
VFMSUBADD231PS	YMM, K, YMM, M32_1to8	1	2	1*p01+1*p23	4	0.54	AVX512F_256
VFMSUBADD231PS	ZMM, K, ZMM, M32_1to16	1	2	1*p0+1*p23	4	1.00	AVX512F_512
VFMSUBADD231PS	ZMM, K, ZMM, ZMM	1	1	1*p0	4	1.00	AVX512F_512
VFMSUBADD231PS	ZMM, ZMM, M512	1	2	1*p0+1*p23	4	1.00	AVX512F_512
VFMSUBADD231PS	XMM, XMM, M32_1to4	1	2	1*p01+1*p23	4	0.54	AVX512F_128
VFMSUBADD231PS	YMM, YMM, M256	1	2	1*p01+1*p23	4	0.54	AVX512F_256
VFMSUBADD231PS	YMM, YMM, YMM	1	1	1*p01	4	0.50	AVX512F_256
VFMSUBADD231PS	XMM, K, XMM, M32_1to4	1	2	1*p01+1*p23	4	0.53	AVX512F_128
VFMSUBADD231PS	YMM, K, YMM, M256	1	2	1*p01+1*p23	4	0.53	AVX512F_256
VFMSUBADD231PS	YMM, K, YMM, YMM	1	1	1*p01	4	0.50	AVX512F_256
VFMSUBADD231PS	ZMM, K, ZMM, M512	1	2	1*p0+1*p23	4	1.00	AVX512F_512
VFNMADD132PD	XMM, K, XMM, M128	1	2	1*p01+1*p23	4	0.53	AVX512F_128
VFNMADD132PD	XMM, K, XMM, XMM	1	1	1*p01	4	0.50	AVX512F_128
VFNMADD132PD	YMM, K, YMM, M64_1to4	1	2	1*p01+1*p23	4	0.53	AVX512F_256
VFNMADD132PD	ZMM, K, ZMM, M512	1	2	1*p0+1*p23	4	1.00	AVX512F_512
VFNMADD132PD	ZMM, K, ZMM, ZMM	1	1	1*p0	4	1.00	AVX512F_512
VFNMADD132PD	ZMM, ZMM, M64_1to8	1	2	1*p0+1*p23	4	1.00	AVX512F_512
VFNMADD132PD	XMM, XMM, M64_1to2	1	2	1*p01+1*p23	4	0.54	AVX512F_128
VFNMADD132PD	YMM, YMM, M256	1	2	1*p01+1*p23	4	0.53	AVX512F_256
VFNMADD132PD	YMM, YMM, YMM	1	1	1*p01	4	0.50	AVX512F_256
VFNMADD132PD	XMM, K, XMM, M64_1to2	1	2	1*p01+1*p23	4	0.53	AVX512F_128
VFNMADD132PD	YMM, K, YMM, M256	1	2	1*p01+1*p23	4	0.54	AVX512F_256
VFNMADD132PD	YMM, K, YMM, YMM	1	1	1*p01	4	0.50	AVX512F_256
VFNMADD132PD	ZMM, K, ZMM, M64_1to8	1	2	1*p0+1*p23	4	1.00	AVX512F_512
VFNMADD132PS	XMM, K, XMM, M128	1	2	1*p01+1*p23	4	0.53	AVX512F_128
VFNMADD132PS	XMM, K, XMM, XMM	1	1	1*p01	4	0.50	AVX512F_128
VFNMADD132PS	YMM, K, YMM, M32_1to8	1	2	1*p01+1*p23	4	0.53	AVX512F_256
VFNMADD132PS	ZMM, K, ZMM, M32_1to16	1	2	1*p0+1*p23	4	1.00	AVX512F_512
VFNMADD132PS	ZMM, K, ZMM, ZMM	1	1	1*p0	4	1.00	AVX512F_512
VFNMADD132PS	ZMM, ZMM, M512	1	2	1*p0+1*p23	4	1.00	AVX512F_512
VFNMADD132PS	XMM, XMM, M32_1to4	1	2	1*p01+1*p23	4	0.53	AVX512F_128
VFNMADD132PS	YMM, YMM, M256	1	2	1*p01+1*p23	4	0.54	AVX512F_256
VFNMADD132PS	YMM, YMM, YMM	1	1	1*p01	4	0.50	AVX512F_256
VFNMADD132PS	XMM, K, XMM, M32_1to4	1	2	1*p01+1*p23	4	0.53	AVX512F_128
VFNMADD132PS	YMM, K, YMM, M256	1	2	1*p01+1*p23	4	0.54	AVX512F_256
VFNMADD132PS	YMM, K, YMM, YMM	1	1	1*p01	4	0.50	AVX512F_256
VFNMADD132PS	ZMM, K, ZMM, M512	1	2	1*p0+1*p23	4	1.00	AVX512F_512
VFNMADD132SD	XMM, K, XMM, M64	1	2	1*p01+1*p23	4	0.54	AVX512F_SCALAR
VFNMADD132SD	XMM, K, XMM, XMM	1	1	1*p01	4	0.50	AVX512F_SCALAR
VFNMADD132SD	XMM, XMM, M64	1	2	1*p01+1*p23	4	0.53	AVX512F_SCALAR
VFNMADD132SD	XMM, XMM, XMM	1	1	1*p01	4	0.50	AVX512F_SCALAR
VFNMADD132SS	XMM, K, XMM, M32	1	2	1*p01+1*p23	4	0.53	AVX512F_SCALAR
VFNMADD132SS	XMM, K, XMM, XMM	1	1	1*p01	4	0.50	AVX512F_SCALAR
VFNMADD132SS	XMM, XMM, M32	1	2	1*p01+1*p23	4	0.53	AVX512F_SCALAR
VFNMADD132SS	XMM, XMM, XMM	1	1	1*p01	4	0.50	AVX512F_SCALAR
VFNMADD213PD	XMM, K, XMM, M128	1	2	1*p01+1*p23	4	0.53	AVX512F_128
VFNMADD213PD	XMM, K, XMM, XMM	1	1	1*p01	4	0.50	AVX512F_128
VFNMADD213PD	YMM, K, YMM, M64_1to4	1	2	1*p01+1*p23	4	0.53	AVX512F_256
VFNMADD213PD	ZMM, K, ZMM, M512	1	2	1*p0+1*p23	4	1.00	AVX512F_512
VFNMADD213PD	ZMM, K, ZMM, ZMM	1	1	1*p0	4	1.00	AVX512F_512
VFNMADD213PD	ZMM, ZMM, M64_1to8	1	2	1*p0+1*p23	4	1.00	AVX512F_512
VFNMADD213PD	XMM, XMM, M64_1to2	1	2	1*p01+1*p23	4	0.53	AVX512F_128
VFNMADD213PD	YMM, YMM, M256	1	2	1*p01+1*p23	4	0.53	AVX512F_256
VFNMADD213PD	YMM, YMM, YMM	1	1	1*p01	4	0.50	AVX512F_256
VFNMADD213PD	XMM, K, XMM, M64_1to2	1	2	1*p01+1*p23	4	0.54	AVX512F_128
VFNMADD213PD	YMM, K, YMM, M256	1	2	1*p01+1*p23	4	0.53	AVX512F_256
VFNMADD213PD	YMM, K, YMM, YMM	1	1	1*p01	4	0.50	AVX512F_256
VFNMADD213PD	ZMM, K, ZMM, M64_1to8	1	2	1*p0+1*p23	4	1.00	AVX512F_512
VFNMADD213PS	XMM, K, XMM, M128	1	2	1*p01+1*p23	4	0.54	AVX512F_128
VFNMADD213PS	XMM, K, XMM, XMM	1	1	1*p01	4	0.50	AVX512F_128
VFNMADD213PS	YMM, K, YMM, M32_1to8	1	2	1*p01+1*p23	4	0.53	AVX512F_256
VFNMADD213PS	ZMM, K, ZMM, M32_1to16	1	2	1*p0+1*p23	4	1.00	AVX512F_512
VFNMADD213PS	ZMM, K, ZMM, ZMM	1	1	1*p0	4	1.00	AVX512F_512
VFNMADD213PS	ZMM, ZMM, M512	1	2	1*p0+1*p23	4	1.00	AVX512F_512
VFNMADD213PS	XMM, XMM, M32_1to4	1	2	1*p01+1*p23	4	0.53	AVX512F_128
VFNMADD213PS	YMM, YMM, M256	1	2	1*p01+1*p23	4	0.53	AVX512F_256
VFNMADD213PS	YMM, YMM, YMM	1	1	1*p01	4	0.50	AVX512F_256
VFNMADD213PS	XMM, K, XMM, M32_1to4	1	2	1*p01+1*p23	4	0.53	AVX512F_128
VFNMADD213PS	YMM, K, YMM, M256	1	2	1*p01+1*p23	4	0.53	AVX512F_256
VFNMADD213PS	YMM, K, YMM, YMM	1	1	1*p01	4	0.50	AVX512F_256
VFNMADD213PS	ZMM, K, ZMM, M512	1	2	1*p0+1*p23	4	1.00	AVX512F_512
VFNMADD213SD	XMM, K, XMM, M64	1	2	1*p01+1*p23	4	0.53	AVX512F_SCALAR
VFNMADD213SD	XMM, K, XMM, XMM	1	1	1*p01	4	0.50	AVX512F_SCALAR
VFNMADD213SD	XMM, XMM, M64	1	2	1*p01+1*p23	4	0.53	AVX512F_SCALAR
VFNMADD213SD	XMM, XMM, XMM	1	1	1*p01	4	0.50	AVX512F_SCALAR
VFNMADD213SS	XMM, K, XMM, M32	1	2	1*p01+1*p23	4	0.53	AVX512F_SCALAR
VFNMADD213SS	XMM, K, XMM, XMM	1	1	1*p01	4	0.50	AVX512F_SCALAR
VFNMADD213SS	XMM, XMM, M32	1	2	1*p01+1*p23	4	0.53	AVX512F_SCALAR
VFNMADD213SS	XMM, XMM, XMM	1	1	1*p01	4	0.50	AVX512F_SCALAR
VFNMADD231PD	XMM, K, XMM, M128	1	2	1*p01+1*p23	4	0.53	AVX512F_128
VFNMADD231PD	XMM, K, XMM, XMM	1	1	1*p01	4	0.50	AVX512F_128
VFNMADD231PD	YMM, K, YMM, M64_1to4	1	2	1*p01+1*p23	4	0.54	AVX512F_256
VFNMADD231PD	ZMM, K, ZMM, M512	1	2	1*p0+1*p23	4	1.00	AVX512F_512
VFNMADD231PD	ZMM, K, ZMM, ZMM	1	1	1*p0	4	1.00	AVX512F_512
VFNMADD231PD	ZMM, ZMM, M64_1to8	1	2	1*p0+1*p23	4	1.00	AVX512F_512
VFNMADD231PD	XMM, XMM, M64_1to2	1	2	1*p01+1*p23	4	0.54	AVX512F_128
VFNMADD231PD	YMM, YMM, M256	1	2	1*p01+1*p23	4	0.53	AVX512F_256
VFNMADD231PD	YMM, YMM, YMM	1	1	1*p01	4	0.50	AVX512F_256
VFNMADD231PD	XMM, K, XMM, M64_1to2	1	2	1*p01+1*p23	4	0.53	AVX512F_128
VFNMADD231PD	YMM, K, YMM, M256	1	2	1*p01+1*p23	4	0.54	AVX512F_256
VFNMADD231PD	YMM, K, YMM, YMM	1	1	1*p01	4	0.50	AVX512F_256
VFNMADD231PD	ZMM, K, ZMM, M64_1to8	1	2	1*p0+1*p23	4	1.00	AVX512F_512
VFNMADD231PS	XMM, K, XMM, M128	1	2	1*p01+1*p23	4	0.53	AVX512F_128
VFNMADD231PS	XMM, K, XMM, XMM	1	1	1*p01	4	0.50	AVX512F_128
VFNMADD231PS	YMM, K, YMM, M32_1to8	1	2	1*p01+1*p23	4	0.53	AVX512F_256
VFNMADD231PS	ZMM, K, ZMM, M32_1to16	1	2	1*p0+1*p23	4	1.00	AVX512F_512
VFNMADD231PS	ZMM, K, ZMM, ZMM	1	1	1*p0	4	1.00	AVX512F_512
VFNMADD231PS	ZMM, ZMM, M512	1	2	1*p0+1*p23	4	1.00	AVX512F_512
VFNMADD231PS	XMM, XMM, M32_1to4	1	2	1*p01+1*p23	4	0.53	AVX512F_128
VFNMADD231PS	YMM, YMM, M256	1	2	1*p01+1*p23	4	0.54	AVX512F_256
VFNMADD231PS	YMM, YMM, YMM	1	1	1*p01	4	0.50	AVX512F_256
VFNMADD231PS	XMM, K, XMM, M32_1to4	1	2	1*p01+1*p23	4	0.53	AVX512F_128
VFNMADD231PS	YMM, K, YMM, M256	1	2	1*p01+1*p23	4	0.53	AVX512F_256
VFNMADD231PS	YMM, K, YMM, YMM	1	1	1*p01	4	0.50	AVX512F_256
VFNMADD231PS	ZMM, K, ZMM, M512	1	2	1*p0+1*p23	4	1.00	AVX512F_512
VFNMADD231SD	XMM, K, XMM, M64	1	2	1*p01+1*p23	4	0.53	AVX512F_SCALAR
VFNMADD231SD	XMM, K, XMM, XMM	1	1	1*p01	4	0.50	AVX512F_SCALAR
VFNMADD231SD	XMM, XMM, M64	1	2	1*p01+1*p23	4	0.54	AVX512F_SCALAR
VFNMADD231SD	XMM, XMM, XMM	1	1	1*p01	4	0.50	AVX512F_SCALAR
VFNMADD231SS	XMM, K, XMM, M32	1	2	1*p01+1*p23	4	0.53	AVX512F_SCALAR
VFNMADD231SS	XMM, K, XMM, XMM	1	1	1*p01	4	0.50	AVX512F_SCALAR
VFNMADD231SS	XMM, XMM, M32	1	2	1*p01+1*p23	4	0.53	AVX512F_SCALAR
VFNMADD231SS	XMM, XMM, XMM	1	1	1*p01	4	0.50	AVX512F_SCALAR
VFNMSUB132PD	XMM, K, XMM, M128	1	2	1*p01+1*p23	4	0.53	AVX512F_128
VFNMSUB132PD	XMM, K, XMM, XMM	1	1	1*p01	4	0.50	AVX512F_128
VFNMSUB132PD	YMM, K, YMM, M64_1to4	1	2	1*p01+1*p23	4	0.53	AVX512F_256
VFNMSUB132PD	ZMM, K, ZMM, M512	1	2	1*p0+1*p23	4	1.00	AVX512F_512
VFNMSUB132PD	ZMM, K, ZMM, ZMM	1	1	1*p0	4	1.00	AVX512F_512
VFNMSUB132PD	ZMM, ZMM, M64_1to8	1	2	1*p0+1*p23	4	1.00	AVX512F_512
VFNMSUB132PD	XMM, XMM, M64_1to2	1	2	1*p01+1*p23	4	0.54	AVX512F_128
VFNMSUB132PD	YMM, YMM, M256	1	2	1*p01+1*p23	4	0.53	AVX512F_256
VFNMSUB132PD	YMM, YMM, YMM	1	1	1*p01	4	0.50	AVX512F_256
VFNMSUB132PD	XMM, K, XMM, M64_1to2	1	2	1*p01+1*p23	4	0.53	AVX512F_128
VFNMSUB132PD	YMM, K, YMM, M256	1	2	1*p01+1*p23	4	0.53	AVX512F_256
VFNMSUB132PD	YMM, K, YMM, YMM	1	1	1*p01	4	0.50	AVX512F_256
VFNMSUB132PD	ZMM, K, ZMM, M64_1to8	1	2	1*p0+1*p23	4	1.00	AVX512F_512
VFNMSUB132PS	XMM, K, XMM, M128	1	2	1*p01+1*p23	4	0.54	AVX512F_128
VFNMSUB132PS	XMM, K, XMM, XMM	1	1	1*p01	4	0.50	AVX512F_128
VFNMSUB132PS	YMM, K, YMM, M32_1to8	1	2	1*p01+1*p23	4	0.53	AVX512F_256
VFNMSUB132PS	ZMM, K, ZMM, M32_1to16	1	2	1*p0+1*p23	4	1.00	AVX512F_512
VFNMSUB132PS	ZMM, K, ZMM, ZMM	1	1	1*p0	4	1.00	AVX512F_512
VFNMSUB132PS	ZMM, ZMM, M512	1	2	1*p0+1*p23	4	1.00	AVX512F_512
VFNMSUB132PS	XMM, XMM, M32_1to4	1	2	1*p01+1*p23	4	0.53	AVX512F_128
VFNMSUB132PS	YMM, YMM, M256	1	2	1*p01+1*p23	4	0.53	AVX512F_256
VFNMSUB132PS	YMM, YMM, YMM	1	1	1*p01	4	0.50	AVX512F_256
VFNMSUB132PS	XMM, K, XMM, M32_1to4	1	2	1*p01+1*p23	4	0.53	AVX512F_128
VFNMSUB132PS	YMM, K, YMM, M256	1	2	1*p01+1*p23	4	0.53	AVX512F_256
VFNMSUB132PS	YMM, K, YMM, YMM	1	1	1*p01	4	0.50	AVX512F_256
VFNMSUB132PS	ZMM, K, ZMM, M512	1	2	1*p0+1*p23	4	1.00	AVX512F_512
VFNMSUB132SD	XMM, K, XMM, M64	1	2	1*p01+1*p23	4	0.53	AVX512F_SCALAR
VFNMSUB132SD	XMM, K, XMM, XMM	1	1	1*p01	4	0.50	AVX512F_SCALAR
VFNMSUB132SD	XMM, XMM, M64	1	2	1*p01+1*p23	4	0.53	AVX512F_SCALAR
VFNMSUB132SD	XMM, XMM, XMM	1	1	1*p01	4	0.50	AVX512F_SCALAR
VFNMSUB132SS	XMM, K, XMM, M32	1	2	1*p01+1*p23	4	0.54	AVX512F_SCALAR
VFNMSUB132SS	XMM, K, XMM, XMM	1	1	1*p01	4	0.50	AVX512F_SCALAR
VFNMSUB132SS	XMM, XMM, M32	1	2	1*p01+1*p23	4	0.53	AVX512F_SCALAR
VFNMSUB132SS	XMM, XMM, XMM	1	1	1*p01	4	0.50	AVX512F_SCALAR
VFNMSUB213PD	XMM, K, XMM, M128	1	2	1*p01+1*p23	4	0.53	AVX512F_128
VFNMSUB213PD	XMM, K, XMM, XMM	1	1	1*p01	4	0.50	AVX512F_128
VFNMSUB213PD	YMM, K, YMM, M64_1to4	1	2	1*p01+1*p23	4	0.53	AVX512F_256
VFNMSUB213PD	ZMM, K, ZMM, M512	1	2	1*p0+1*p23	4	1.00	AVX512F_512
VFNMSUB213PD	ZMM, K, ZMM, ZMM	1	1	1*p0	4	1.00	AVX512F_512
VFNMSUB213PD	ZMM, ZMM, M64_1to8	1	2	1*p0+1*p23	4	1.00	AVX512F_512
VFNMSUB213PD	XMM, XMM, M64_1to2	1	2	1*p01+1*p23	4	0.54	AVX512F_128
VFNMSUB213PD	YMM, YMM, M256	1	2	1*p01+1*p23	4	0.53	AVX512F_256
VFNMSUB213PD	YMM, YMM, YMM	1	1	1*p01	4	0.50	AVX512F_256
VFNMSUB213PD	XMM, K, XMM, M64_1to2	1	2	1*p01+1*p23	4	0.54	AVX512F_128
VFNMSUB213PD	YMM, K, YMM, M256	1	2	1*p01+1*p23	4	0.53	AVX512F_256
VFNMSUB213PD	YMM, K, YMM, YMM	1	1	1*p01	4	0.50	AVX512F_256
VFNMSUB213PD	ZMM, K, ZMM, M64_1to8	1	2	1*p0+1*p23	4	1.00	AVX512F_512
VFNMSUB213PS	XMM, K, XMM, M128	1	2	1*p01+1*p23	4	0.54	AVX512F_128
VFNMSUB213PS	XMM, K, XMM, XMM	1	1	1*p01	4	0.50	AVX512F_128
VFNMSUB213PS	YMM, K, YMM, M32_1to8	1	2	1*p01+1*p23	4	0.54	AVX512F_256
VFNMSUB213PS	ZMM, K, ZMM, M32_1to16	1	2	1*p0+1*p23	4	1.00	AVX512F_512
VFNMSUB213PS	ZMM, K, ZMM, ZMM	1	1	1*p0	4	1.00	AVX512F_512
VFNMSUB213PS	ZMM, ZMM, M512	1	2	1*p0+1*p23	4	1.00	AVX512F_512
VFNMSUB213PS	XMM, XMM, M32_1to4	1	2	1*p01+1*p23	4	0.53	AVX512F_128
VFNMSUB213PS	YMM, YMM, M256	1	2	1*p01+1*p23	4	0.53	AVX512F_256
VFNMSUB213PS	YMM, YMM, YMM	1	1	1*p01	4	0.50	AVX512F_256
VFNMSUB213PS	XMM, K, XMM, M32_1to4	1	2	1*p01+1*p23	4	0.54	AVX512F_128
VFNMSUB213PS	YMM, K, YMM, M256	1	2	1*p01+1*p23	4	0.53	AVX512F_256
VFNMSUB213PS	YMM, K, YMM, YMM	1	1	1*p01	4	0.50	AVX512F_256
VFNMSUB213PS	ZMM, K, ZMM, M512	1	2	1*p0+1*p23	4	1.00	AVX512F_512
VFNMSUB213SD	XMM, K, XMM, M64	1	2	1*p01+1*p23	4	0.54	AVX512F_SCALAR
VFNMSUB213SD	XMM, K, XMM, XMM	1	1	1*p01	4	0.50	AVX512F_SCALAR
VFNMSUB213SD	XMM, XMM, M64	1	2	1*p01+1*p23	4	0.54	AVX512F_SCALAR
VFNMSUB213SD	XMM, XMM, XMM	1	1	1*p01	4	0.50	AVX512F_SCALAR
VFNMSUB213SS	XMM, K, XMM, M32	1	2	1*p01+1*p23	4	0.53	AVX512F_SCALAR
VFNMSUB213SS	XMM, K, XMM, XMM	1	1	1*p01	4	0.50	AVX512F_SCALAR
VFNMSUB213SS	XMM, XMM, M32	1	2	1*p01+1*p23	4	0.53	AVX512F_SCALAR
VFNMSUB213SS	XMM, XMM, XMM	1	1	1*p01	4	0.50	AVX512F_SCALAR
VFNMSUB231PD	XMM, K, XMM, M128	1	2	1*p01+1*p23	4	0.54	AVX512F_128
VFNMSUB231PD	XMM, K, XMM, XMM	1	1	1*p01	4	0.50	AVX512F_128
VFNMSUB231PD	YMM, K, YMM, M64_1to4	1	2	1*p01+1*p23	4	0.54	AVX512F_256
VFNMSUB231PD	ZMM, K, ZMM, M512	1	2	1*p0+1*p23	4	1.00	AVX512F_512
VFNMSUB231PD	ZMM, K, ZMM, ZMM	1	1	1*p0	4	1.00	AVX512F_512
VFNMSUB231PD	ZMM, ZMM, M64_1to8	1	2	1*p0+1*p23	4	1.00	AVX512F_512
VFNMSUB231PD	XMM, XMM, M64_1to2	1	2	1*p01+1*p23	4	0.53	AVX512F_128
VFNMSUB231PD	YMM, YMM, M256	1	2	1*p01+1*p23	4	0.53	AVX512F_256
VFNMSUB231PD	YMM, YMM, YMM	1	1	1*p01	4	0.50	AVX512F_256
VFNMSUB231PD	XMM, K, XMM, M64_1to2	1	2	1*p01+1*p23	4	0.53	AVX512F_128
VFNMSUB231PD	YMM, K, YMM, M256	1	2	1*p01+1*p23	4	0.53	AVX512F_256
VFNMSUB231PD	YMM, K, YMM, YMM	1	1	1*p01	4	0.50	AVX512F_256
VFNMSUB231PD	ZMM, K, ZMM, M64_1to8	1	2	1*p0+1*p23	4	1.00	AVX512F_512
VFNMSUB231PS	XMM, K, XMM, M128	1	2	1*p01+1*p23	4	0.54	AVX512F_128
VFNMSUB231PS	XMM, K, XMM, XMM	1	1	1*p01	4	0.50	AVX512F_128
VFNMSUB231PS	YMM, K, YMM, M32_1to8	1	2	1*p01+1*p23	4	0.53	AVX512F_256
VFNMSUB231PS	ZMM, K, ZMM, M32_1to16	1	2	1*p0+1*p23	4	1.00	AVX512F_512
VFNMSUB231PS	ZMM, K, ZMM, ZMM	1	1	1*p0	4	1.00	AVX512F_512
VFNMSUB231PS	ZMM, ZMM, M512	1	2	1*p0+1*p23	4	1.00	AVX512F_512
VFNMSUB231PS	XMM, XMM, M32_1to4	1	2	1*p01+1*p23	4	0.53	AVX512F_128
VFNMSUB231PS	YMM, YMM, M256	1	2	1*p01+1*p23	4	0.54	AVX512F_256
VFNMSUB231PS	YMM, YMM, YMM	1	1	1*p01	4	0.50	AVX512F_256
VFNMSUB231PS	XMM, K, XMM, M32_1to4	1	2	1*p01+1*p23	4	0.53	AVX512F_128
VFNMSUB231PS	YMM, K, YMM, M256	1	2	1*p01+1*p23	4	0.53	AVX512F_256
VFNMSUB231PS	YMM, K, YMM, YMM	1	1	1*p01	4	0.50	AVX512F_256
VFNMSUB231PS	ZMM, K, ZMM, M512	1	2	1*p0+1*p23	4	1.00	AVX512F_512
VFNMSUB231SD	XMM, K, XMM, M64	1	2	1*p01+1*p23	4	0.53	AVX512F_SCALAR
VFNMSUB231SD	XMM, K, XMM, XMM	1	1	1*p01	4	0.50	AVX512F_SCALAR
VFNMSUB231SD	XMM, XMM, M64	1	2	1*p01+1*p23	4	0.53	AVX512F_SCALAR
VFNMSUB231SD	XMM, XMM, XMM	1	1	1*p01	4	0.50	AVX512F_SCALAR
VFNMSUB231SS	XMM, K, XMM, M32	1	2	1*p01+1*p23	4	0.53	AVX512F_SCALAR
VFNMSUB231SS	XMM, K, XMM, XMM	1	1	1*p01	4	0.50	AVX512F_SCALAR
VFNMSUB231SS	XMM, XMM, M32	1	2	1*p01+1*p23	4	0.53	AVX512F_SCALAR
VFNMSUB231SS	XMM, XMM, XMM	1	1	1*p01	4	0.50	AVX512F_SCALAR
VFPCLASSPD	K, K, M256, I8	2	2	1*p23+1*p5	3	1.00	AVX512DQ_256
VFPCLASSPD	K, K, M64_1to2, I8	2	2	1*p23+1*p5	3	1.00	AVX512DQ_128
VFPCLASSPD	K, K, M64_1to8, I8	2	2	1*p23+1*p5	3	1.00	AVX512DQ_512
VFPCLASSPD	K, K, YMM, I8	1	1	1*p5	3	1.00	AVX512DQ_256
VFPCLASSPD	K, M128, I8	2	2	1*p23+1*p5		1.00	AVX512DQ_128
VFPCLASSPD	K, M512, I8	2	2	1*p23+1*p5		1.00	AVX512DQ_512
VFPCLASSPD	K, M64_1to4, I8	2	2	1*p23+1*p5		1.00	AVX512DQ_256
VFPCLASSPD	K, XMM, I8	1	1	1*p5	3	1.00	AVX512DQ_128
VFPCLASSPD	K, ZMM, I8	1	1	1*p5	3	1.00	AVX512DQ_512
VFPCLASSPS	K, K, M256, I8	2	2	1*p23+1*p5	3	1.00	AVX512DQ_256
VFPCLASSPS	K, K, M32_1to4, I8	2	2	1*p23+1*p5	3	1.00	AVX512DQ_128
VFPCLASSPS	K, K, M512, I8	2	2	1*p23+1*p5	3	1.00	AVX512DQ_512
VFPCLASSPS	K, K, YMM, I8	1	1	1*p5	3	1.00	AVX512DQ_256
VFPCLASSPS	K, M128, I8	2	2	1*p23+1*p5		1.00	AVX512DQ_128
VFPCLASSPS	K, M32_1to16, I8	2	2	1*p23+1*p5		1.00	AVX512DQ_512
VFPCLASSPS	K, M32_1to8, I8	2	2	1*p23+1*p5		1.00	AVX512DQ_256
VFPCLASSPS	K, XMM, I8	1	1	1*p5	3	1.00	AVX512DQ_128
VFPCLASSPS	K, ZMM, I8	1	1	1*p5	3	1.00	AVX512DQ_512
VFPCLASSSD	K, K, XMM, I8	1	1	1*p5	3	1.00	AVX512DQ_SCALAR
VFPCLASSSD	K, XMM, I8	1	1	1*p5	3	1.00	AVX512DQ_SCALAR
VFPCLASSSS	K, K, XMM, I8	1	1	1*p5	3	1.00	AVX512DQ_SCALAR
VFPCLASSSS	K, XMM, I8	1	1	1*p5	3	1.00	AVX512DQ_SCALAR
VGATHERDPD	YMM, K, VSIB_XMM	4	4	1*p0+4*p23+1*p5	19	3.00	AVX512F_256
VGATHERDPS	XMM, K, VSIB_XMM	4	4	1*p0+4*p23+1*p5	19	3.00	AVX512F_128
VGATHERDPS	ZMM, K, VSIB_ZMM	4	4	1*p0+16*p23+1*p5	25	9.00	AVX512F_512
VGATHERQPD	YMM, K, VSIB_YMM	4	4	1*p0+4*p23+1*p5	19	3.00	AVX512F_256
VGATHERQPS	XMM, K, VSIB_XMM	4	4	1*p0+2*p23+1*p5	17	2.00	AVX512F_128
VGATHERQPS	YMM, K, VSIB_ZMM	4	4	1*p0+8*p23+1*p5	21	5.00	AVX512F_512
VGETEXPPD	XMM, K, M128	1	2	1*p01+1*p23	4	0.53	AVX512F_128
VGETEXPPD	XMM, K, XMM	1	1	1*p01	4	0.50	AVX512F_128
VGETEXPPD	XMM, M64_1to2	1	2	1*p01+1*p23		0.53	AVX512F_128
VGETEXPPD	YMM, K, M256	1	2	1*p01+1*p23	4	0.53	AVX512F_256
VGETEXPPD	YMM, K, YMM	1	1	1*p01	4	0.50	AVX512F_256
VGETEXPPD	YMM, M64_1to4	1	2	1*p01+1*p23		0.54	AVX512F_256
VGETEXPPD	ZMM, K, M512	1	2	1*p0+1*p23	4	1.00	AVX512F_512
VGETEXPPD	ZMM, K, ZMM	1	1	1*p0	4	1.00	AVX512F_512
VGETEXPPD	ZMM, M64_1to8	1	2	1*p0+1*p23		1.00	AVX512F_512
VGETEXPPD	XMM, K, M64_1to2	1	2	1*p01+1*p23	4	0.54	AVX512F_128
VGETEXPPD	ZMM, K, M64_1to8	1	2	1*p0+1*p23	4	1.00	AVX512F_512
VGETEXPPS	XMM, K, M128	1	2	1*p01+1*p23	4	0.53	AVX512F_128
VGETEXPPS	XMM, K, XMM	1	1	1*p01	4	0.50	AVX512F_128
VGETEXPPS	XMM, M32_1to4	1	2	1*p01+1*p23		0.52	AVX512F_128
VGETEXPPS	YMM, K, M256	1	2	1*p01+1*p23	4	0.54	AVX512F_256
VGETEXPPS	YMM, K, YMM	1	1	1*p01	4	0.50	AVX512F_256
VGETEXPPS	YMM, M32_1to8	1	2	1*p01+1*p23		0.52	AVX512F_256
VGETEXPPS	ZMM, K, M32_1to16	1	2	1*p0+1*p23	4	1.00	AVX512F_512
VGETEXPPS	ZMM, K, ZMM	1	1	1*p0	4	1.00	AVX512F_512
VGETEXPPS	ZMM, M512	1	2	1*p0+1*p23		1.00	AVX512F_512
VGETEXPPS	XMM, K, M32_1to4	1	2	1*p01+1*p23	4	0.54	AVX512F_128
VGETEXPPS	YMM, K, M256	1	2	1*p01+1*p23	4	0.53	AVX512F_256
VGETEXPPS	ZMM, K, M512	1	2	1*p0+1*p23	4	1.00	AVX512F_512
VGETEXPSD	XMM, K, XMM, M64	1	2	1*p01+1*p23	4	0.53	AVX512F_SCALAR
VGETEXPSD	XMM, XMM, M64	1	2	1*p01+1*p23	4	0.53	AVX512F_SCALAR
VGETEXPSD	XMM, K, XMM, XMM	1	1	1*p01	4	0.50	AVX512F_SCALAR
VGETEXPSS	XMM, K, XMM, M32	1	2	1*p01+1*p23	4	0.54	AVX512F_SCALAR
VGETEXPSS	XMM, XMM, M32	1	2	1*p01+1*p23	4	0.53	AVX512F_SCALAR
VGETEXPSS	XMM, K, XMM, XMM	1	1	1*p01	4	0.50	AVX512F_SCALAR
VGETMANTPD	XMM, K, M128, I8	2	2	1*p01+1*p23	4	1.00	AVX512F_128
VGETMANTPD	XMM, K, XMM, I8	1	1	1*p01	4	0.50	AVX512F_128
VGETMANTPD	XMM, M64_1to2, I8	2	2	1*p01+1*p23		1.00	AVX512F_128
VGETMANTPD	YMM, K, M256, I8	2	2	1*p01+1*p23	4	1.00	AVX512F_256
VGETMANTPD	YMM, K, YMM, I8	1	1	1*p01	4	0.50	AVX512F_256
VGETMANTPD	YMM, M64_1to4, I8	2	2	1*p01+1*p23		1.00	AVX512F_256
VGETMANTPD	ZMM, K, M512, I8	2	2	1*p0+1*p23	4	1.00	AVX512F_512
VGETMANTPD	ZMM, K, ZMM, I8	1	1	1*p0	4	1.00	AVX512F_512
VGETMANTPD	ZMM, M64_1to8, I8	2	2	1*p0+1*p23		1.00	AVX512F_512
VGETMANTPD	XMM, K, M64_1to2, I8	2	2	1*p01+1*p23	4	1.00	AVX512F_128
VGETMANTPD	ZMM, K, M64_1to8, I8	2	2	1*p0+1*p23	4	1.00	AVX512F_512
VGETMANTPS	XMM, K, M128, I8	2	2	1*p01+1*p23	4	1.00	AVX512F_128
VGETMANTPS	XMM, K, XMM, I8	1	1	1*p01	4	0.50	AVX512F_128
VGETMANTPS	XMM, M32_1to4, I8	2	2	1*p01+1*p23		1.00	AVX512F_128
VGETMANTPS	YMM, K, M256, I8	2	2	1*p01+1*p23	4	1.00	AVX512F_256
VGETMANTPS	YMM, K, YMM, I8	1	1	1*p01	4	0.50	AVX512F_256
VGETMANTPS	YMM, M32_1to8, I8	2	2	1*p01+1*p23		1.00	AVX512F_256
VGETMANTPS	ZMM, K, M32_1to16, I8	2	2	1*p0+1*p23	4	1.00	AVX512F_512
VGETMANTPS	ZMM, K, ZMM, I8	1	1	1*p0	4	1.00	AVX512F_512
VGETMANTPS	ZMM, M512, I8	2	2	1*p0+1*p23		1.00	AVX512F_512
VGETMANTPS	XMM, K, M32_1to4, I8	2	2	1*p01+1*p23	4	1.00	AVX512F_128
VGETMANTPS	ZMM, K, M512, I8	2	2	1*p0+1*p23	4	1.00	AVX512F_512
VGETMANTSD	XMM, K, XMM, M64, I8	2	2	1*p01+1*p23	4	1.00	AVX512F_SCALAR
VGETMANTSD	XMM, XMM, M64, I8	2	2	1*p01+1*p23	4	1.00	AVX512F_SCALAR
VGETMANTSD	XMM, K, XMM, XMM, I8	1	1	1*p01	4	0.50	AVX512F_SCALAR
VGETMANTSS	XMM, K, XMM, M32, I8	2	2	1*p01+1*p23	4	1.00	AVX512F_SCALAR
VGETMANTSS	XMM, XMM, M32, I8	2	2	1*p01+1*p23	4	1.00	AVX512F_SCALAR
VGETMANTSS	XMM, K, XMM, XMM, I8	1	1	1*p01	4	0.50	AVX512F_SCALAR
VINSERTF32X4	YMM, K, YMM, XMM, I8	1	1	1*p5	3	1.00	AVX512F_256
VINSERTF32X4	YMM, YMM, XMM, I8	1	1	1*p5	3	1.00	AVX512F_256
VINSERTF32X4	ZMM, K, ZMM, XMM, I8	1	1	1*p5	3	1.00	AVX512F_512
VINSERTF32X4	ZMM, ZMM, XMM, I8	1	1	1*p5	3	1.00	AVX512F_512
VINSERTF32X8	ZMM, K, ZMM, YMM, I8	1	1	1*p5	3	1.00	AVX512DQ_512
VINSERTF32X8	ZMM, ZMM, YMM, I8	1	1	1*p5	3	1.00	AVX512DQ_512
VINSERTF64X2	YMM, K, YMM, XMM, I8	1	1	1*p5	3	1.00	AVX512DQ_256
VINSERTF64X2	YMM, YMM, XMM, I8	1	1	1*p5	3	1.00	AVX512DQ_256
VINSERTF64X2	ZMM, K, ZMM, XMM, I8	1	1	1*p5	3	1.00	AVX512DQ_512
VINSERTF64X2	ZMM, ZMM, XMM, I8	1	1	1*p5	3	1.00	AVX512DQ_512
VINSERTF64X4	ZMM, K, ZMM, YMM, I8	1	1	1*p5	3	1.00	AVX512F_512
VINSERTF64X4	ZMM, ZMM, YMM, I8	1	1	1*p5	3	1.00	AVX512F_512
VINSERTI32X4	YMM, K, YMM, XMM, I8	1	1	1*p5	3	1.00	AVX512F_256
VINSERTI32X4	YMM, YMM, XMM, I8	1	1	1*p5	3	1.00	AVX512F_256
VINSERTI32X4	ZMM, K, ZMM, XMM, I8	1	1	1*p5	3	1.00	AVX512F_512
VINSERTI32X4	ZMM, ZMM, XMM, I8	1	1	1*p5	3	1.00	AVX512F_512
VINSERTI32X8	ZMM, K, ZMM, YMM, I8	1	1	1*p5	3	1.00	AVX512DQ_512
VINSERTI32X8	ZMM, ZMM, YMM, I8	1	1	1*p5	3	1.00	AVX512DQ_512
VINSERTI64X2	YMM, K, YMM, XMM, I8	1	1	1*p5	3	1.00	AVX512DQ_256
VINSERTI64X2	YMM, YMM, XMM, I8	1	1	1*p5	3	1.00	AVX512DQ_256
VINSERTI64X2	ZMM, K, ZMM, XMM, I8	1	1	1*p5	3	1.00	AVX512DQ_512
VINSERTI64X2	ZMM, ZMM, XMM, I8	1	1	1*p5	3	1.00	AVX512DQ_512
VINSERTI64X4	ZMM, K, ZMM, YMM, I8	1	1	1*p5	3	1.00	AVX512F_512
VINSERTI64X4	ZMM, ZMM, YMM, I8	1	1	1*p5	3	1.00	AVX512F_512
VINSERTPS	XMM, XMM, XMM, I8	1	1	1*p5	1	1.00	AVX512F_128N
VMAXPD	XMM, K, XMM, M128	1	2	1*p01+1*p23	4	0.53	AVX512F_128
VMAXPD	XMM, K, XMM, XMM	1	1	1*p01	4	0.50	AVX512F_128
VMAXPD	YMM, K, YMM, M64_1to4	1	2	1*p01+1*p23	4	0.53	AVX512F_256
VMAXPD	ZMM, K, ZMM, M512	1	2	1*p0+1*p23	4	1.00	AVX512F_512
VMAXPD	ZMM, K, ZMM, ZMM	1	1	1*p0	4	1.00	AVX512F_512
VMAXPD	ZMM, ZMM, M64_1to8	1	2	1*p0+1*p23	4	1.00	AVX512F_512
VMAXPD	XMM, XMM, M128	1	2	1*p01+1*p23	4	0.53	AVX512F_128
VMAXPD	XMM, XMM, XMM	1	1	1*p01	4	0.50	AVX512F_128
VMAXPD	YMM, YMM, M64_1to4	1	2	1*p01+1*p23	4	0.53	AVX512F_256
VMAXPD	XMM, K, XMM, M64_1to2	1	2	1*p01+1*p23	4	0.53	AVX512F_128
VMAXPD	YMM, K, YMM, M256	1	2	1*p01+1*p23	4	0.53	AVX512F_256
VMAXPD	YMM, K, YMM, YMM	1	1	1*p01	4	0.50	AVX512F_256
VMAXPD	ZMM, K, ZMM, M64_1to8	1	2	1*p0+1*p23	4	1.00	AVX512F_512
VMAXPS	XMM, K, XMM, M128	1	2	1*p01+1*p23	4	0.54	AVX512F_128
VMAXPS	XMM, K, XMM, XMM	1	1	1*p01	4	0.50	AVX512F_128
VMAXPS	YMM, K, YMM, M32_1to8	1	2	1*p01+1*p23	4	0.53	AVX512F_256
VMAXPS	ZMM, K, ZMM, M32_1to16	1	2	1*p0+1*p23	4	1.00	AVX512F_512
VMAXPS	ZMM, K, ZMM, ZMM	1	1	1*p0	4	1.00	AVX512F_512
VMAXPS	ZMM, ZMM, M512	1	2	1*p0+1*p23	4	1.00	AVX512F_512
VMAXPS	XMM, XMM, M128	1	2	1*p01+1*p23	4	0.53	AVX512F_128
VMAXPS	XMM, XMM, XMM	1	1	1*p01	4	0.50	AVX512F_128
VMAXPS	YMM, YMM, M32_1to8	1	2	1*p01+1*p23	4	0.53	AVX512F_256
VMAXPS	XMM, K, XMM, M32_1to4	1	2	1*p01+1*p23	4	0.53	AVX512F_128
VMAXPS	YMM, K, YMM, M256	1	2	1*p01+1*p23	4	0.53	AVX512F_256
VMAXPS	YMM, K, YMM, YMM	1	1	1*p01	4	0.50	AVX512F_256
VMAXPS	ZMM, K, ZMM, M512	1	2	1*p0+1*p23	4	1.00	AVX512F_512
VMAXSD	XMM, K, XMM, M64	1	2	1*p01+1*p23	4	0.53	AVX512F_SCALAR
VMAXSD	XMM, XMM, M64	1	2	1*p01+1*p23	4	0.53	AVX512F_SCALAR
VMAXSD	XMM, XMM, XMM	1	1	1*p01	4	0.50	AVX512F_SCALAR
VMAXSD	XMM, K, XMM, XMM	1	1	1*p01	4	0.50	AVX512F_SCALAR
VMAXSS	XMM, K, XMM, M32	1	2	1*p01+1*p23	4	0.53	AVX512F_SCALAR
VMAXSS	XMM, XMM, M32	1	2	1*p01+1*p23	4	0.53	AVX512F_SCALAR
VMAXSS	XMM, XMM, XMM	1	1	1*p01	4	0.50	AVX512F_SCALAR
VMAXSS	XMM, K, XMM, XMM	1	1	1*p01	4	0.50	AVX512F_SCALAR
VMINPD	XMM, K, XMM, M128	1	2	1*p01+1*p23	4	0.53	AVX512F_128
VMINPD	XMM, K, XMM, XMM	1	1	1*p01	4	0.50	AVX512F_128
VMINPD	YMM, K, YMM, M64_1to4	1	2	1*p01+1*p23	4	0.54	AVX512F_256
VMINPD	ZMM, K, ZMM, M512	1	2	1*p0+1*p23	4	1.00	AVX512F_512
VMINPD	ZMM, K, ZMM, ZMM	1	1	1*p0	4	1.00	AVX512F_512
VMINPD	ZMM, ZMM, M64_1to8	1	2	1*p0+1*p23	4	1.00	AVX512F_512
VMINPD	XMM, XMM, M128	1	2	1*p01+1*p23	4	0.53	AVX512F_128
VMINPD	XMM, XMM, XMM	1	1	1*p01	4	0.50	AVX512F_128
VMINPD	YMM, YMM, M64_1to4	1	2	1*p01+1*p23	4	0.53	AVX512F_256
VMINPD	XMM, K, XMM, M64_1to2	1	2	1*p01+1*p23	4	0.53	AVX512F_128
VMINPD	YMM, K, YMM, M256	1	2	1*p01+1*p23	4	0.53	AVX512F_256
VMINPD	YMM, K, YMM, YMM	1	1	1*p01	4	0.50	AVX512F_256
VMINPD	ZMM, K, ZMM, M64_1to8	1	2	1*p0+1*p23	4	1.00	AVX512F_512
VMINPS	XMM, K, XMM, M128	1	2	1*p01+1*p23	4	0.53	AVX512F_128
VMINPS	XMM, K, XMM, XMM	1	1	1*p01	4	0.50	AVX512F_128
VMINPS	YMM, K, YMM, M32_1to8	1	2	1*p01+1*p23	4	0.53	AVX512F_256
VMINPS	ZMM, K, ZMM, M32_1to16	1	2	1*p0+1*p23	4	1.00	AVX512F_512
VMINPS	ZMM, K, ZMM, ZMM	1	1	1*p0	4	1.00	AVX512F_512
VMINPS	ZMM, ZMM, M512	1	2	1*p0+1*p23	4	1.00	AVX512F_512
VMINPS	XMM, XMM, M128	1	2	1*p01+1*p23	4	0.53	AVX512F_128
VMINPS	XMM, XMM, XMM	1	1	1*p01	4	0.50	AVX512F_128
VMINPS	YMM, YMM, M32_1to8	1	2	1*p01+1*p23	4	0.53	AVX512F_256
VMINPS	XMM, K, XMM, M32_1to4	1	2	1*p01+1*p23	4	0.53	AVX512F_128
VMINPS	YMM, K, YMM, M256	1	2	1*p01+1*p23	4	0.53	AVX512F_256
VMINPS	YMM, K, YMM, YMM	1	1	1*p01	4	0.50	AVX512F_256
VMINPS	ZMM, K, ZMM, M512	1	2	1*p0+1*p23	4	1.00	AVX512F_512
VMINSD	XMM, K, XMM, M64	1	2	1*p01+1*p23	4	0.53	AVX512F_SCALAR
VMINSD	XMM, XMM, M64	1	2	1*p01+1*p23	4	0.53	AVX512F_SCALAR
VMINSD	XMM, XMM, XMM	1	1	1*p01	4	0.50	AVX512F_SCALAR
VMINSD	XMM, K, XMM, XMM	1	1	1*p01	4	0.50	AVX512F_SCALAR
VMINSS	XMM, K, XMM, M32	1	2	1*p01+1*p23	4	0.53	AVX512F_SCALAR
VMINSS	XMM, XMM, M32	1	2	1*p01+1*p23	4	0.53	AVX512F_SCALAR
VMINSS	XMM, XMM, XMM	1	1	1*p01	4	0.50	AVX512F_SCALAR
VMINSS	XMM, K, XMM, XMM	1	1	1*p01	4	0.50	AVX512F_SCALAR
VMOVAPD	M256, K, YMM	1	2	1*p237+1*p4	4	1.00	AVX512F_256
VMOVAPD	M512, ZMM	1	2	1*p237+1*p4	4	1.00	AVX512F_512
VMOVAPD	XMM, K, XMM	1	1	1*p015	1	0.38	AVX512F_128
VMOVAPD	YMM, K, YMM	1	1	1*p015	1	0.38	AVX512F_256
VMOVAPD	ZMM, K, ZMM	1	1	1*p05	1	0.50	AVX512F_512
VMOVAPD	ZMM, ZMM	1	0		0	0.36	AVX512F_512
VMOVAPD	M256, YMM	1	2	1*p237+1*p4	4	1.00	AVX512F_256
VMOVAPD	XMM, XMM	1	0		0	0.36	AVX512F_128
VMOVAPD	YMM, YMM	1	0		0	0.36	AVX512F_256
VMOVAPS	M256, K, YMM	1	2	1*p237+1*p4	4	1.00	AVX512F_256
VMOVAPS	M512, ZMM	1	2	1*p237+1*p4	4	1.00	AVX512F_512
VMOVAPS	XMM, K, XMM	1	1	1*p015	1	0.38	AVX512F_128
VMOVAPS	YMM, K, YMM	1	1	1*p015	1	0.38	AVX512F_256
VMOVAPS	ZMM, K, ZMM	1	1	1*p05	1	0.50	AVX512F_512
VMOVAPS	ZMM, ZMM	1	0		0	0.36	AVX512F_512
VMOVAPS	M256, YMM	1	2	1*p237+1*p4	4	1.00	AVX512F_256
VMOVAPS	XMM, XMM	1	0		0	0.36	AVX512F_128
VMOVAPS	YMM, YMM	1	0		0	0.36	AVX512F_256
VMOVDDUP	XMM, K, XMM	1	1	1*p5	1	1.00	AVX512F_128
VMOVDDUP	YMM, K, YMM	1	1	1*p5	1	1.00	AVX512F_256
VMOVDDUP	ZMM, K, ZMM	1	1	1*p5	1	1.00	AVX512F_512
VMOVDDUP	ZMM, ZMM	1	1	1*p5	1	1.00	AVX512F_512
VMOVDDUP	XMM, XMM	1	1	1*p5	1	1.00	AVX512F_128
VMOVDDUP	YMM, YMM	1	1	1*p5	1	1.00	AVX512F_256
VMOVDQA32	M128, XMM	1	2	1*p237+1*p4	4	1.00	AVX512F_128
VMOVDQA32	M256, YMM	1	2	1*p237+1*p4	4	1.00	AVX512F_256
VMOVDQA32	M512, ZMM	1	2	1*p237+1*p4	4	1.00	AVX512F_512
VMOVDQA32	XMM, K, XMM	1	1	1*p015	1	0.38	AVX512F_128
VMOVDQA32	XMM, XMM	1	0		0	0.36	AVX512F_128
VMOVDQA32	YMM, K, YMM	1	1	1*p015	1	0.38	AVX512F_256
VMOVDQA32	YMM, YMM	1	0		0	0.36	AVX512F_256
VMOVDQA32	ZMM, K, ZMM	1	1	1*p05	1	0.50	AVX512F_512
VMOVDQA32	ZMM, ZMM	1	0		0	0.36	AVX512F_512
VMOVDQA64	M128, XMM	1	2	1*p237+1*p4	4	1.00	AVX512F_128
VMOVDQA64	M256, YMM	1	2	1*p237+1*p4	4	1.00	AVX512F_256
VMOVDQA64	M512, ZMM	1	2	1*p237+1*p4	4	1.00	AVX512F_512
VMOVDQA64	XMM, K, XMM	1	1	1*p015	1	0.38	AVX512F_128
VMOVDQA64	XMM, XMM	1	0		0	0.36	AVX512F_128
VMOVDQA64	YMM, K, YMM	1	1	1*p015	1	0.38	AVX512F_256
VMOVDQA64	YMM, YMM	1	0		0	0.36	AVX512F_256
VMOVDQA64	ZMM, K, ZMM	1	1	1*p05	1	0.50	AVX512F_512
VMOVDQA64	ZMM, ZMM	1	0		0	0.36	AVX512F_512
VMOVDQU16	M128, XMM	1	2	1*p237+1*p4	4	1.00	AVX512BW_128
VMOVDQU16	M256, YMM	1	2	1*p237+1*p4	4	1.00	AVX512BW_256
VMOVDQU16	M512, ZMM	1	2	1*p237+1*p4	4	1.00	AVX512BW_512
VMOVDQU16	XMM, K, XMM	1	1	1*p015	3	0.38	AVX512BW_128
VMOVDQU16	XMM, XMM	1	0		0	0.36	AVX512BW_128
VMOVDQU16	YMM, K, YMM	1	1	1*p015	3	0.38	AVX512BW_256
VMOVDQU16	YMM, YMM	1	0		0	0.36	AVX512BW_256
VMOVDQU16	ZMM, K, ZMM	1	1	1*p05	3	0.50	AVX512BW_512
VMOVDQU16	ZMM, ZMM	1	0		0	0.36	AVX512BW_512
VMOVDQU32	M128, XMM	1	2	1*p237+1*p4	4	1.00	AVX512F_128
VMOVDQU32	M256, YMM	1	2	1*p237+1*p4	4	1.00	AVX512F_256
VMOVDQU32	M512, ZMM	1	2	1*p237+1*p4	4	1.00	AVX512F_512
VMOVDQU32	XMM, K, XMM	1	1	1*p015	1	0.38	AVX512F_128
VMOVDQU32	XMM, XMM	1	0		0	0.36	AVX512F_128
VMOVDQU32	YMM, K, YMM	1	1	1*p015	1	0.38	AVX512F_256
VMOVDQU32	YMM, YMM	1	0		0	0.36	AVX512F_256
VMOVDQU32	ZMM, K, ZMM	1	1	1*p05	1	0.50	AVX512F_512
VMOVDQU32	ZMM, ZMM	1	0		0	0.36	AVX512F_512
VMOVDQU64	M128, XMM	1	2	1*p237+1*p4	4	1.00	AVX512F_128
VMOVDQU64	M256, YMM	1	2	1*p237+1*p4	4	1.00	AVX512F_256
VMOVDQU64	M512, ZMM	1	2	1*p237+1*p4	4	1.00	AVX512F_512
VMOVDQU64	XMM, K, XMM	1	1	1*p015	1	0.38	AVX512F_128
VMOVDQU64	XMM, XMM	1	0		0	0.36	AVX512F_128
VMOVDQU64	YMM, K, YMM	1	1	1*p015	1	0.38	AVX512F_256
VMOVDQU64	YMM, YMM	1	0		0	0.36	AVX512F_256
VMOVDQU64	ZMM, K, ZMM	1	1	1*p05	1	0.50	AVX512F_512
VMOVDQU64	ZMM, ZMM	1	0		0	0.36	AVX512F_512
VMOVDQU8	M128, XMM	1	2	1*p237+1*p4	4	1.00	AVX512BW_128
VMOVDQU8	M256, YMM	1	2	1*p237+1*p4	4	1.00	AVX512BW_256
VMOVDQU8	M512, ZMM	1	2	1*p237+1*p4	4	1.00	AVX512BW_512
VMOVDQU8	XMM, K, XMM	1	1	1*p015	3	0.38	AVX512BW_128
VMOVDQU8	XMM, XMM	1	0		0	0.36	AVX512BW_128
VMOVDQU8	YMM, K, YMM	1	1	1*p015	3	0.38	AVX512BW_256
VMOVDQU8	YMM, YMM	1	0		0	0.36	AVX512BW_256
VMOVDQU8	ZMM, K, ZMM	1	1	1*p05	3	0.50	AVX512BW_512
VMOVDQU8	ZMM, ZMM	1	0		0	0.36	AVX512BW_512
VMOVD	R32, XMM	1	1	1*p0	3	1.00	AVX512F_128N
VMOVD	XMM, R32	1	1	1*p5	3	1.00	AVX512F_128N
VMOVHLPS	XMM, XMM, XMM	1	1	1*p5	1	1.00	AVX512F_128N
VMOVHPD	XMM, XMM, M64	1	2	1*p23+1*p5	1	1.00	AVX512F_128N
VMOVHPS	XMM, XMM, M64	1	2	1*p23+1*p5	1	1.00	AVX512F_128N
VMOVLPD	M64, XMM	1	2	1*p237+1*p4	4	1.00	AVX512F_128N
VMOVLPS	M64, XMM	1	2	1*p237+1*p4	4	1.00	AVX512F_128N
VMOVNTDQ	M512, ZMM	1	2	1*p237+1*p4	279	4.82	AVX512F_512
VMOVNTDQA	XMM, M128	2	2	1*p015+1*p23		1.00	AVX512F_128
VMOVNTDQ	M128, XMM	1	2	1*p237+1*p4	372	1.02	AVX512F_128
VMOVNTPD	M512, ZMM	1	2	1*p237+1*p4	276	4.89	AVX512F_512
VMOVNTPD	M256, YMM	1	2	1*p237+1*p4	365	1.02	AVX512F_256
VMOVNTPS	M128, XMM	1	2	1*p237+1*p4	369	1.02	AVX512F_128
VMOVQ	M64, XMM	1	2	1*p237+1*p4	4	1.00	AVX512F_128N
VMOVQ	XMM, M64	1	1	1*p23		0.50	AVX512F_128N
VMOVQ	XMM, XMM	1	1	1*p015	1	0.38	AVX512F_128N
VMOVSD	XMM, K, M64	1	2	1*p015+1*p23	1	0.50	AVX512F_SCALAR
VMOVSD	M64, XMM	1	2	1*p237+1*p4	4	1.00	AVX512F_SCALAR
VMOVSD	XMM, XMM, XMM	1	1	1*p015	1	0.38	AVX512F_SCALAR
VMOVSD	XMM, K, XMM, XMM	1	1	1*p015	1	0.38	AVX512F_SCALAR
VMOVSHDUP	XMM, K, XMM	1	1	1*p5	1	1.00	AVX512F_128
VMOVSHDUP	YMM, K, YMM	1	1	1*p5	1	1.00	AVX512F_256
VMOVSHDUP	ZMM, K, ZMM	1	1	1*p5	1	1.00	AVX512F_512
VMOVSHDUP	ZMM, ZMM	1	1	1*p5	1	1.00	AVX512F_512
VMOVSHDUP	XMM, XMM	1	1	1*p5	1	1.00	AVX512F_128
VMOVSHDUP	YMM, YMM	1	1	1*p5	1	1.00	AVX512F_256
VMOVSLDUP	XMM, K, XMM	1	1	1*p5	1	1.00	AVX512F_128
VMOVSLDUP	YMM, K, YMM	1	1	1*p5	1	1.00	AVX512F_256
VMOVSLDUP	ZMM, K, ZMM	1	1	1*p5	1	1.00	AVX512F_512
VMOVSLDUP	ZMM, ZMM	1	1	1*p5	1	1.00	AVX512F_512
VMOVSLDUP	XMM, XMM	1	1	1*p5	1	1.00	AVX512F_128
VMOVSLDUP	YMM, YMM	1	1	1*p5	1	1.00	AVX512F_256
VMOVSS	XMM, K, M32	1	2	1*p015+1*p23	1	0.50	AVX512F_SCALAR
VMOVSS	M32, XMM	1	2	1*p237+1*p4	4	1.00	AVX512F_SCALAR
VMOVSS	XMM, XMM, XMM	1	1	1*p015	1	0.38	AVX512F_SCALAR
VMOVSS	XMM, K, XMM, XMM	1	1	1*p015	1	0.38	AVX512F_SCALAR
VMOVUPD	M256, K, YMM	1	2	1*p237+1*p4	4	1.00	AVX512F_256
VMOVUPD	M512, ZMM	1	2	1*p237+1*p4	4	1.00	AVX512F_512
VMOVUPD	XMM, K, XMM	1	1	1*p015	1	0.38	AVX512F_128
VMOVUPD	YMM, K, YMM	1	1	1*p015	1	0.38	AVX512F_256
VMOVUPD	ZMM, K, ZMM	1	1	1*p05	1	0.50	AVX512F_512
VMOVUPD	ZMM, ZMM	1	0		0	0.36	AVX512F_512
VMOVUPD	M256, YMM	1	2	1*p237+1*p4	4	1.00	AVX512F_256
VMOVUPD	XMM, XMM	1	0		0	0.36	AVX512F_128
VMOVUPD	YMM, YMM	1	0		0	0.36	AVX512F_256
VMOVUPS	M256, K, YMM	1	2	1*p237+1*p4	4	1.00	AVX512F_256
VMOVUPS	M512, ZMM	1	2	1*p237+1*p4	4	1.00	AVX512F_512
VMOVUPS	XMM, K, XMM	1	1	1*p015	1	0.38	AVX512F_128
VMOVUPS	YMM, K, YMM	1	1	1*p015	1	0.38	AVX512F_256
VMOVUPS	ZMM, K, ZMM	1	1	1*p05	1	0.50	AVX512F_512
VMOVUPS	ZMM, ZMM	1	0		0	0.36	AVX512F_512
VMOVUPS	M256, YMM	1	2	1*p237+1*p4	4	1.00	AVX512F_256
VMOVUPS	XMM, XMM	1	0		0	0.36	AVX512F_128
VMOVUPS	YMM, YMM	1	0		0	0.36	AVX512F_256
VMULPD	XMM, K, XMM, M64_1to2	1	2	1*p01+1*p23	4	0.54	AVX512F_128
VMULPD	YMM, K, YMM, M256	1	2	1*p01+1*p23	4	0.53	AVX512F_256
VMULPD	YMM, K, YMM, YMM	1	1	1*p01	4	0.50	AVX512F_256
VMULPD	ZMM, K, ZMM, M64_1to8	1	2	1*p0+1*p23	4	1.00	AVX512F_512
VMULPD	ZMM, ZMM, M512	1	2	1*p0+1*p23	4	1.00	AVX512F_512
VMULPD	ZMM, ZMM, ZMM	1	1	1*p0	4	1.00	AVX512F_512
VMULPD	XMM, XMM, M128	1	2	1*p01+1*p23	4	0.53	AVX512F_128
VMULPD	XMM, XMM, XMM	1	1	1*p01	4	0.50	AVX512F_128
VMULPD	YMM, YMM, M64_1to4	1	2	1*p01+1*p23	4	0.53	AVX512F_256
VMULPD	XMM, K, XMM, M128	1	2	1*p01+1*p23	4	0.54	AVX512F_128
VMULPD	XMM, K, XMM, XMM	1	1	1*p01	4	0.50	AVX512F_128
VMULPD	YMM, K, YMM, M64_1to4	1	2	1*p01+1*p23	4	0.54	AVX512F_256
VMULPD	ZMM, K, ZMM, M512	1	2	1*p0+1*p23	4	1.00	AVX512F_512
VMULPD	ZMM, K, ZMM, ZMM	1	1	1*p0	4	1.00	AVX512F_512
VMULPS	XMM, K, XMM, M32_1to4	1	2	1*p01+1*p23	4	0.53	AVX512F_128
VMULPS	YMM, K, YMM, M256	1	2	1*p01+1*p23	4	0.54	AVX512F_256
VMULPS	YMM, K, YMM, YMM	1	1	1*p01	4	0.50	AVX512F_256
VMULPS	ZMM, K, ZMM, M512	1	2	1*p0+1*p23	4	1.00	AVX512F_512
VMULPS	ZMM, ZMM, M32_1to16	1	2	1*p0+1*p23	4	1.00	AVX512F_512
VMULPS	ZMM, ZMM, ZMM	1	1	1*p0	4	1.00	AVX512F_512
VMULPS	XMM, XMM, M128	1	2	1*p01+1*p23	4	0.53	AVX512F_128
VMULPS	XMM, XMM, XMM	1	1	1*p01	4	0.50	AVX512F_128
VMULPS	YMM, YMM, M32_1to8	1	2	1*p01+1*p23	4	0.53	AVX512F_256
VMULPS	XMM, K, XMM, M128	1	2	1*p01+1*p23	4	0.53	AVX512F_128
VMULPS	XMM, K, XMM, XMM	1	1	1*p01	4	0.50	AVX512F_128
VMULPS	YMM, K, YMM, M32_1to8	1	2	1*p01+1*p23	4	0.54	AVX512F_256
VMULPS	ZMM, K, ZMM, M32_1to16	1	2	1*p0+1*p23	4	1.00	AVX512F_512
VMULPS	ZMM, K, ZMM, ZMM	1	1	1*p0	4	1.00	AVX512F_512
VMULSD	XMM, K, XMM, XMM	1	1	1*p01	4	0.50	AVX512F_SCALAR
VMULSD	XMM, XMM, XMM	1	1	1*p01	4	0.50	AVX512F_SCALAR
VMULSD	XMM, K, XMM, M64	1	2	1*p01+1*p23	4	0.53	AVX512F_SCALAR
VMULSS	XMM, K, XMM, XMM	1	1	1*p01	4	0.50	AVX512F_SCALAR
VMULSS	XMM, XMM, XMM	1	1	1*p01	4	0.50	AVX512F_SCALAR
VMULSS	XMM, K, XMM, M32	1	2	1*p01+1*p23	4	0.54	AVX512F_SCALAR
VORPD	XMM, K, XMM, M128	1	2	1*p015+1*p23	1	0.50	AVX512DQ_128
VORPD	XMM, K, XMM, XMM	1	1	1*p015	1	0.38	AVX512DQ_128
VORPD	YMM, K, YMM, M64_1to4	1	2	1*p015+1*p23	1	0.50	AVX512DQ_256
VORPD	ZMM, K, ZMM, M512	1	2	1*p05+1*p23	1	0.50	AVX512DQ_512
VORPD	ZMM, K, ZMM, ZMM	1	1	1*p05	1	0.50	AVX512DQ_512
VORPD	ZMM, ZMM, M64_1to8	1	2	1*p05+1*p23	1	0.50	AVX512DQ_512
VORPD	XMM, XMM, M128	1	2	1*p015+1*p23	1	0.50	AVX512DQ_128
VORPD	XMM, XMM, XMM	1	1	1*p015	1	0.38	AVX512DQ_128
VORPD	YMM, YMM, M64_1to4	1	2	1*p015+1*p23	1	0.50	AVX512DQ_256
VORPS	XMM, K, XMM, M32_1to4	1	2	1*p015+1*p23	1	0.50	AVX512DQ_128
VORPS	YMM, K, YMM, M256	1	2	1*p015+1*p23	1	0.50	AVX512DQ_256
VORPS	YMM, K, YMM, YMM	1	1	1*p015	1	0.38	AVX512DQ_256
VORPS	ZMM, K, ZMM, M512	1	2	1*p05+1*p23	1	0.50	AVX512DQ_512
VORPS	ZMM, ZMM, M32_1to16	1	2	1*p05+1*p23	1	0.50	AVX512DQ_512
VORPS	ZMM, ZMM, ZMM	1	1	1*p05	1	0.50	AVX512DQ_512
VORPS	XMM, XMM, M32_1to4	1	2	1*p015+1*p23	1	0.50	AVX512DQ_128
VORPS	YMM, YMM, M256	1	2	1*p015+1*p23	1	0.50	AVX512DQ_256
VORPS	YMM, YMM, YMM	1	1	1*p015	1	0.38	AVX512DQ_256
VPABSB	XMM, K, M128	1	2	1*p01+1*p23	3	0.50	AVX512BW_128
VPABSB	YMM, K, M256	1	2	1*p01+1*p23	3	0.50	AVX512BW_256
VPABSB	ZMM, K, M512	1	2	1*p0+1*p23	3	1.00	AVX512BW_512
VPABSB	ZMM, M512	1	2	1*p0+1*p23		1.00	AVX512BW_512
VPABSB	XMM, M128	1	2	1*p01+1*p23		0.50	AVX512BW_128
VPABSB	YMM, M256	1	2	1*p01+1*p23		0.50	AVX512BW_256
VPABSD	XMM, K, M128	1	2	1*p01+1*p23	1	0.50	AVX512F_128
VPABSD	XMM, K, XMM	1	1	1*p01	1	0.50	AVX512F_128
VPABSD	YMM, K, M32_1to8	1	2	1*p01+1*p23	1	0.50	AVX512F_256
VPABSD	ZMM, K, M32_1to16	1	2	1*p0+1*p23	1	1.00	AVX512F_512
VPABSD	ZMM, K, ZMM	1	1	1*p0	1	1.00	AVX512F_512
VPABSD	ZMM, M512	1	2	1*p0+1*p23		1.00	AVX512F_512
VPABSD	XMM, M128	1	2	1*p01+1*p23		0.50	AVX512F_128
VPABSD	XMM, XMM	1	1	1*p01	1	0.50	AVX512F_128
VPABSD	YMM, M32_1to8	1	2	1*p01+1*p23		0.50	AVX512F_256
VPABSQ	XMM, K, M64_1to2	1	2	1*p01+1*p23	1	0.50	AVX512F_128
VPABSQ	XMM, M128	1	2	1*p01+1*p23		0.50	AVX512F_128
VPABSQ	XMM, XMM	1	1	1*p01	1	0.50	AVX512F_128
VPABSQ	YMM, K, M64_1to4	1	2	1*p01+1*p23	1	0.50	AVX512F_256
VPABSQ	YMM, M256	1	2	1*p01+1*p23		0.50	AVX512F_256
VPABSQ	YMM, YMM	1	1	1*p01	1	0.50	AVX512F_256
VPABSQ	ZMM, K, M64_1to8	1	2	1*p0+1*p23	1	1.00	AVX512F_512
VPABSQ	ZMM, M512	1	2	1*p0+1*p23		1.00	AVX512F_512
VPABSQ	ZMM, ZMM	1	1	1*p0	1	1.00	AVX512F_512
VPABSQ	YMM, K, M256	1	2	1*p01+1*p23	1	0.50	AVX512F_256
VPABSQ	YMM, K, YMM	1	1	1*p01	1	0.50	AVX512F_256
VPABSW	XMM, K, M128	1	2	1*p01+1*p23	3	0.50	AVX512BW_128
VPABSW	YMM, K, M256	1	2	1*p01+1*p23	3	0.50	AVX512BW_256
VPABSW	ZMM, K, M512	1	2	1*p0+1*p23	3	1.00	AVX512BW_512
VPABSW	ZMM, M512	1	2	1*p0+1*p23		1.00	AVX512BW_512
VPABSW	XMM, M128	1	2	1*p01+1*p23		0.50	AVX512BW_128
VPABSW	YMM, M256	1	2	1*p01+1*p23		0.50	AVX512BW_256
VPACKSSDW	XMM, K, XMM, M128	1	2	1*p23+1*p5	3	1.00	AVX512BW_128
VPACKSSDW	XMM, K, XMM, XMM	1	1	1*p5	3	1.00	AVX512BW_128
VPACKSSDW	YMM, K, YMM, M32_1to8	1	2	1*p23+1*p5	3	1.00	AVX512BW_256
VPACKSSDW	ZMM, K, ZMM, M32_1to16	1	2	1*p23+1*p5	3	1.00	AVX512BW_512
VPACKSSDW	ZMM, K, ZMM, ZMM	1	1	1*p5	3	1.00	AVX512BW_512
VPACKSSDW	ZMM, ZMM, M512	1	2	1*p23+1*p5	1	1.00	AVX512BW_512
VPACKSSDW	XMM, XMM, M128	1	2	1*p23+1*p5	1	1.00	AVX512BW_128
VPACKSSDW	XMM, XMM, XMM	1	1	1*p5	1	1.00	AVX512BW_128
VPACKSSDW	YMM, YMM, M32_1to8	1	2	1*p23+1*p5	1	1.00	AVX512BW_256
VPACKSSWB	XMM, K, XMM, XMM	1	1	1*p5	3	1.00	AVX512BW_128
VPACKSSWB	YMM, K, YMM, YMM	1	1	1*p5	3	1.00	AVX512BW_256
VPACKSSWB	ZMM, K, ZMM, ZMM	1	1	1*p5	3	1.00	AVX512BW_512
VPACKSSWB	ZMM, ZMM, ZMM	1	1	1*p5	1	1.00	AVX512BW_512
VPACKSSWB	XMM, XMM, XMM	1	1	1*p5	1	1.00	AVX512BW_128
VPACKSSWB	YMM, YMM, YMM	1	1	1*p5	1	1.00	AVX512BW_256
VPACKUSDW	XMM, K, XMM, M32_1to4	1	2	1*p23+1*p5	3	1.00	AVX512BW_128
VPACKUSDW	YMM, K, YMM, M256	1	2	1*p23+1*p5	3	1.00	AVX512BW_256
VPACKUSDW	YMM, K, YMM, YMM	1	1	1*p5	3	1.00	AVX512BW_256
VPACKUSDW	ZMM, K, ZMM, M512	1	2	1*p23+1*p5	3	1.00	AVX512BW_512
VPACKUSDW	ZMM, ZMM, M32_1to16	1	2	1*p23+1*p5	1	1.00	AVX512BW_512
VPACKUSDW	ZMM, ZMM, ZMM	1	1	1*p5	1	1.00	AVX512BW_512
VPACKUSDW	XMM, XMM, M32_1to4	1	2	1*p23+1*p5	1	1.00	AVX512BW_128
VPACKUSDW	YMM, YMM, M256	1	2	1*p23+1*p5	1	1.00	AVX512BW_256
VPACKUSDW	YMM, YMM, YMM	1	1	1*p5	1	1.00	AVX512BW_256
VPACKUSWB	XMM, K, XMM, M128	1	2	1*p23+1*p5	3	1.00	AVX512BW_128
VPACKUSWB	YMM, K, YMM, M256	1	2	1*p23+1*p5	3	1.00	AVX512BW_256
VPACKUSWB	ZMM, K, ZMM, M512	1	2	1*p23+1*p5	3	1.00	AVX512BW_512
VPACKUSWB	ZMM, ZMM, M512	1	2	1*p23+1*p5	1	1.00	AVX512BW_512
VPACKUSWB	XMM, XMM, M128	1	2	1*p23+1*p5	1	1.00	AVX512BW_128
VPACKUSWB	YMM, YMM, M256	1	2	1*p23+1*p5	1	1.00	AVX512BW_256
VPADDB	XMM, K, XMM, M128	1	2	1*p015+1*p23	3	0.50	AVX512BW_128
VPADDB	YMM, K, YMM, M256	1	2	1*p015+1*p23	3	0.50	AVX512BW_256
VPADDB	ZMM, K, ZMM, M512	1	2	1*p05+1*p23	3	0.50	AVX512BW_512
VPADDB	ZMM, ZMM, M512	1	2	1*p05+1*p23	1	0.50	AVX512BW_512
VPADDB	XMM, XMM, M128	1	2	1*p015+1*p23	1	0.50	AVX512BW_128
VPADDB	YMM, YMM, M256	1	2	1*p015+1*p23	1	0.50	AVX512BW_256
VPADDD	XMM, K, XMM, M128	1	2	1*p015+1*p23	1	0.50	AVX512F_128
VPADDD	XMM, K, XMM, XMM	1	1	1*p015	1	0.38	AVX512F_128
VPADDD	YMM, K, YMM, M32_1to8	1	2	1*p015+1*p23	1	0.50	AVX512F_256
VPADDD	ZMM, K, ZMM, M32_1to16	1	2	1*p05+1*p23	1	0.50	AVX512F_512
VPADDD	ZMM, K, ZMM, ZMM	1	1	1*p05	1	0.50	AVX512F_512
VPADDD	ZMM, ZMM, M512	1	2	1*p05+1*p23	1	0.50	AVX512F_512
VPADDD	XMM, XMM, M128	1	2	1*p015+1*p23	1	0.50	AVX512F_128
VPADDD	XMM, XMM, XMM	1	1	1*p015	1	0.38	AVX512F_128
VPADDD	YMM, YMM, M32_1to8	1	2	1*p015+1*p23	1	0.50	AVX512F_256
VPADDQ	XMM, K, XMM, M64_1to2	1	2	1*p015+1*p23	1	0.50	AVX512F_128
VPADDQ	YMM, K, YMM, M256	1	2	1*p015+1*p23	1	0.50	AVX512F_256
VPADDQ	YMM, K, YMM, YMM	1	1	1*p015	1	0.38	AVX512F_256
VPADDQ	ZMM, K, ZMM, M64_1to8	1	2	1*p05+1*p23	1	0.50	AVX512F_512
VPADDQ	ZMM, ZMM, M512	1	2	1*p05+1*p23	1	0.50	AVX512F_512
VPADDQ	ZMM, ZMM, ZMM	1	1	1*p05	1	0.50	AVX512F_512
VPADDQ	XMM, XMM, M64_1to2	1	2	1*p015+1*p23	1	0.50	AVX512F_128
VPADDQ	YMM, YMM, M256	1	2	1*p015+1*p23	1	0.50	AVX512F_256
VPADDQ	YMM, YMM, YMM	1	1	1*p015	1	0.38	AVX512F_256
VPADDSB	XMM, K, XMM, M128	1	2	1*p01+1*p23	3	0.50	AVX512BW_128
VPADDSB	YMM, K, YMM, M256	1	2	1*p01+1*p23	3	0.50	AVX512BW_256
VPADDSB	ZMM, K, ZMM, M512	1	2	1*p0+1*p23	3	1.00	AVX512BW_512
VPADDSB	ZMM, ZMM, M512	1	2	1*p0+1*p23	1	1.00	AVX512BW_512
VPADDSB	XMM, XMM, M128	1	2	1*p01+1*p23	1	0.50	AVX512BW_128
VPADDSB	YMM, YMM, M256	1	2	1*p01+1*p23	1	0.50	AVX512BW_256
VPADDSW	XMM, K, XMM, M128	1	2	1*p01+1*p23	3	0.50	AVX512BW_128
VPADDSW	YMM, K, YMM, M256	1	2	1*p01+1*p23	3	0.50	AVX512BW_256
VPADDSW	ZMM, K, ZMM, M512	1	2	1*p0+1*p23	3	1.00	AVX512BW_512
VPADDSW	ZMM, ZMM, M512	1	2	1*p0+1*p23	1	1.00	AVX512BW_512
VPADDSW	XMM, XMM, M128	1	2	1*p01+1*p23	1	0.50	AVX512BW_128
VPADDSW	YMM, YMM, M256	1	2	1*p01+1*p23	1	0.50	AVX512BW_256
VPADDUSB	XMM, K, XMM, M128	1	2	1*p01+1*p23	3	0.50	AVX512BW_128
VPADDUSB	YMM, K, YMM, M256	1	2	1*p01+1*p23	3	0.50	AVX512BW_256
VPADDUSB	ZMM, K, ZMM, M512	1	2	1*p0+1*p23	3	1.00	AVX512BW_512
VPADDUSB	ZMM, ZMM, M512	1	2	1*p0+1*p23	1	1.00	AVX512BW_512
VPADDUSB	XMM, XMM, M128	1	2	1*p01+1*p23	1	0.50	AVX512BW_128
VPADDUSB	YMM, YMM, M256	1	2	1*p01+1*p23	1	0.50	AVX512BW_256
VPADDUSW	XMM, K, XMM, M128	1	2	1*p01+1*p23	3	0.50	AVX512BW_128
VPADDUSW	YMM, K, YMM, M256	1	2	1*p01+1*p23	3	0.50	AVX512BW_256
VPADDUSW	ZMM, K, ZMM, M512	1	2	1*p0+1*p23	3	1.00	AVX512BW_512
VPADDUSW	ZMM, ZMM, M512	1	2	1*p0+1*p23	1	1.00	AVX512BW_512
VPADDUSW	XMM, XMM, M128	1	2	1*p01+1*p23	1	0.50	AVX512BW_128
VPADDUSW	YMM, YMM, M256	1	2	1*p01+1*p23	1	0.50	AVX512BW_256
VPADDW	XMM, K, XMM, M128	1	2	1*p015+1*p23	3	0.50	AVX512BW_128
VPADDW	YMM, K, YMM, M256	1	2	1*p015+1*p23	3	0.50	AVX512BW_256
VPADDW	ZMM, K, ZMM, M512	1	2	1*p05+1*p23	3	0.50	AVX512BW_512
VPADDW	ZMM, ZMM, M512	1	2	1*p05+1*p23	1	0.50	AVX512BW_512
VPADDW	XMM, XMM, M128	1	2	1*p015+1*p23	1	0.50	AVX512BW_128
VPADDW	YMM, YMM, M256	1	2	1*p015+1*p23	1	0.50	AVX512BW_256
VPALIGNR	XMM, K, XMM, M128, I8	2	2	1*p23+1*p5	3	1.00	AVX512BW_128
VPALIGNR	YMM, K, YMM, M256, I8	2	2	1*p23+1*p5	3	1.00	AVX512BW_256
VPALIGNR	ZMM, K, ZMM, M512, I8	2	2	1*p23+1*p5	3	1.00	AVX512BW_512
VPALIGNR	ZMM, ZMM, M512, I8	2	2	1*p23+1*p5	1	1.00	AVX512BW_512
VPALIGNR	XMM, XMM, M128, I8	2	2	1*p23+1*p5	1	1.00	AVX512BW_128
VPALIGNR	YMM, YMM, M256, I8	2	2	1*p23+1*p5	1	1.00	AVX512BW_256
VPANDD	XMM, K, XMM, M128	1	2	1*p015+1*p23	1	0.50	AVX512F_128
VPANDD	XMM, K, XMM, XMM	1	1	1*p015	1	0.38	AVX512F_128
VPANDD	XMM, XMM, M32_1to4	1	2	1*p015+1*p23	1	0.50	AVX512F_128
VPANDD	YMM, K, YMM, M256	1	2	1*p015+1*p23	1	0.50	AVX512F_256
VPANDD	YMM, K, YMM, YMM	1	1	1*p015	1	0.38	AVX512F_256
VPANDD	YMM, YMM, M32_1to8	1	2	1*p015+1*p23	1	0.50	AVX512F_256
VPANDD	ZMM, K, ZMM, M32_1to16	1	2	1*p05+1*p23	1	0.50	AVX512F_512
VPANDD	ZMM, K, ZMM, ZMM	1	1	1*p05	1	0.50	AVX512F_512
VPANDD	ZMM, ZMM, M512	1	2	1*p05+1*p23	1	0.50	AVX512F_512
VPANDD	YMM, K, YMM, M32_1to8	1	2	1*p015+1*p23	1	0.50	AVX512F_256
VPANDND	XMM, K, XMM, M32_1to4	1	2	1*p015+1*p23	1	0.50	AVX512F_128
VPANDND	XMM, XMM, M128	1	2	1*p015+1*p23	1	0.50	AVX512F_128
VPANDND	XMM, XMM, XMM	1	1	1*p015	1	0.38	AVX512F_128
VPANDND	YMM, K, YMM, M32_1to8	1	2	1*p015+1*p23	1	0.50	AVX512F_256
VPANDND	YMM, YMM, M256	1	2	1*p015+1*p23	1	0.50	AVX512F_256
VPANDND	YMM, YMM, YMM	1	1	1*p015	1	0.38	AVX512F_256
VPANDND	ZMM, K, ZMM, M512	1	2	1*p05+1*p23	1	0.50	AVX512F_512
VPANDND	ZMM, ZMM, M32_1to16	1	2	1*p05+1*p23	1	0.50	AVX512F_512
VPANDND	ZMM, ZMM, ZMM	1	1	1*p05	1	0.50	AVX512F_512
VPANDND	YMM, K, YMM, M256	1	2	1*p015+1*p23	1	0.50	AVX512F_256
VPANDND	YMM, K, YMM, YMM	1	1	1*p015	1	0.38	AVX512F_256
VPANDNQ	XMM, K, XMM, M128	1	2	1*p015+1*p23	1	0.50	AVX512F_128
VPANDNQ	XMM, K, XMM, XMM	1	1	1*p015	1	0.38	AVX512F_128
VPANDNQ	XMM, XMM, M64_1to2	1	2	1*p015+1*p23	1	0.50	AVX512F_128
VPANDNQ	YMM, K, YMM, M256	1	2	1*p015+1*p23	1	0.50	AVX512F_256
VPANDNQ	YMM, K, YMM, YMM	1	1	1*p015	1	0.38	AVX512F_256
VPANDNQ	YMM, YMM, M64_1to4	1	2	1*p015+1*p23	1	0.50	AVX512F_256
VPANDNQ	ZMM, K, ZMM, M512	1	2	1*p05+1*p23	1	0.50	AVX512F_512
VPANDNQ	ZMM, K, ZMM, ZMM	1	1	1*p05	1	0.50	AVX512F_512
VPANDNQ	ZMM, ZMM, M64_1to8	1	2	1*p05+1*p23	1	0.50	AVX512F_512
VPANDNQ	YMM, K, YMM, M64_1to4	1	2	1*p015+1*p23	1	0.50	AVX512F_256
VPANDQ	XMM, K, XMM, M64_1to2	1	2	1*p015+1*p23	1	0.50	AVX512F_128
VPANDQ	XMM, XMM, M128	1	2	1*p015+1*p23	1	0.50	AVX512F_128
VPANDQ	XMM, XMM, XMM	1	1	1*p015	1	0.38	AVX512F_128
VPANDQ	YMM, K, YMM, M64_1to4	1	2	1*p015+1*p23	1	0.50	AVX512F_256
VPANDQ	YMM, YMM, M256	1	2	1*p015+1*p23	1	0.50	AVX512F_256
VPANDQ	YMM, YMM, YMM	1	1	1*p015	1	0.38	AVX512F_256
VPANDQ	ZMM, K, ZMM, M64_1to8	1	2	1*p05+1*p23	1	0.50	AVX512F_512
VPANDQ	ZMM, ZMM, M512	1	2	1*p05+1*p23	1	0.50	AVX512F_512
VPANDQ	ZMM, ZMM, ZMM	1	1	1*p05	1	0.50	AVX512F_512
VPANDQ	YMM, K, YMM, M256	1	2	1*p015+1*p23	1	0.50	AVX512F_256
VPANDQ	YMM, K, YMM, YMM	1	1	1*p015	1	0.38	AVX512F_256
VPAVGB	XMM, K, XMM, M128	1	2	1*p01+1*p23	3	0.50	AVX512BW_128
VPAVGB	YMM, K, YMM, M256	1	2	1*p01+1*p23	3	0.50	AVX512BW_256
VPAVGB	ZMM, K, ZMM, M512	1	2	1*p0+1*p23	3	1.00	AVX512BW_512
VPAVGB	ZMM, ZMM, M512	1	2	1*p0+1*p23	1	1.00	AVX512BW_512
VPAVGB	XMM, XMM, M128	1	2	1*p01+1*p23	1	0.50	AVX512BW_128
VPAVGB	YMM, YMM, M256	1	2	1*p01+1*p23	1	0.50	AVX512BW_256
VPAVGW	XMM, K, XMM, M128	1	2	1*p01+1*p23	3	0.50	AVX512BW_128
VPAVGW	YMM, K, YMM, M256	1	2	1*p01+1*p23	3	0.50	AVX512BW_256
VPAVGW	ZMM, K, ZMM, M512	1	2	1*p0+1*p23	3	1.00	AVX512BW_512
VPAVGW	ZMM, ZMM, M512	1	2	1*p0+1*p23	1	1.00	AVX512BW_512
VPAVGW	XMM, XMM, M128	1	2	1*p01+1*p23	1	0.50	AVX512BW_128
VPAVGW	YMM, YMM, M256	1	2	1*p01+1*p23	1	0.50	AVX512BW_256
VPBLENDMB	XMM, K, XMM, M128	1	2	1*p015+1*p23	3	0.50	AVX512BW_128
VPBLENDMB	XMM, XMM, M128	1	2	1*p015+1*p23	1	0.50	AVX512BW_128
VPBLENDMB	YMM, K, YMM, M256	1	2	1*p015+1*p23	3	0.50	AVX512BW_256
VPBLENDMB	YMM, YMM, M256	1	2	1*p015+1*p23	1	0.50	AVX512BW_256
VPBLENDMB	ZMM, K, ZMM, M512	1	2	1*p05+1*p23	3	0.50	AVX512BW_512
VPBLENDMB	ZMM, ZMM, M512	1	2	1*p05+1*p23	1	0.50	AVX512BW_512
VPBLENDMD	XMM, K, XMM, M128	1	2	1*p015+1*p23	1	0.50	AVX512F_128
VPBLENDMD	XMM, K, XMM, XMM	1	1	1*p015	1	0.37	AVX512F_128
VPBLENDMD	XMM, XMM, M32_1to4	1	2	1*p015+1*p23	1	0.50	AVX512F_128
VPBLENDMD	YMM, K, YMM, M256	1	2	1*p015+1*p23	1	0.50	AVX512F_256
VPBLENDMD	YMM, K, YMM, YMM	1	1	1*p015	1	0.38	AVX512F_256
VPBLENDMD	YMM, YMM, M32_1to8	1	2	1*p015+1*p23	1	0.50	AVX512F_256
VPBLENDMD	ZMM, K, ZMM, M32_1to16	1	2	1*p05+1*p23	1	0.50	AVX512F_512
VPBLENDMD	ZMM, K, ZMM, ZMM	1	1	1*p05	1	0.50	AVX512F_512
VPBLENDMD	ZMM, ZMM, M512	1	2	1*p05+1*p23	1	0.50	AVX512F_512
VPBLENDMD	XMM, K, XMM, XMM	1	1	1*p015	1	0.38	AVX512F_128
VPBLENDMD	YMM, K, YMM, M32_1to8	1	2	1*p015+1*p23	1	0.50	AVX512F_256
VPBLENDMQ	XMM, K, XMM, M64_1to2	1	2	1*p015+1*p23	1	0.50	AVX512F_128
VPBLENDMQ	XMM, XMM, M128	1	2	1*p015+1*p23	1	0.50	AVX512F_128
VPBLENDMQ	XMM, XMM, XMM	1	1	1*p015	1	0.38	AVX512F_128
VPBLENDMQ	YMM, K, YMM, M64_1to4	1	2	1*p015+1*p23	1	0.50	AVX512F_256
VPBLENDMQ	YMM, YMM, M256	1	2	1*p015+1*p23	1	0.50	AVX512F_256
VPBLENDMQ	YMM, YMM, YMM	1	1	1*p015	1	0.38	AVX512F_256
VPBLENDMQ	ZMM, K, ZMM, M64_1to8	1	2	1*p05+1*p23	1	0.50	AVX512F_512
VPBLENDMQ	ZMM, ZMM, M512	1	2	1*p05+1*p23	1	0.50	AVX512F_512
VPBLENDMQ	ZMM, ZMM, ZMM	1	1	1*p05	1	0.50	AVX512F_512
VPBLENDMQ	YMM, K, YMM, M256	1	2	1*p015+1*p23	1	0.50	AVX512F_256
VPBLENDMQ	YMM, K, YMM, YMM	1	1	1*p015	1	0.38	AVX512F_256
VPBLENDMW	XMM, K, XMM, M128	1	2	1*p015+1*p23	3	0.50	AVX512BW_128
VPBLENDMW	XMM, XMM, M128	1	2	1*p015+1*p23	1	0.50	AVX512BW_128
VPBLENDMW	YMM, K, YMM, M256	1	2	1*p015+1*p23	3	0.50	AVX512BW_256
VPBLENDMW	YMM, YMM, M256	1	2	1*p015+1*p23	1	0.50	AVX512BW_256
VPBLENDMW	ZMM, K, ZMM, M512	1	2	1*p05+1*p23	3	0.50	AVX512BW_512
VPBLENDMW	ZMM, ZMM, M512	1	2	1*p05+1*p23	1	0.50	AVX512BW_512
VPBROADCASTB	XMM, K, M8	1	2	1*p23+1*p5	3	1.00	AVX512BW_128
VPBROADCASTB	XMM, K, XMM	1	1	1*p5	3	1.00	AVX512BW_128
VPBROADCASTB	YMM, K, R32	1	1	1*p5	5	1.00	AVX512BW_256
VPBROADCASTB	ZMM, K, M8	1	2	1*p23+1*p5	3	1.00	AVX512BW_512
VPBROADCASTB	ZMM, K, XMM	1	1	1*p5	5	1.00	AVX512BW_512
VPBROADCASTB	ZMM, R32	1	1	1*p5	5	1.00	AVX512BW_512
VPBROADCASTB	XMM, M8	1	2	1*p23+1*p5		1.00	AVX512BW_128
VPBROADCASTB	XMM, XMM	1	1	1*p5	1	1.00	AVX512BW_128
VPBROADCASTB	YMM, R32	1	1	1*p5	5	1.00	AVX512BW_256
VPBROADCASTD	XMM, K, R32	1	1	1*p5	5	1.00	AVX512F_128
VPBROADCASTD	YMM, K, M32	1	2	1*p015+1*p23	1	0.50	AVX512F_256
VPBROADCASTD	YMM, K, XMM	1	1	1*p5	3	1.00	AVX512F_256
VPBROADCASTD	ZMM, K, R32	1	1	1*p5	5	1.00	AVX512F_512
VPBROADCASTD	ZMM, M32	1	1	1*p23		0.50	AVX512F_512
VPBROADCASTD	ZMM, XMM	1	1	1*p5	3	1.00	AVX512F_512
VPBROADCASTD	XMM, R32	1	1	1*p5	5	1.00	AVX512F_128
VPBROADCASTD	YMM, M32	1	1	1*p23		0.50	AVX512F_256
VPBROADCASTD	YMM, XMM	1	1	1*p5	3	1.00	AVX512F_256
VPBROADCASTMB2Q	XMM, K	2	2	1*p0+1*p5	6	1.00	AVX512CD_128
VPBROADCASTMB2Q	ZMM, K	2	2	1*p0+1*p5	6	1.00	AVX512CD_512
VPBROADCASTMW2D	YMM, K	2	2	1*p0+1*p5	6	1.00	AVX512CD_256
VPBROADCASTQ	XMM, K, M64	1	2	1*p015+1*p23	1	0.50	AVX512F_128
VPBROADCASTQ	XMM, K, XMM	1	1	1*p5	1	1.00	AVX512F_128
VPBROADCASTQ	YMM, K, R64	1	1	1*p5	5	1.00	AVX512F_256
VPBROADCASTQ	ZMM, K, M64	1	2	1*p05+1*p23	1	0.50	AVX512F_512
VPBROADCASTQ	ZMM, K, XMM	1	1	1*p5	3	1.00	AVX512F_512
VPBROADCASTQ	ZMM, R64	1	1	1*p5	5	1.00	AVX512F_512
VPBROADCASTQ	XMM, M64	1	1	1*p23		0.50	AVX512F_128
VPBROADCASTQ	XMM, XMM	1	1	1*p5	1	1.00	AVX512F_128
VPBROADCASTQ	YMM, R64	1	1	1*p5	5	1.00	AVX512F_256
VPBROADCASTW	XMM, K, R32	1	1	1*p5	5	1.00	AVX512BW_128
VPBROADCASTW	YMM, K, M16	1	2	1*p23+1*p5	3	1.00	AVX512BW_256
VPBROADCASTW	YMM, K, XMM	1	1	1*p5	5	1.00	AVX512BW_256
VPBROADCASTW	ZMM, K, R32	1	1	1*p5	5	1.00	AVX512BW_512
VPBROADCASTW	ZMM, M16	1	2	1*p23+1*p5		1.00	AVX512BW_512
VPBROADCASTW	ZMM, XMM	1	1	1*p5	3	1.00	AVX512BW_512
VPBROADCASTW	XMM, R32	1	1	1*p5	5	1.00	AVX512BW_128
VPBROADCASTW	YMM, M16	1	2	1*p23+1*p5		1.00	AVX512BW_256
VPBROADCASTW	YMM, XMM	1	1	1*p5	3	1.00	AVX512BW_256
VPCMPB	K, K, XMM, M128, I8	2	2	1*p23+1*p5	3	1.00	AVX512BW_128
VPCMPB	K, K, YMM, M256, I8	2	2	1*p23+1*p5	3	1.00	AVX512BW_256
VPCMPB	K, K, ZMM, M512, I8	2	2	1*p23+1*p5	3	1.00	AVX512BW_512
VPCMPB	K, XMM, M128, I8	2	2	1*p23+1*p5	3	1.00	AVX512BW_128
VPCMPB	K, YMM, M256, I8	2	2	1*p23+1*p5	3	1.00	AVX512BW_256
VPCMPB	K, ZMM, M512, I8	2	2	1*p23+1*p5	3	1.00	AVX512BW_512
VPCMPD	K, K, XMM, M128, I8	2	2	1*p23+1*p5	3	1.00	AVX512F_128
VPCMPD	K, K, XMM, XMM, I8	1	1	1*p5	3	1.00	AVX512F_128
VPCMPD	K, K, YMM, M32_1to8, I8	2	2	1*p23+1*p5	3	1.00	AVX512F_256
VPCMPD	K, K, ZMM, M32_1to16, I8	2	2	1*p23+1*p5	3	1.00	AVX512F_512
VPCMPD	K, K, ZMM, ZMM, I8	1	1	1*p5	3	1.00	AVX512F_512
VPCMPD	K, XMM, M32_1to4, I8	2	2	1*p23+1*p5	3	1.00	AVX512F_128
VPCMPD	K, YMM, M256, I8	2	2	1*p23+1*p5	3	1.00	AVX512F_256
VPCMPD	K, YMM, YMM, I8	1	1	1*p5	3	1.00	AVX512F_256
VPCMPD	K, ZMM, M512, I8	2	2	1*p23+1*p5	3	1.00	AVX512F_512
VPCMPEQB	K, K, XMM, M128	2	2	1*p23+1*p5	3	1.00	AVX512BW_128
VPCMPEQB	K, K, YMM, M256	2	2	1*p23+1*p5	3	1.00	AVX512BW_256
VPCMPEQB	K, K, ZMM, M512	2	2	1*p23+1*p5	3	1.00	AVX512BW_512
VPCMPEQB	K, ZMM, M512	2	2	1*p23+1*p5	3	1.00	AVX512BW_512
VPCMPEQB	K, XMM, M128	2	2	1*p23+1*p5	3	1.00	AVX512BW_128
VPCMPEQB	K, YMM, M256	2	2	1*p23+1*p5	3	1.00	AVX512BW_256
VPCMPEQD	K, K, XMM, M128	2	2	1*p23+1*p5	3	1.00	AVX512F_128
VPCMPEQD	K, K, XMM, XMM	1	1	1*p5	3	1.00	AVX512F_128
VPCMPEQD	K, K, YMM, M32_1to8	2	2	1*p23+1*p5	3	1.00	AVX512F_256
VPCMPEQD	K, K, ZMM, M32_1to16	2	2	1*p23+1*p5	3	1.00	AVX512F_512
VPCMPEQD	K, K, ZMM, ZMM	1	1	1*p5	3	1.00	AVX512F_512
VPCMPEQD	K, ZMM, M512	2	2	1*p23+1*p5	3	1.00	AVX512F_512
VPCMPEQD	K, XMM, M128	2	2	1*p23+1*p5	3	1.00	AVX512F_128
VPCMPEQD	K, XMM, XMM	1	1	1*p5	3	1.00	AVX512F_128
VPCMPEQD	K, YMM, M32_1to8	2	2	1*p23+1*p5	3	1.00	AVX512F_256
VPCMPEQQ	K, K, XMM, M128	2	2	1*p23+1*p5	3	1.00	AVX512F_128
VPCMPEQQ	K, K, XMM, XMM	1	1	1*p5	3	1.00	AVX512F_128
VPCMPEQQ	K, K, YMM, M64_1to4	2	2	1*p23+1*p5	3	1.00	AVX512F_256
VPCMPEQQ	K, K, ZMM, M512	2	2	1*p23+1*p5	3	1.00	AVX512F_512
VPCMPEQQ	K, K, ZMM, ZMM	1	1	1*p5	3	1.00	AVX512F_512
VPCMPEQQ	K, ZMM, M64_1to8	2	2	1*p23+1*p5	3	1.00	AVX512F_512
VPCMPEQQ	K, XMM, M128	2	2	1*p23+1*p5	3	1.00	AVX512F_128
VPCMPEQQ	K, XMM, XMM	1	1	1*p5	3	1.00	AVX512F_128
VPCMPEQQ	K, YMM, M64_1to4	2	2	1*p23+1*p5	3	1.00	AVX512F_256
VPCMPEQW	K, K, XMM, M128	2	2	1*p23+1*p5	3	1.00	AVX512BW_128
VPCMPEQW	K, K, YMM, M256	2	2	1*p23+1*p5	3	1.00	AVX512BW_256
VPCMPEQW	K, K, ZMM, M512	2	2	1*p23+1*p5	3	1.00	AVX512BW_512
VPCMPEQW	K, ZMM, M512	2	2	1*p23+1*p5	3	1.00	AVX512BW_512
VPCMPEQW	K, XMM, M128	2	2	1*p23+1*p5	3	1.00	AVX512BW_128
VPCMPEQW	K, YMM, M256	2	2	1*p23+1*p5	3	1.00	AVX512BW_256
VPCMPGTB	K, K, XMM, M128	2	2	1*p23+1*p5	3	1.00	AVX512BW_128
VPCMPGTB	K, K, YMM, M256	2	2	1*p23+1*p5	3	1.00	AVX512BW_256
VPCMPGTB	K, K, ZMM, M512	2	2	1*p23+1*p5	3	1.00	AVX512BW_512
VPCMPGTB	K, ZMM, M512	2	2	1*p23+1*p5	3	1.00	AVX512BW_512
VPCMPGTB	K, XMM, M128	2	2	1*p23+1*p5	3	1.00	AVX512BW_128
VPCMPGTB	K, YMM, M256	2	2	1*p23+1*p5	3	1.00	AVX512BW_256
VPCMPGTD	K, K, XMM, M128	2	2	1*p23+1*p5	3	1.00	AVX512F_128
VPCMPGTD	K, K, XMM, XMM	1	1	1*p5	3	1.00	AVX512F_128
VPCMPGTD	K, K, YMM, M32_1to8	2	2	1*p23+1*p5	3	1.00	AVX512F_256
VPCMPGTD	K, K, ZMM, M32_1to16	2	2	1*p23+1*p5	3	1.00	AVX512F_512
VPCMPGTD	K, K, ZMM, ZMM	1	1	1*p5	3	1.00	AVX512F_512
VPCMPGTD	K, ZMM, M512	2	2	1*p23+1*p5	3	1.00	AVX512F_512
VPCMPGTD	K, XMM, M128	2	2	1*p23+1*p5	3	1.00	AVX512F_128
VPCMPGTD	K, XMM, XMM	1	1	1*p5	3	1.00	AVX512F_128
VPCMPGTD	K, YMM, M32_1to8	2	2	1*p23+1*p5	3	1.00	AVX512F_256
VPCMPGTQ	K, K, XMM, M128	2	2	1*p23+1*p5	3	1.00	AVX512F_128
VPCMPGTQ	K, K, XMM, XMM	1	1	1*p5	3	1.00	AVX512F_128
VPCMPGTQ	K, K, YMM, M64_1to4	2	2	1*p23+1*p5	3	1.00	AVX512F_256
VPCMPGTQ	K, K, ZMM, M512	2	2	1*p23+1*p5	3	1.00	AVX512F_512
VPCMPGTQ	K, K, ZMM, ZMM	1	1	1*p5	3	1.00	AVX512F_512
VPCMPGTQ	K, ZMM, M64_1to8	2	2	1*p23+1*p5	3	1.00	AVX512F_512
VPCMPGTQ	K, XMM, M128	2	2	1*p23+1*p5	3	1.00	AVX512F_128
VPCMPGTQ	K, XMM, XMM	1	1	1*p5	3	1.00	AVX512F_128
VPCMPGTQ	K, YMM, M64_1to4	2	2	1*p23+1*p5	3	1.00	AVX512F_256
VPCMPGTW	K, K, XMM, M128	2	2	1*p23+1*p5	3	1.00	AVX512BW_128
VPCMPGTW	K, K, YMM, M256	2	2	1*p23+1*p5	3	1.00	AVX512BW_256
VPCMPGTW	K, K, ZMM, M512	2	2	1*p23+1*p5	3	1.00	AVX512BW_512
VPCMPGTW	K, ZMM, M512	2	2	1*p23+1*p5	3	1.00	AVX512BW_512
VPCMPGTW	K, XMM, M128	2	2	1*p23+1*p5	3	1.00	AVX512BW_128
VPCMPGTW	K, YMM, M256	2	2	1*p23+1*p5	3	1.00	AVX512BW_256
VPCMPQ	K, K, XMM, M128, I8	2	2	1*p23+1*p5	3	1.00	AVX512F_128
VPCMPQ	K, K, XMM, XMM, I8	1	1	1*p5	3	1.00	AVX512F_128
VPCMPQ	K, K, YMM, M64_1to4, I8	2	2	1*p23+1*p5	3	1.00	AVX512F_256
VPCMPQ	K, K, ZMM, M512, I8	2	2	1*p23+1*p5	3	1.00	AVX512F_512
VPCMPQ	K, K, ZMM, ZMM, I8	1	1	1*p5	3	1.00	AVX512F_512
VPCMPQ	K, XMM, M64_1to2, I8	2	2	1*p23+1*p5	3	1.00	AVX512F_128
VPCMPQ	K, YMM, M256, I8	2	2	1*p23+1*p5	3	1.00	AVX512F_256
VPCMPQ	K, YMM, YMM, I8	1	1	1*p5	3	1.00	AVX512F_256
VPCMPQ	K, ZMM, M64_1to8, I8	2	2	1*p23+1*p5	3	1.00	AVX512F_512
VPCMPUB	K, K, XMM, M128, I8	2	2	1*p23+1*p5	3	1.00	AVX512BW_128
VPCMPUB	K, K, YMM, M256, I8	2	2	1*p23+1*p5	3	1.00	AVX512BW_256
VPCMPUB	K, K, ZMM, M512, I8	2	2	1*p23+1*p5	3	1.00	AVX512BW_512
VPCMPUB	K, XMM, M128, I8	2	2	1*p23+1*p5	3	1.00	AVX512BW_128
VPCMPUB	K, YMM, M256, I8	2	2	1*p23+1*p5	3	1.00	AVX512BW_256
VPCMPUB	K, ZMM, M512, I8	2	2	1*p23+1*p5	3	1.00	AVX512BW_512
VPCMPUD	K, K, XMM, M128, I8	2	2	1*p23+1*p5	3	1.00	AVX512F_128
VPCMPUD	K, K, XMM, XMM, I8	1	1	1*p5	3	1.00	AVX512F_128
VPCMPUD	K, K, YMM, M32_1to8, I8	2	2	1*p23+1*p5	3	1.00	AVX512F_256
VPCMPUD	K, K, ZMM, M32_1to16, I8	2	2	1*p23+1*p5	3	1.00	AVX512F_512
VPCMPUD	K, K, ZMM, ZMM, I8	1	1	1*p5	3	1.00	AVX512F_512
VPCMPUD	K, XMM, M32_1to4, I8	2	2	1*p23+1*p5	3	1.00	AVX512F_128
VPCMPUD	K, YMM, M256, I8	2	2	1*p23+1*p5	3	1.00	AVX512F_256
VPCMPUD	K, YMM, YMM, I8	1	1	1*p5	3	1.00	AVX512F_256
VPCMPUD	K, ZMM, M512, I8	2	2	1*p23+1*p5	3	1.00	AVX512F_512
VPCMPUQ	K, K, XMM, M128, I8	2	2	1*p23+1*p5	3	1.00	AVX512F_128
VPCMPUQ	K, K, XMM, XMM, I8	1	1	1*p5	3	1.00	AVX512F_128
VPCMPUQ	K, K, YMM, M64_1to4, I8	2	2	1*p23+1*p5	3	1.00	AVX512F_256
VPCMPUQ	K, K, ZMM, M512, I8	2	2	1*p23+1*p5	3	1.00	AVX512F_512
VPCMPUQ	K, K, ZMM, ZMM, I8	1	1	1*p5	3	1.00	AVX512F_512
VPCMPUQ	K, XMM, M64_1to2, I8	2	2	1*p23+1*p5	3	1.00	AVX512F_128
VPCMPUQ	K, YMM, M256, I8	2	2	1*p23+1*p5	3	1.00	AVX512F_256
VPCMPUQ	K, YMM, YMM, I8	1	1	1*p5	3	1.00	AVX512F_256
VPCMPUQ	K, ZMM, M64_1to8, I8	2	2	1*p23+1*p5	3	1.00	AVX512F_512
VPCMPUW	K, K, XMM, M128, I8	2	2	1*p23+1*p5	3	1.00	AVX512BW_128
VPCMPUW	K, K, YMM, M256, I8	2	2	1*p23+1*p5	3	1.00	AVX512BW_256
VPCMPUW	K, K, ZMM, M512, I8	2	2	1*p23+1*p5	3	1.00	AVX512BW_512
VPCMPUW	K, XMM, M128, I8	2	2	1*p23+1*p5	3	1.00	AVX512BW_128
VPCMPUW	K, YMM, M256, I8	2	2	1*p23+1*p5	3	1.00	AVX512BW_256
VPCMPUW	K, ZMM, M512, I8	2	2	1*p23+1*p5	3	1.00	AVX512BW_512
VPCMPW	K, K, XMM, M128, I8	2	2	1*p23+1*p5	3	1.00	AVX512BW_128
VPCMPW	K, K, YMM, M256, I8	2	2	1*p23+1*p5	3	1.00	AVX512BW_256
VPCMPW	K, K, ZMM, M512, I8	2	2	1*p23+1*p5	3	1.00	AVX512BW_512
VPCMPW	K, XMM, M128, I8	2	2	1*p23+1*p5	3	1.00	AVX512BW_128
VPCMPW	K, YMM, M256, I8	2	2	1*p23+1*p5	3	1.00	AVX512BW_256
VPCMPW	K, ZMM, M512, I8	2	2	1*p23+1*p5	3	1.00	AVX512BW_512
VPCOMPRESSD	M128, XMM	3	4	1*p237+1*p4+2*p5	8	2.00	AVX512F_128
VPCOMPRESSD	M256, YMM	3	4	1*p237+1*p4+2*p5	8	2.00	AVX512F_256
VPCOMPRESSD	M512, ZMM	3	4	1*p237+1*p4+2*p5	8	2.00	AVX512F_512
VPCOMPRESSD	XMM, XMM	2	2	2*p5	3	2.00	AVX512F_128
VPCOMPRESSD	YMM, YMM	2	2	2*p5	3	2.00	AVX512F_256
VPCOMPRESSD	ZMM, ZMM	2	2	2*p5	3	2.00	AVX512F_512
VPCOMPRESSD	YMM, K, YMM	2	2	2*p5	6	2.00	AVX512F_256
VPCOMPRESSQ	M128, K, XMM	3	4	1*p237+1*p4+2*p5	8	2.00	AVX512F_128
VPCOMPRESSQ	M256, K, YMM	3	4	1*p237+1*p4+2*p5	8	2.00	AVX512F_256
VPCOMPRESSQ	M512, K, ZMM	3	4	1*p237+1*p4+2*p5	8	2.00	AVX512F_512
VPCOMPRESSQ	XMM, K, XMM	2	2	2*p5	6	2.00	AVX512F_128
VPCOMPRESSQ	YMM, K, YMM	2	2	2*p5	6	2.00	AVX512F_256
VPCOMPRESSQ	ZMM, K, ZMM	2	2	2*p5	6	2.00	AVX512F_512
VPCONFLICTD	XMM, K, M128	15	15	5*p01+4*p015+1*p23+5*p5	7	8.00	AVX512CD_128
VPCONFLICTD	XMM, K, XMM	15	15	5*p01+5*p015+5*p5	11	8.00	AVX512CD_128
VPCONFLICTD	XMM, M32_1to4	15	15	5*p01+4*p015+1*p23+5*p5		8.00	AVX512CD_128
VPCONFLICTD	YMM, K, M256	22	22	7*p01+5*p015+1*p23+9*p5	7	9.00	AVX512CD_256
VPCONFLICTD	YMM, K, YMM	22	22	7*p01+6*p015+9*p5	16	9.00	AVX512CD_256
VPCONFLICTD	YMM, M32_1to8	22	22	7*p01+5*p015+1*p23+9*p5		9.00	AVX512CD_256
VPCONFLICTD	ZMM, K, M32_1to16	37	37	11*p0+1*p015+7*p05+1*p23+17*p5	17	19.05	AVX512CD_512
VPCONFLICTD	ZMM, K, ZMM	37	37	11*p0+1*p015+8*p05+17*p5	26	19.37	AVX512CD_512
VPCONFLICTD	ZMM, M512	37	37	11*p0+1*p015+7*p05+1*p23+17*p5		19.05	AVX512CD_512
VPCONFLICTD	YMM, K, M32_1to8	22	22	7*p01+5*p015+1*p23+9*p5	7	9.00	AVX512CD_256
VPCONFLICTQ	XMM, K, M64_1to2	4	4	1*p015+1*p23+2*p5	2	2.00	AVX512CD_128
VPCONFLICTQ	XMM, M128	4	4	1*p015+1*p23+2*p5		2.00	AVX512CD_128
VPCONFLICTQ	XMM, XMM	3	3	1*p015+2*p5	4	2.00	AVX512CD_128
VPCONFLICTQ	YMM, K, M64_1to4	15	15	5*p01+4*p015+1*p23+5*p5	8	8.00	AVX512CD_256
VPCONFLICTQ	YMM, M256	15	15	5*p01+4*p015+1*p23+5*p5		8.00	AVX512CD_256
VPCONFLICTQ	YMM, YMM	15	15	5*p01+5*p015+5*p5	12	8.00	AVX512CD_256
VPCONFLICTQ	ZMM, K, M64_1to8	22	22	7*p0+5*p05+1*p23+9*p5	10	11.04	AVX512CD_512
VPCONFLICTQ	ZMM, M512	22	22	7*p0+5*p05+1*p23+9*p5		11.04	AVX512CD_512
VPCONFLICTQ	ZMM, ZMM	22	22	7*p0+6*p05+9*p5	17	11.00	AVX512CD_512
VPCONFLICTQ	XMM, K, M64_1to2	4	4	1*p015+1*p23+2*p5	1	2.00	AVX512CD_128
VPCONFLICTQ	YMM, K, M256	15	15	5*p01+4*p015+1*p23+5*p5	7	8.00	AVX512CD_256
VPCONFLICTQ	YMM, K, YMM	15	15	5*p01+5*p015+5*p5	12	8.00	AVX512CD_256
VPCONFLICTQ	ZMM, K, M64_1to8	22	22	7*p0+5*p05+1*p23+9*p5	10	11.07	AVX512CD_512
VPERMB	XMM, K, XMM, M128	2	2	1*p23+1*p5	5	1.00	AVX512_VBMI_128
VPERMB	XMM, XMM, M128	2	2	1*p23+1*p5	3	1.00	AVX512_VBMI_128
VPERMB	YMM, K, YMM, M256	2	2	1*p23+1*p5	5	1.00	AVX512_VBMI_256
VPERMB	YMM, YMM, M256	2	2	1*p23+1*p5	3	1.00	AVX512_VBMI_256
VPERMB	ZMM, K, ZMM, M512	2	2	1*p23+1*p5	5	1.00	AVX512_VBMI_512
VPERMB	ZMM, ZMM, M512	2	2	1*p23+1*p5	3	1.00	AVX512_VBMI_512
VPERMD	YMM, K, YMM, M256	1	2	1*p23+1*p5	3	1.00	AVX512F_256
VPERMD	YMM, K, YMM, YMM	1	1	1*p5	3	1.00	AVX512F_256
VPERMD	ZMM, K, ZMM, M512	1	2	1*p23+1*p5	3	1.00	AVX512F_512
VPERMD	ZMM, ZMM, M32_1to16	1	2	1*p23+1*p5	3	1.00	AVX512F_512
VPERMD	ZMM, ZMM, ZMM	1	1	1*p5	3	1.00	AVX512F_512
VPERMD	YMM, YMM, M32_1to8	1	2	1*p23+1*p5	3	1.00	AVX512F_256
VPERMI2B	XMM, K, XMM, M128	4	4	1*p015+1*p23+2*p5	7	2.00	AVX512_VBMI_128
VPERMI2B	XMM, XMM, M128	4	4	1*p015+1*p23+2*p5	5	2.00	AVX512_VBMI_128
VPERMI2B	YMM, K, YMM, M256	4	4	1*p015+1*p23+2*p5	7	2.00	AVX512_VBMI_256
VPERMI2B	YMM, YMM, M256	4	4	1*p015+1*p23+2*p5	5	2.00	AVX512_VBMI_256
VPERMI2B	ZMM, K, ZMM, M512	4	4	1*p05+1*p23+2*p5	7	2.00	AVX512_VBMI_512
VPERMI2B	ZMM, ZMM, M512	4	4	1*p05+1*p23+2*p5	5	2.00	AVX512_VBMI_512
VPERMI2D	XMM, K, XMM, M128	1	2	1*p23+1*p5	3	1.00	AVX512F_128
VPERMI2D	XMM, K, XMM, XMM	1	1	1*p5	3	1.00	AVX512F_128
VPERMI2D	XMM, XMM, M32_1to4	1	2	1*p23+1*p5	3	1.00	AVX512F_128
VPERMI2D	YMM, K, YMM, M256	1	2	1*p23+1*p5	3	1.00	AVX512F_256
VPERMI2D	YMM, K, YMM, YMM	1	1	1*p5	3	1.00	AVX512F_256
VPERMI2D	YMM, YMM, M32_1to8	1	2	1*p23+1*p5	3	1.00	AVX512F_256
VPERMI2D	ZMM, K, ZMM, M32_1to16	1	2	1*p23+1*p5	3	1.00	AVX512F_512
VPERMI2D	ZMM, K, ZMM, ZMM	1	1	1*p5	3	1.00	AVX512F_512
VPERMI2D	ZMM, ZMM, M512	1	2	1*p23+1*p5	3	1.00	AVX512F_512
VPERMI2D	YMM, K, YMM, M32_1to8	1	2	1*p23+1*p5	3	1.00	AVX512F_256
VPERMI2PD	XMM, K, XMM, M64_1to2	1	2	1*p23+1*p5	3	1.00	AVX512F_128
VPERMI2PD	XMM, XMM, M128	1	2	1*p23+1*p5	3	1.00	AVX512F_128
VPERMI2PD	XMM, XMM, XMM	1	1	1*p5	3	1.00	AVX512F_128
VPERMI2PD	YMM, K, YMM, M64_1to4	1	2	1*p23+1*p5	3	1.00	AVX512F_256
VPERMI2PD	YMM, YMM, M256	1	2	1*p23+1*p5	3	1.00	AVX512F_256
VPERMI2PD	YMM, YMM, YMM	1	1	1*p5	3	1.00	AVX512F_256
VPERMI2PD	ZMM, K, ZMM, M64_1to8	1	2	1*p23+1*p5	3	1.00	AVX512F_512
VPERMI2PD	ZMM, ZMM, M512	1	2	1*p23+1*p5	3	1.00	AVX512F_512
VPERMI2PD	ZMM, ZMM, ZMM	1	1	1*p5	3	1.00	AVX512F_512
VPERMI2PD	YMM, K, YMM, M256	1	2	1*p23+1*p5	3	1.00	AVX512F_256
VPERMI2PD	YMM, K, YMM, YMM	1	1	1*p5	3	1.00	AVX512F_256
VPERMI2PS	XMM, K, XMM, M128	1	2	1*p23+1*p5	3	1.00	AVX512F_128
VPERMI2PS	XMM, K, XMM, XMM	1	1	1*p5	3	1.00	AVX512F_128
VPERMI2PS	XMM, XMM, M32_1to4	1	2	1*p23+1*p5	3	1.00	AVX512F_128
VPERMI2PS	YMM, K, YMM, M256	1	2	1*p23+1*p5	3	1.00	AVX512F_256
VPERMI2PS	YMM, K, YMM, YMM	1	1	1*p5	3	1.00	AVX512F_256
VPERMI2PS	YMM, YMM, M32_1to8	1	2	1*p23+1*p5	3	1.00	AVX512F_256
VPERMI2PS	ZMM, K, ZMM, M32_1to16	1	2	1*p23+1*p5	3	1.00	AVX512F_512
VPERMI2PS	ZMM, K, ZMM, ZMM	1	1	1*p5	3	1.00	AVX512F_512
VPERMI2PS	ZMM, ZMM, M512	1	2	1*p23+1*p5	3	1.00	AVX512F_512
VPERMI2PS	YMM, K, YMM, M32_1to8	1	2	1*p23+1*p5	3	1.00	AVX512F_256
VPERMI2Q	XMM, K, XMM, M64_1to2	1	2	1*p23+1*p5	3	1.00	AVX512F_128
VPERMI2Q	XMM, XMM, M128	1	2	1*p23+1*p5	3	1.00	AVX512F_128
VPERMI2Q	XMM, XMM, XMM	1	1	1*p5	3	1.00	AVX512F_128
VPERMI2Q	YMM, K, YMM, M64_1to4	1	2	1*p23+1*p5	3	1.00	AVX512F_256
VPERMI2Q	YMM, YMM, M256	1	2	1*p23+1*p5	3	1.00	AVX512F_256
VPERMI2Q	YMM, YMM, YMM	1	1	1*p5	3	1.00	AVX512F_256
VPERMI2Q	ZMM, K, ZMM, M64_1to8	1	2	1*p23+1*p5	3	1.00	AVX512F_512
VPERMI2Q	ZMM, ZMM, M512	1	2	1*p23+1*p5	3	1.00	AVX512F_512
VPERMI2Q	ZMM, ZMM, ZMM	1	1	1*p5	3	1.00	AVX512F_512
VPERMI2Q	YMM, K, YMM, M256	1	2	1*p23+1*p5	3	1.00	AVX512F_256
VPERMI2Q	YMM, K, YMM, YMM	1	1	1*p5	3	1.00	AVX512F_256
VPERMI2W	XMM, K, XMM, M128	4	4	1*p015+1*p23+2*p5	9	2.00	AVX512BW_128
VPERMI2W	XMM, XMM, M128	4	4	1*p015+1*p23+2*p5	7	2.00	AVX512BW_128
VPERMI2W	YMM, K, YMM, M256	4	4	1*p015+1*p23+2*p5	9	2.00	AVX512BW_256
VPERMI2W	YMM, YMM, M256	4	4	1*p015+1*p23+2*p5	7	2.00	AVX512BW_256
VPERMI2W	ZMM, K, ZMM, M512	4	4	1*p05+1*p23+2*p5	9	2.00	AVX512BW_512
VPERMI2W	ZMM, ZMM, M512	4	4	1*p05+1*p23+2*p5	7	2.00	AVX512BW_512
VPERMILPD	XMM, K, M128, I8	2	2	1*p23+1*p5	1	1.00	AVX512F_128
VPERMILPD	XMM, K, XMM, I8	1	1	1*p5	1	1.00	AVX512F_128
VPERMILPD	XMM, K, XMM, M64_1to2	2	2	1*p23+1*p5	1	1.00	AVX512F_128
VPERMILPD	YMM, K, M256, I8	2	2	1*p23+1*p5	1	1.00	AVX512F_256
VPERMILPD	YMM, K, YMM, I8	1	1	1*p5	1	1.00	AVX512F_256
VPERMILPD	YMM, K, YMM, M64_1to4	2	2	1*p23+1*p5	1	1.00	AVX512F_256
VPERMILPD	ZMM, K, M512, I8	2	2	1*p23+1*p5	1	1.00	AVX512F_512
VPERMILPD	ZMM, K, ZMM, I8	1	1	1*p5	1	1.00	AVX512F_512
VPERMILPD	ZMM, K, ZMM, M64_1to8	2	2	1*p23+1*p5	1	1.00	AVX512F_512
VPERMILPD	ZMM, M512, I8	2	2	1*p23+1*p5		1.00	AVX512F_512
VPERMILPD	ZMM, ZMM, I8	1	1	1*p5	1	1.00	AVX512F_512
VPERMILPD	ZMM, ZMM, M64_1to8	2	2	1*p23+1*p5	1	1.00	AVX512F_512
VPERMILPD	XMM, M128, I8	2	2	1*p23+1*p5		1.00	AVX512F_128
VPERMILPD	XMM, XMM, I8	1	1	1*p5	1	1.00	AVX512F_128
VPERMILPD	XMM, XMM, M64_1to2	2	2	1*p23+1*p5	1	1.00	AVX512F_128
VPERMILPD	YMM, M256, I8	2	2	1*p23+1*p5		1.00	AVX512F_256
VPERMILPD	YMM, YMM, I8	1	1	1*p5	1	1.00	AVX512F_256
VPERMILPD	YMM, YMM, M64_1to4	2	2	1*p23+1*p5	1	1.00	AVX512F_256
VPERMILPS	XMM, K, M128, I8	2	2	1*p23+1*p5	1	1.00	AVX512F_128
VPERMILPS	XMM, K, XMM, I8	1	1	1*p5	1	1.00	AVX512F_128
VPERMILPS	XMM, K, XMM, M32_1to4	2	2	1*p23+1*p5	1	1.00	AVX512F_128
VPERMILPS	YMM, K, M256, I8	2	2	1*p23+1*p5	1	1.00	AVX512F_256
VPERMILPS	YMM, K, YMM, I8	1	1	1*p5	1	1.00	AVX512F_256
VPERMILPS	YMM, K, YMM, M32_1to8	2	2	1*p23+1*p5	1	1.00	AVX512F_256
VPERMILPS	ZMM, K, M32_1to16, I8	2	2	1*p23+1*p5	1	1.00	AVX512F_512
VPERMILPS	ZMM, K, ZMM, I8	1	1	1*p5	1	1.00	AVX512F_512
VPERMILPS	ZMM, K, ZMM, M512	2	2	1*p23+1*p5	1	1.00	AVX512F_512
VPERMILPS	ZMM, M32_1to16, I8	2	2	1*p23+1*p5		1.00	AVX512F_512
VPERMILPS	ZMM, ZMM, I8	1	1	1*p5	1	1.00	AVX512F_512
VPERMILPS	ZMM, ZMM, M512	2	2	1*p23+1*p5	1	1.00	AVX512F_512
VPERMILPS	XMM, M128, I8	2	2	1*p23+1*p5		1.00	AVX512F_128
VPERMILPS	XMM, XMM, I8	1	1	1*p5	1	1.00	AVX512F_128
VPERMILPS	XMM, XMM, M32_1to4	2	2	1*p23+1*p5	1	1.00	AVX512F_128
VPERMILPS	YMM, M256, I8	2	2	1*p23+1*p5		1.00	AVX512F_256
VPERMILPS	YMM, YMM, I8	1	1	1*p5	1	1.00	AVX512F_256
VPERMILPS	YMM, YMM, M32_1to8	2	2	1*p23+1*p5	1	1.00	AVX512F_256
VPERMPD	YMM, K, M256, I8	2	2	1*p23+1*p5	3	1.00	AVX512F_256
VPERMPD	YMM, K, YMM, I8	1	1	1*p5	3	1.00	AVX512F_256
VPERMPD	YMM, K, YMM, M64_1to4	1	2	1*p23+1*p5	3	1.00	AVX512F_256
VPERMPD	ZMM, K, M512, I8	2	2	1*p23+1*p5	3	1.00	AVX512F_512
VPERMPD	ZMM, K, ZMM, I8	1	1	1*p5	3	1.00	AVX512F_512
VPERMPD	ZMM, K, ZMM, M64_1to8	1	2	1*p23+1*p5	3	1.00	AVX512F_512
VPERMPD	ZMM, M512, I8	2	2	1*p23+1*p5		1.00	AVX512F_512
VPERMPD	ZMM, ZMM, I8	1	1	1*p5	3	1.00	AVX512F_512
VPERMPD	ZMM, ZMM, M64_1to8	1	2	1*p23+1*p5	3	1.00	AVX512F_512
VPERMPD	YMM, M256, I8	2	2	1*p23+1*p5		1.00	AVX512F_256
VPERMPD	YMM, YMM, I8	1	1	1*p5	3	1.00	AVX512F_256
VPERMPD	YMM, YMM, M64_1to4	1	2	1*p23+1*p5	3	1.00	AVX512F_256
VPERMPS	YMM, K, YMM, M256	1	2	1*p23+1*p5	3	1.00	AVX512F_256
VPERMPS	YMM, K, YMM, YMM	1	1	1*p5	3	1.00	AVX512F_256
VPERMPS	ZMM, K, ZMM, M512	1	2	1*p23+1*p5	3	1.00	AVX512F_512
VPERMPS	ZMM, ZMM, M32_1to16	1	2	1*p23+1*p5	3	1.00	AVX512F_512
VPERMPS	ZMM, ZMM, ZMM	1	1	1*p5	3	1.00	AVX512F_512
VPERMPS	YMM, YMM, M32_1to8	1	2	1*p23+1*p5	3	1.00	AVX512F_256
VPERMQ	YMM, K, M256, I8	2	2	1*p23+1*p5	3	1.00	AVX512F_256
VPERMQ	YMM, K, YMM, I8	1	1	1*p5	3	1.00	AVX512F_256
VPERMQ	YMM, K, YMM, M64_1to4	1	2	1*p23+1*p5	3	1.00	AVX512F_256
VPERMQ	ZMM, K, M512, I8	2	2	1*p23+1*p5	3	1.00	AVX512F_512
VPERMQ	ZMM, K, ZMM, I8	1	1	1*p5	3	1.00	AVX512F_512
VPERMQ	ZMM, K, ZMM, M64_1to8	1	2	1*p23+1*p5	3	1.00	AVX512F_512
VPERMQ	ZMM, M512, I8	2	2	1*p23+1*p5		1.00	AVX512F_512
VPERMQ	ZMM, ZMM, I8	1	1	1*p5	3	1.00	AVX512F_512
VPERMQ	ZMM, ZMM, M64_1to8	1	2	1*p23+1*p5	3	1.00	AVX512F_512
VPERMQ	YMM, M256, I8	2	2	1*p23+1*p5		1.00	AVX512F_256
VPERMQ	YMM, YMM, I8	1	1	1*p5	3	1.00	AVX512F_256
VPERMQ	YMM, YMM, M64_1to4	1	2	1*p23+1*p5	3	1.00	AVX512F_256
VPERMT2B	XMM, K, XMM, M128	4	4	1*p015+1*p23+2*p5	7	2.00	AVX512_VBMI_128
VPERMT2B	XMM, XMM, M128	4	4	1*p015+1*p23+2*p5	5	2.00	AVX512_VBMI_128
VPERMT2B	YMM, K, YMM, M256	4	4	1*p015+1*p23+2*p5	7	2.00	AVX512_VBMI_256
VPERMT2B	YMM, YMM, M256	4	4	1*p015+1*p23+2*p5	5	2.00	AVX512_VBMI_256
VPERMT2B	ZMM, K, ZMM, M512	4	4	1*p05+1*p23+2*p5	7	2.00	AVX512_VBMI_512
VPERMT2B	ZMM, ZMM, M512	4	4	1*p05+1*p23+2*p5	5	2.00	AVX512_VBMI_512
VPERMT2D	XMM, K, XMM, M128	1	2	1*p23+1*p5	3	1.00	AVX512F_128
VPERMT2D	XMM, K, XMM, XMM	1	1	1*p5	3	1.00	AVX512F_128
VPERMT2D	XMM, XMM, M32_1to4	1	2	1*p23+1*p5	3	1.00	AVX512F_128
VPERMT2D	YMM, K, YMM, M256	1	2	1*p23+1*p5	3	1.00	AVX512F_256
VPERMT2D	YMM, K, YMM, YMM	1	1	1*p5	3	1.00	AVX512F_256
VPERMT2D	YMM, YMM, M32_1to8	1	2	1*p23+1*p5	3	1.00	AVX512F_256
VPERMT2D	ZMM, K, ZMM, M32_1to16	1	2	1*p23+1*p5	3	1.00	AVX512F_512
VPERMT2D	ZMM, K, ZMM, ZMM	1	1	1*p5	3	1.00	AVX512F_512
VPERMT2D	ZMM, ZMM, M512	1	2	1*p23+1*p5	3	1.00	AVX512F_512
VPERMT2D	YMM, K, YMM, M32_1to8	1	2	1*p23+1*p5	3	1.00	AVX512F_256
VPERMT2PD	XMM, K, XMM, M64_1to2	1	2	1*p23+1*p5	3	1.00	AVX512F_128
VPERMT2PD	XMM, XMM, M128	1	2	1*p23+1*p5	3	1.00	AVX512F_128
VPERMT2PD	XMM, XMM, XMM	1	1	1*p5	3	1.00	AVX512F_128
VPERMT2PD	YMM, K, YMM, M64_1to4	1	2	1*p23+1*p5	3	1.00	AVX512F_256
VPERMT2PD	YMM, YMM, M256	1	2	1*p23+1*p5	3	1.00	AVX512F_256
VPERMT2PD	YMM, YMM, YMM	1	1	1*p5	3	1.00	AVX512F_256
VPERMT2PD	ZMM, K, ZMM, M64_1to8	1	2	1*p23+1*p5	3	1.00	AVX512F_512
VPERMT2PD	ZMM, ZMM, M512	1	2	1*p23+1*p5	3	1.00	AVX512F_512
VPERMT2PD	ZMM, ZMM, ZMM	1	1	1*p5	3	1.00	AVX512F_512
VPERMT2PD	YMM, K, YMM, M256	1	2	1*p23+1*p5	3	1.00	AVX512F_256
VPERMT2PD	YMM, K, YMM, YMM	1	1	1*p5	3	1.00	AVX512F_256
VPERMT2PS	XMM, K, XMM, M128	1	2	1*p23+1*p5	3	1.00	AVX512F_128
VPERMT2PS	XMM, K, XMM, XMM	1	1	1*p5	3	1.00	AVX512F_128
VPERMT2PS	XMM, XMM, M32_1to4	1	2	1*p23+1*p5	3	1.00	AVX512F_128
VPERMT2PS	YMM, K, YMM, M256	1	2	1*p23+1*p5	3	1.00	AVX512F_256
VPERMT2PS	YMM, K, YMM, YMM	1	1	1*p5	3	1.00	AVX512F_256
VPERMT2PS	YMM, YMM, M32_1to8	1	2	1*p23+1*p5	3	1.00	AVX512F_256
VPERMT2PS	ZMM, K, ZMM, M32_1to16	1	2	1*p23+1*p5	3	1.00	AVX512F_512
VPERMT2PS	ZMM, K, ZMM, ZMM	1	1	1*p5	3	1.00	AVX512F_512
VPERMT2PS	ZMM, ZMM, M512	1	2	1*p23+1*p5	3	1.00	AVX512F_512
VPERMT2PS	YMM, K, YMM, M32_1to8	1	2	1*p23+1*p5	3	1.00	AVX512F_256
VPERMT2Q	XMM, K, XMM, M64_1to2	1	2	1*p23+1*p5	3	1.00	AVX512F_128
VPERMT2Q	XMM, XMM, M128	1	2	1*p23+1*p5	3	1.00	AVX512F_128
VPERMT2Q	XMM, XMM, XMM	1	1	1*p5	3	1.00	AVX512F_128
VPERMT2Q	YMM, K, YMM, M64_1to4	1	2	1*p23+1*p5	3	1.00	AVX512F_256
VPERMT2Q	YMM, YMM, M256	1	2	1*p23+1*p5	3	1.00	AVX512F_256
VPERMT2Q	YMM, YMM, YMM	1	1	1*p5	3	1.00	AVX512F_256
VPERMT2Q	ZMM, K, ZMM, M64_1to8	1	2	1*p23+1*p5	3	1.00	AVX512F_512
VPERMT2Q	ZMM, ZMM, M512	1	2	1*p23+1*p5	3	1.00	AVX512F_512
VPERMT2Q	ZMM, ZMM, ZMM	1	1	1*p5	3	1.00	AVX512F_512
VPERMT2Q	YMM, K, YMM, M256	1	2	1*p23+1*p5	3	1.00	AVX512F_256
VPERMT2Q	YMM, K, YMM, YMM	1	1	1*p5	3	1.00	AVX512F_256
VPERMT2W	XMM, K, XMM, M128	4	4	1*p015+1*p23+2*p5	9	2.00	AVX512BW_128
VPERMT2W	XMM, XMM, M128	4	4	1*p015+1*p23+2*p5	7	2.00	AVX512BW_128
VPERMT2W	YMM, K, YMM, M256	4	4	1*p015+1*p23+2*p5	9	2.00	AVX512BW_256
VPERMT2W	YMM, YMM, M256	4	4	1*p015+1*p23+2*p5	7	2.00	AVX512BW_256
VPERMT2W	ZMM, K, ZMM, M512	4	4	1*p05+1*p23+2*p5	9	2.00	AVX512BW_512
VPERMT2W	ZMM, ZMM, M512	4	4	1*p05+1*p23+2*p5	7	2.00	AVX512BW_512
VPERMW	XMM, K, XMM, M128	3	3	1*p01+1*p23+1*p5	6	1.00	AVX512BW_128
VPERMW	XMM, XMM, M128	3	3	1*p01+1*p23+1*p5	4	1.00	AVX512BW_128
VPERMW	YMM, K, YMM, M256	3	3	1*p01+1*p23+1*p5	6	1.00	AVX512BW_256
VPERMW	YMM, YMM, M256	3	3	1*p01+1*p23+1*p5	4	1.00	AVX512BW_256
VPERMW	ZMM, K, ZMM, M512	3	3	1*p0+1*p23+1*p5	6	1.00	AVX512BW_512
VPERMW	ZMM, ZMM, M512	3	3	1*p0+1*p23+1*p5	4	1.00	AVX512BW_512
VPEXPANDD	XMM, K, M128	2	3	1*p23+2*p5	6	2.00	AVX512F_128
VPEXPANDD	XMM, M128	2	3	1*p23+2*p5		2.00	AVX512F_128
VPEXPANDD	YMM, K, M256	2	3	1*p23+2*p5	6	2.00	AVX512F_256
VPEXPANDD	YMM, M256	2	3	1*p23+2*p5		2.00	AVX512F_256
VPEXPANDD	ZMM, K, M512	2	3	1*p23+2*p5	6	2.00	AVX512F_512
VPEXPANDD	ZMM, M512	2	3	1*p23+2*p5		2.00	AVX512F_512
VPEXPANDQ	XMM, K, M128	2	3	1*p23+2*p5	6	2.00	AVX512F_128
VPEXPANDQ	XMM, M128	2	3	1*p23+2*p5		2.00	AVX512F_128
VPEXPANDQ	YMM, K, M256	2	3	1*p23+2*p5	6	2.00	AVX512F_256
VPEXPANDQ	YMM, M256	2	3	1*p23+2*p5		2.00	AVX512F_256
VPEXPANDQ	ZMM, K, M512	2	3	1*p23+2*p5	6	2.00	AVX512F_512
VPEXPANDQ	ZMM, M512	2	3	1*p23+2*p5		2.00	AVX512F_512
VPEXTRB	M8, XMM, I8	2	3	1*p237+1*p4+1*p5	15	1.00	AVX512BW_128N
VPEXTRD	M32, XMM, I8	2	3	1*p237+1*p4+1*p5	5	1.00	AVX512DQ_128N
VPEXTRQ	M64, XMM, I8	2	3	1*p237+1*p4+1*p5	5	1.00	AVX512DQ_128N
VPEXTRW_C5	R32, XMM, I8	2	2	1*p0+1*p5	4	1.00	AVX512BW_128N
VPGATHERDD	XMM, K, VSIB_XMM	4	4	1*p0+4*p23+1*p5	19	3.00	AVX512F_128
VPGATHERDD	ZMM, K, VSIB_ZMM	4	4	1*p0+16*p23+1*p5	25	9.00	AVX512F_512
VPGATHERDQ	YMM, K, VSIB_XMM	4	4	1*p0+4*p23+1*p5	19	3.00	AVX512F_256
VPGATHERQD	XMM, K, VSIB_XMM	4	4	1*p0+2*p23+1*p5	17	2.00	AVX512F_128
VPGATHERQD	YMM, K, VSIB_ZMM	4	4	1*p0+8*p23+1*p5	21	5.00	AVX512F_512
VPGATHERQQ	YMM, K, VSIB_YMM	4	4	1*p0+4*p23+1*p5	19	3.00	AVX512F_256
VPINSRB	XMM, XMM, M8, I8	2	2	1*p23+1*p5	1	1.00	AVX512BW_128N
VPINSRD	XMM, XMM, M32, I8	2	2	1*p23+1*p5	1	1.00	AVX512DQ_128N
VPINSRQ	XMM, XMM, M64, I8	2	2	1*p23+1*p5	1	1.00	AVX512DQ_128N
VPINSRW	XMM, XMM, M16, I8	2	2	1*p23+1*p5	1	1.00	AVX512BW_128N
VPLZCNTD	XMM, K, M128	2	2	1*p01+1*p23	4	1.00	AVX512CD_128
VPLZCNTD	XMM, K, XMM	1	1	1*p01	4	0.50	AVX512CD_128
VPLZCNTD	XMM, M32_1to4	2	2	1*p01+1*p23		1.00	AVX512CD_128
VPLZCNTD	YMM, K, M256	2	2	1*p01+1*p23	4	1.00	AVX512CD_256
VPLZCNTD	YMM, K, YMM	1	1	1*p01	4	0.50	AVX512CD_256
VPLZCNTD	YMM, M32_1to8	2	2	1*p01+1*p23		1.00	AVX512CD_256
VPLZCNTD	ZMM, K, M32_1to16	2	2	1*p0+1*p23	4	1.00	AVX512CD_512
VPLZCNTD	ZMM, K, ZMM	1	1	1*p0	4	1.00	AVX512CD_512
VPLZCNTD	ZMM, M512	2	2	1*p0+1*p23		1.00	AVX512CD_512
VPLZCNTD	YMM, K, M32_1to8	2	2	1*p01+1*p23	4	1.00	AVX512CD_256
VPLZCNTQ	XMM, K, M64_1to2	2	2	1*p01+1*p23	4	1.00	AVX512CD_128
VPLZCNTQ	XMM, M128	2	2	1*p01+1*p23		1.00	AVX512CD_128
VPLZCNTQ	XMM, XMM	1	1	1*p01	4	0.50	AVX512CD_128
VPLZCNTQ	YMM, K, M64_1to4	2	2	1*p01+1*p23	4	1.00	AVX512CD_256
VPLZCNTQ	YMM, M256	2	2	1*p01+1*p23		1.00	AVX512CD_256
VPLZCNTQ	YMM, YMM	1	1	1*p01	4	0.50	AVX512CD_256
VPLZCNTQ	ZMM, K, M64_1to8	2	2	1*p0+1*p23	4	1.00	AVX512CD_512
VPLZCNTQ	ZMM, M512	2	2	1*p0+1*p23		1.00	AVX512CD_512
VPLZCNTQ	ZMM, ZMM	1	1	1*p0	4	1.00	AVX512CD_512
VPLZCNTQ	YMM, K, M256	2	2	1*p01+1*p23	4	1.00	AVX512CD_256
VPLZCNTQ	YMM, K, YMM	1	1	1*p01	4	0.50	AVX512CD_256
VPMADD52HUQ	XMM, K, XMM, M128	1	2	1*p01+1*p23	4	0.52	AVX512_IFMA_128
VPMADD52HUQ	XMM, K, XMM, XMM	1	1	1*p01	4	0.50	AVX512_IFMA_128
VPMADD52HUQ	YMM, K, YMM, M64_1to4	1	2	1*p01+1*p23	4	0.54	AVX512_IFMA_256
VPMADD52HUQ	ZMM, K, ZMM, M512	1	2	1*p0+1*p23	4	1.00	AVX512_IFMA_512
VPMADD52HUQ	ZMM, K, ZMM, ZMM	1	1	1*p0	4	1.00	AVX512_IFMA_512
VPMADD52HUQ	ZMM, ZMM, M64_1to8	1	2	1*p0+1*p23	4	1.00	AVX512_IFMA_512
VPMADD52HUQ	XMM, XMM, M128	1	2	1*p01+1*p23	4	0.53	AVX512_IFMA_128
VPMADD52HUQ	XMM, XMM, XMM	1	1	1*p01	4	0.50	AVX512_IFMA_128
VPMADD52HUQ	YMM, YMM, M64_1to4	1	2	1*p01+1*p23	4	0.54	AVX512_IFMA_256
VPMADD52HUQ	XMM, K, XMM, M128	1	2	1*p01+1*p23	4	0.53	AVX512_IFMA_128
VPMADD52HUQ	YMM, K, YMM, M64_1to4	1	2	1*p01+1*p23	4	0.52	AVX512_IFMA_256
VPMADD52LUQ	XMM, K, XMM, M64_1to2	1	2	1*p01+1*p23	4	0.52	AVX512_IFMA_128
VPMADD52LUQ	YMM, K, YMM, M256	1	2	1*p01+1*p23	4	0.52	AVX512_IFMA_256
VPMADD52LUQ	YMM, K, YMM, YMM	1	1	1*p01	4	0.50	AVX512_IFMA_256
VPMADD52LUQ	ZMM, K, ZMM, M64_1to8	1	2	1*p0+1*p23	4	1.00	AVX512_IFMA_512
VPMADD52LUQ	ZMM, ZMM, M512	1	2	1*p0+1*p23	4	1.00	AVX512_IFMA_512
VPMADD52LUQ	ZMM, ZMM, ZMM	1	1	1*p0	4	1.00	AVX512_IFMA_512
VPMADD52LUQ	XMM, XMM, M64_1to2	1	2	1*p01+1*p23	4	0.54	AVX512_IFMA_128
VPMADD52LUQ	YMM, YMM, M256	1	2	1*p01+1*p23	4	0.52	AVX512_IFMA_256
VPMADD52LUQ	YMM, YMM, YMM	1	1	1*p01	4	0.50	AVX512_IFMA_256
VPMADD52LUQ	XMM, K, XMM, M64_1to2	1	2	1*p01+1*p23	4	0.54	AVX512_IFMA_128
VPMADD52LUQ	YMM, K, YMM, M256	1	2	1*p01+1*p23	4	0.53	AVX512_IFMA_256
VPMADDUBSW	XMM, K, XMM, M128	1	2	1*p01+1*p23	6	0.53	AVX512BW_128
VPMADDUBSW	YMM, K, YMM, M256	1	2	1*p01+1*p23	6	0.54	AVX512BW_256
VPMADDUBSW	ZMM, K, ZMM, M512	1	2	1*p0+1*p23	6	1.00	AVX512BW_512
VPMADDUBSW	ZMM, ZMM, M512	1	2	1*p0+1*p23	5	1.00	AVX512BW_512
VPMADDUBSW	XMM, XMM, M128	1	2	1*p01+1*p23	5	0.52	AVX512BW_128
VPMADDUBSW	YMM, YMM, M256	1	2	1*p01+1*p23	5	0.53	AVX512BW_256
VPMADDUBSW	YMM, K, YMM, M256	1	2	1*p01+1*p23	6	0.53	AVX512BW_256
VPMADDWD	XMM, K, XMM, M128	1	2	1*p01+1*p23	5	0.54	AVX512BW_128
VPMADDWD	YMM, K, YMM, M256	1	2	1*p01+1*p23	5	0.53	AVX512BW_256
VPMADDWD	ZMM, K, ZMM, M512	1	2	1*p0+1*p23	5	1.00	AVX512BW_512
VPMADDWD	ZMM, ZMM, M512	1	2	1*p0+1*p23	5	1.00	AVX512BW_512
VPMADDWD	XMM, XMM, M128	1	2	1*p01+1*p23	5	0.53	AVX512BW_128
VPMADDWD	YMM, YMM, M256	1	2	1*p01+1*p23	5	0.54	AVX512BW_256
VPMADDWD	XMM, K, XMM, M128	1	2	1*p01+1*p23	5	0.53	AVX512BW_128
VPMAXSB	XMM, K, XMM, M128	1	2	1*p01+1*p23	3	0.50	AVX512BW_128
VPMAXSB	YMM, K, YMM, M256	1	2	1*p01+1*p23	3	0.50	AVX512BW_256
VPMAXSB	ZMM, K, ZMM, M512	1	2	1*p0+1*p23	3	1.00	AVX512BW_512
VPMAXSB	ZMM, ZMM, M512	1	2	1*p0+1*p23	1	1.00	AVX512BW_512
VPMAXSB	XMM, XMM, M128	1	2	1*p01+1*p23	1	0.50	AVX512BW_128
VPMAXSB	YMM, YMM, M256	1	2	1*p01+1*p23	1	0.50	AVX512BW_256
VPMAXSD	XMM, K, XMM, M128	1	2	1*p01+1*p23	1	0.50	AVX512F_128
VPMAXSD	XMM, K, XMM, XMM	1	1	1*p01	1	0.50	AVX512F_128
VPMAXSD	YMM, K, YMM, M32_1to8	1	2	1*p01+1*p23	1	0.50	AVX512F_256
VPMAXSD	ZMM, K, ZMM, M32_1to16	1	2	1*p0+1*p23	1	1.00	AVX512F_512
VPMAXSD	ZMM, K, ZMM, ZMM	1	1	1*p0	1	1.00	AVX512F_512
VPMAXSD	ZMM, ZMM, M512	1	2	1*p0+1*p23	1	1.00	AVX512F_512
VPMAXSD	XMM, XMM, M128	1	2	1*p01+1*p23	1	0.50	AVX512F_128
VPMAXSD	XMM, XMM, XMM	1	1	1*p01	1	0.50	AVX512F_128
VPMAXSD	YMM, YMM, M32_1to8	1	2	1*p01+1*p23	1	0.50	AVX512F_256
VPMAXSQ	XMM, K, XMM, M64_1to2	1	2	1*p23+1*p5	3	1.00	AVX512F_128
VPMAXSQ	XMM, XMM, M128	1	2	1*p23+1*p5	3	1.00	AVX512F_128
VPMAXSQ	XMM, XMM, XMM	1	1	1*p5	3	1.00	AVX512F_128
VPMAXSQ	YMM, K, YMM, M64_1to4	1	2	1*p23+1*p5	3	1.00	AVX512F_256
VPMAXSQ	YMM, YMM, M256	1	2	1*p23+1*p5	3	1.00	AVX512F_256
VPMAXSQ	YMM, YMM, YMM	1	1	1*p5	3	1.00	AVX512F_256
VPMAXSQ	ZMM, K, ZMM, M64_1to8	1	2	1*p23+1*p5	3	1.00	AVX512F_512
VPMAXSQ	ZMM, ZMM, M512	1	2	1*p23+1*p5	3	1.00	AVX512F_512
VPMAXSQ	ZMM, ZMM, ZMM	1	1	1*p5	3	1.00	AVX512F_512
VPMAXSQ	YMM, K, YMM, M256	1	2	1*p23+1*p5	3	1.00	AVX512F_256
VPMAXSQ	YMM, K, YMM, YMM	1	1	1*p5	3	1.00	AVX512F_256
VPMAXSW	XMM, K, XMM, M128	1	2	1*p01+1*p23	3	0.50	AVX512BW_128
VPMAXSW	YMM, K, YMM, M256	1	2	1*p01+1*p23	3	0.50	AVX512BW_256
VPMAXSW	ZMM, K, ZMM, M512	1	2	1*p0+1*p23	3	1.00	AVX512BW_512
VPMAXSW	ZMM, ZMM, M512	1	2	1*p0+1*p23	1	1.00	AVX512BW_512
VPMAXSW	XMM, XMM, M128	1	2	1*p01+1*p23	1	0.50	AVX512BW_128
VPMAXSW	YMM, YMM, M256	1	2	1*p01+1*p23	1	0.50	AVX512BW_256
VPMAXUB	XMM, K, XMM, M128	1	2	1*p01+1*p23	3	0.50	AVX512BW_128
VPMAXUB	YMM, K, YMM, M256	1	2	1*p01+1*p23	3	0.50	AVX512BW_256
VPMAXUB	ZMM, K, ZMM, M512	1	2	1*p0+1*p23	3	1.00	AVX512BW_512
VPMAXUB	ZMM, ZMM, M512	1	2	1*p0+1*p23	1	1.00	AVX512BW_512
VPMAXUB	XMM, XMM, M128	1	2	1*p01+1*p23	1	0.50	AVX512BW_128
VPMAXUB	YMM, YMM, M256	1	2	1*p01+1*p23	1	0.50	AVX512BW_256
VPMAXUD	XMM, K, XMM, M128	1	2	1*p01+1*p23	1	0.50	AVX512F_128
VPMAXUD	XMM, K, XMM, XMM	1	1	1*p01	1	0.50	AVX512F_128
VPMAXUD	YMM, K, YMM, M32_1to8	1	2	1*p01+1*p23	1	0.50	AVX512F_256
VPMAXUD	ZMM, K, ZMM, M32_1to16	1	2	1*p0+1*p23	1	1.00	AVX512F_512
VPMAXUD	ZMM, K, ZMM, ZMM	1	1	1*p0	1	1.00	AVX512F_512
VPMAXUD	ZMM, ZMM, M512	1	2	1*p0+1*p23	1	1.00	AVX512F_512
VPMAXUD	XMM, XMM, M128	1	2	1*p01+1*p23	1	0.50	AVX512F_128
VPMAXUD	XMM, XMM, XMM	1	1	1*p01	1	0.50	AVX512F_128
VPMAXUD	YMM, YMM, M32_1to8	1	2	1*p01+1*p23	1	0.50	AVX512F_256
VPMAXUQ	XMM, K, XMM, M64_1to2	1	2	1*p23+1*p5	3	1.00	AVX512F_128
VPMAXUQ	XMM, XMM, M128	1	2	1*p23+1*p5	3	1.00	AVX512F_128
VPMAXUQ	XMM, XMM, XMM	1	1	1*p5	3	1.00	AVX512F_128
VPMAXUQ	YMM, K, YMM, M64_1to4	1	2	1*p23+1*p5	3	1.00	AVX512F_256
VPMAXUQ	YMM, YMM, M256	1	2	1*p23+1*p5	3	1.00	AVX512F_256
VPMAXUQ	YMM, YMM, YMM	1	1	1*p5	3	1.00	AVX512F_256
VPMAXUQ	ZMM, K, ZMM, M64_1to8	1	2	1*p23+1*p5	3	1.00	AVX512F_512
VPMAXUQ	ZMM, ZMM, M512	1	2	1*p23+1*p5	3	1.00	AVX512F_512
VPMAXUQ	ZMM, ZMM, ZMM	1	1	1*p5	3	1.00	AVX512F_512
VPMAXUQ	YMM, K, YMM, M256	1	2	1*p23+1*p5	3	1.00	AVX512F_256
VPMAXUQ	YMM, K, YMM, YMM	1	1	1*p5	3	1.00	AVX512F_256
VPMAXUW	XMM, K, XMM, M128	1	2	1*p01+1*p23	3	0.50	AVX512BW_128
VPMAXUW	YMM, K, YMM, M256	1	2	1*p01+1*p23	3	0.50	AVX512BW_256
VPMAXUW	ZMM, K, ZMM, M512	1	2	1*p0+1*p23	3	1.00	AVX512BW_512
VPMAXUW	ZMM, ZMM, M512	1	2	1*p0+1*p23	1	1.00	AVX512BW_512
VPMAXUW	XMM, XMM, M128	1	2	1*p01+1*p23	1	0.50	AVX512BW_128
VPMAXUW	YMM, YMM, M256	1	2	1*p01+1*p23	1	0.50	AVX512BW_256
VPMINSB	XMM, K, XMM, M128	1	2	1*p01+1*p23	3	0.50	AVX512BW_128
VPMINSB	YMM, K, YMM, M256	1	2	1*p01+1*p23	3	0.50	AVX512BW_256
VPMINSB	ZMM, K, ZMM, M512	1	2	1*p0+1*p23	3	1.00	AVX512BW_512
VPMINSB	ZMM, ZMM, M512	1	2	1*p0+1*p23	1	1.00	AVX512BW_512
VPMINSB	XMM, XMM, M128	1	2	1*p01+1*p23	1	0.50	AVX512BW_128
VPMINSB	YMM, YMM, M256	1	2	1*p01+1*p23	1	0.50	AVX512BW_256
VPMINSD	XMM, K, XMM, M128	1	2	1*p01+1*p23	1	0.50	AVX512F_128
VPMINSD	XMM, K, XMM, XMM	1	1	1*p01	1	0.50	AVX512F_128
VPMINSD	YMM, K, YMM, M32_1to8	1	2	1*p01+1*p23	1	0.50	AVX512F_256
VPMINSD	ZMM, K, ZMM, M32_1to16	1	2	1*p0+1*p23	1	1.00	AVX512F_512
VPMINSD	ZMM, K, ZMM, ZMM	1	1	1*p0	1	1.00	AVX512F_512
VPMINSD	ZMM, ZMM, M512	1	2	1*p0+1*p23	1	1.00	AVX512F_512
VPMINSD	XMM, XMM, M128	1	2	1*p01+1*p23	1	0.50	AVX512F_128
VPMINSD	XMM, XMM, XMM	1	1	1*p01	1	0.50	AVX512F_128
VPMINSD	YMM, YMM, M32_1to8	1	2	1*p01+1*p23	1	0.50	AVX512F_256
VPMINSQ	XMM, K, XMM, M64_1to2	1	2	1*p23+1*p5	3	1.00	AVX512F_128
VPMINSQ	XMM, XMM, M128	1	2	1*p23+1*p5	3	1.00	AVX512F_128
VPMINSQ	XMM, XMM, XMM	1	1	1*p5	3	1.00	AVX512F_128
VPMINSQ	YMM, K, YMM, M64_1to4	1	2	1*p23+1*p5	3	1.00	AVX512F_256
VPMINSQ	YMM, YMM, M256	1	2	1*p23+1*p5	3	1.00	AVX512F_256
VPMINSQ	YMM, YMM, YMM	1	1	1*p5	3	1.00	AVX512F_256
VPMINSQ	ZMM, K, ZMM, M64_1to8	1	2	1*p23+1*p5	3	1.00	AVX512F_512
VPMINSQ	ZMM, ZMM, M512	1	2	1*p23+1*p5	3	1.00	AVX512F_512
VPMINSQ	ZMM, ZMM, ZMM	1	1	1*p5	3	1.00	AVX512F_512
VPMINSQ	YMM, K, YMM, M256	1	2	1*p23+1*p5	3	1.00	AVX512F_256
VPMINSQ	YMM, K, YMM, YMM	1	1	1*p5	3	1.00	AVX512F_256
VPMINSW	XMM, K, XMM, M128	1	2	1*p01+1*p23	3	0.50	AVX512BW_128
VPMINSW	YMM, K, YMM, M256	1	2	1*p01+1*p23	3	0.50	AVX512BW_256
VPMINSW	ZMM, K, ZMM, M512	1	2	1*p0+1*p23	3	1.00	AVX512BW_512
VPMINSW	ZMM, ZMM, M512	1	2	1*p0+1*p23	1	1.00	AVX512BW_512
VPMINSW	XMM, XMM, M128	1	2	1*p01+1*p23	1	0.50	AVX512BW_128
VPMINSW	YMM, YMM, M256	1	2	1*p01+1*p23	1	0.50	AVX512BW_256
VPMINUB	XMM, K, XMM, M128	1	2	1*p01+1*p23	3	0.50	AVX512BW_128
VPMINUB	YMM, K, YMM, M256	1	2	1*p01+1*p23	3	0.50	AVX512BW_256
VPMINUB	ZMM, K, ZMM, M512	1	2	1*p0+1*p23	3	1.00	AVX512BW_512
VPMINUB	ZMM, ZMM, M512	1	2	1*p0+1*p23	1	1.00	AVX512BW_512
VPMINUB	XMM, XMM, M128	1	2	1*p01+1*p23	1	0.50	AVX512BW_128
VPMINUB	YMM, YMM, M256	1	2	1*p01+1*p23	1	0.50	AVX512BW_256
VPMINUD	XMM, K, XMM, M128	1	2	1*p01+1*p23	1	0.50	AVX512F_128
VPMINUD	XMM, K, XMM, XMM	1	1	1*p01	1	0.50	AVX512F_128
VPMINUD	YMM, K, YMM, M32_1to8	1	2	1*p01+1*p23	1	0.50	AVX512F_256
VPMINUD	ZMM, K, ZMM, M32_1to16	1	2	1*p0+1*p23	1	1.00	AVX512F_512
VPMINUD	ZMM, K, ZMM, ZMM	1	1	1*p0	1	1.00	AVX512F_512
VPMINUD	ZMM, ZMM, M512	1	2	1*p0+1*p23	1	1.00	AVX512F_512
VPMINUD	XMM, XMM, M128	1	2	1*p01+1*p23	1	0.50	AVX512F_128
VPMINUD	XMM, XMM, XMM	1	1	1*p01	1	0.50	AVX512F_128
VPMINUD	YMM, YMM, M32_1to8	1	2	1*p01+1*p23	1	0.50	AVX512F_256
VPMINUQ	XMM, K, XMM, M64_1to2	1	2	1*p23+1*p5	3	1.00	AVX512F_128
VPMINUQ	XMM, XMM, M128	1	2	1*p23+1*p5	3	1.00	AVX512F_128
VPMINUQ	XMM, XMM, XMM	1	1	1*p5	3	1.00	AVX512F_128
VPMINUQ	YMM, K, YMM, M64_1to4	1	2	1*p23+1*p5	3	1.00	AVX512F_256
VPMINUQ	YMM, YMM, M256	1	2	1*p23+1*p5	3	1.00	AVX512F_256
VPMINUQ	YMM, YMM, YMM	1	1	1*p5	3	1.00	AVX512F_256
VPMINUQ	ZMM, K, ZMM, M64_1to8	1	2	1*p23+1*p5	3	1.00	AVX512F_512
VPMINUQ	ZMM, ZMM, M512	1	2	1*p23+1*p5	3	1.00	AVX512F_512
VPMINUQ	ZMM, ZMM, ZMM	1	1	1*p5	3	1.00	AVX512F_512
VPMINUQ	YMM, K, YMM, M256	1	2	1*p23+1*p5	3	1.00	AVX512F_256
VPMINUQ	YMM, K, YMM, YMM	1	1	1*p5	3	1.00	AVX512F_256
VPMINUW	XMM, K, XMM, M128	1	2	1*p01+1*p23	3	0.50	AVX512BW_128
VPMINUW	YMM, K, YMM, M256	1	2	1*p01+1*p23	3	0.50	AVX512BW_256
VPMINUW	ZMM, K, ZMM, M512	1	2	1*p0+1*p23	3	1.00	AVX512BW_512
VPMINUW	ZMM, ZMM, M512	1	2	1*p0+1*p23	1	1.00	AVX512BW_512
VPMINUW	XMM, XMM, M128	1	2	1*p01+1*p23	1	0.50	AVX512BW_128
VPMINUW	YMM, YMM, M256	1	2	1*p01+1*p23	1	0.50	AVX512BW_256
VPMOVB2M	K, XMM	1	1	1*p0	3	1.00	AVX512BW_128
VPMOVB2M	K, ZMM	1	1	1*p0	3	1.00	AVX512BW_512
VPMOVD2M	K, YMM	1	1	1*p0	3	1.00	AVX512DQ_256
VPMOVDB	M128, K, ZMM	3	4	1*p237+1*p4+2*p5	8	2.00	AVX512F_512
VPMOVDB	M32, K, XMM	3	4	1*p237+1*p4+2*p5	6	2.00	AVX512F_128
VPMOVDB	M64, K, YMM	3	4	1*p237+1*p4+2*p5	8	2.00	AVX512F_256
VPMOVDB	XMM, K, XMM	2	2	2*p5	4	2.00	AVX512F_128
VPMOVDB	XMM, K, ZMM	2	2	2*p5	6	2.00	AVX512F_512
VPMOVDB	XMM, YMM	2	2	2*p5	4	2.00	AVX512F_256
VPMOVDW	M128, YMM	3	4	1*p237+1*p4+2*p5	8	2.00	AVX512F_256
VPMOVDW	M256, ZMM	3	4	1*p237+1*p4+2*p5	8	2.00	AVX512F_512
VPMOVDW	M64, XMM	3	4	1*p237+1*p4+2*p5	6	2.00	AVX512F_128
VPMOVDW	XMM, K, YMM	2	2	2*p5	6	2.00	AVX512F_256
VPMOVDW	XMM, YMM	2	2	2*p5	4	2.00	AVX512F_256
VPMOVDW	YMM, ZMM	2	2	2*p5	4	2.00	AVX512F_512
VPMOVM2B	XMM, K	1	1	1*p015	3	0.38	AVX512BW_128
VPMOVM2B	ZMM, K	1	1	1*p05	3	0.50	AVX512BW_512
VPMOVM2D	YMM, K	1	1	1*p015	1	0.38	AVX512DQ_256
VPMOVM2Q	XMM, K	1	1	1*p015	1	0.38	AVX512DQ_128
VPMOVM2Q	ZMM, K	1	1	1*p05	1	0.50	AVX512DQ_512
VPMOVM2W	YMM, K	1	1	1*p015	3	0.38	AVX512BW_256
VPMOVQ2M	K, XMM	1	1	1*p0	3	1.00	AVX512DQ_128
VPMOVQ2M	K, ZMM	1	1	1*p0	3	1.00	AVX512DQ_512
VPMOVQB	M16, XMM	3	4	1*p237+1*p4+2*p5	16	2.00	AVX512F_128
VPMOVQB	M32, YMM	3	4	1*p237+1*p4+2*p5	8	2.00	AVX512F_256
VPMOVQB	M64, ZMM	3	4	1*p237+1*p4+2*p5	8	2.00	AVX512F_512
VPMOVQB	XMM, K, YMM	2	2	2*p5	6	2.00	AVX512F_256
VPMOVQB	XMM, XMM	2	2	2*p5	2	2.00	AVX512F_128
VPMOVQB	XMM, ZMM	2	2	2*p5	4	2.00	AVX512F_512
VPMOVQD	M128, K, YMM	2	3	1*p237+1*p4+1*p5	7	1.00	AVX512F_256
VPMOVQD	M256, K, ZMM	2	3	1*p237+1*p4+1*p5	7	1.00	AVX512F_512
VPMOVQD	M64, K, XMM	2	3	1*p237+1*p4+1*p5	5	1.00	AVX512F_128
VPMOVQD	XMM, K, XMM	1	1	1*p5	1	1.00	AVX512F_128
VPMOVQD	XMM, XMM	1	1	1*p5	1	1.00	AVX512F_128
VPMOVQD	YMM, K, ZMM	1	1	1*p5	3	1.00	AVX512F_512
VPMOVQW	M128, ZMM	3	4	1*p237+1*p4+2*p5	8	2.00	AVX512F_512
VPMOVQW	M32, XMM	3	4	1*p237+1*p4+2*p5	6	2.00	AVX512F_128
VPMOVQW	M64, YMM	3	4	1*p237+1*p4+2*p5	8	2.00	AVX512F_256
VPMOVQW	XMM, K, YMM	2	2	2*p5	6	2.00	AVX512F_256
VPMOVQW	XMM, XMM	2	2	2*p5	2	2.00	AVX512F_128
VPMOVQW	XMM, ZMM	2	2	2*p5	4	2.00	AVX512F_512
VPMOVSDB	M128, K, ZMM	3	4	1*p237+1*p4+2*p5	8	2.00	AVX512F_512
VPMOVSDB	M32, K, XMM	3	4	1*p237+1*p4+2*p5	6	2.00	AVX512F_128
VPMOVSDB	M64, K, YMM	3	4	1*p237+1*p4+2*p5	8	2.00	AVX512F_256
VPMOVSDB	XMM, K, XMM	2	2	2*p5	4	2.00	AVX512F_128
VPMOVSDB	XMM, K, ZMM	2	2	2*p5	6	2.00	AVX512F_512
VPMOVSDB	XMM, YMM	2	2	2*p5	4	2.00	AVX512F_256
VPMOVSDW	M128, YMM	3	4	1*p237+1*p4+2*p5	8	2.00	AVX512F_256
VPMOVSDW	M256, ZMM	3	4	1*p237+1*p4+2*p5	8	2.00	AVX512F_512
VPMOVSDW	M64, XMM	3	4	1*p237+1*p4+2*p5	6	2.00	AVX512F_128
VPMOVSDW	XMM, K, YMM	2	2	2*p5	6	2.00	AVX512F_256
VPMOVSDW	XMM, YMM	2	2	2*p5	4	2.00	AVX512F_256
VPMOVSDW	YMM, ZMM	2	2	2*p5	4	2.00	AVX512F_512
VPMOVSQB	M16, K, XMM	3	4	1*p237+1*p4+2*p5	16	2.00	AVX512F_128
VPMOVSQB	M32, K, YMM	3	4	1*p237+1*p4+2*p5	8	2.00	AVX512F_256
VPMOVSQB	M64, K, ZMM	3	4	1*p237+1*p4+2*p5	8	2.00	AVX512F_512
VPMOVSQB	XMM, K, XMM	2	2	2*p5	4	2.00	AVX512F_128
VPMOVSQB	XMM, K, ZMM	2	2	2*p5	6	2.00	AVX512F_512
VPMOVSQB	XMM, YMM	2	2	2*p5	4	2.00	AVX512F_256
VPMOVSQD	M128, YMM	3	4	1*p237+1*p4+2*p5	8	2.00	AVX512F_256
VPMOVSQD	M256, ZMM	3	4	1*p237+1*p4+2*p5	8	2.00	AVX512F_512
VPMOVSQD	M64, XMM	3	4	1*p237+1*p4+2*p5	6	2.00	AVX512F_128
VPMOVSQD	XMM, K, YMM	2	2	2*p5	4	2.00	AVX512F_256
VPMOVSQD	XMM, YMM	2	2	2*p5	4	2.00	AVX512F_256
VPMOVSQD	YMM, ZMM	2	2	2*p5	4	2.00	AVX512F_512
VPMOVSQW	M128, K, ZMM	3	4	1*p237+1*p4+2*p5	8	2.00	AVX512F_512
VPMOVSQW	M32, K, XMM	3	4	1*p237+1*p4+2*p5	6	2.00	AVX512F_128
VPMOVSQW	M64, K, YMM	3	4	1*p237+1*p4+2*p5	8	2.00	AVX512F_256
VPMOVSQW	XMM, K, XMM	2	2	2*p5	4	2.00	AVX512F_128
VPMOVSQW	XMM, K, ZMM	2	2	2*p5	6	2.00	AVX512F_512
VPMOVSQW	XMM, YMM	2	2	2*p5	4	2.00	AVX512F_256
VPMOVSWB	M128, YMM	3	4	1*p237+1*p4+2*p5	8	2.00	AVX512BW_256
VPMOVSWB	M256, ZMM	3	4	1*p237+1*p4+2*p5	8	2.00	AVX512BW_512
VPMOVSWB	M64, XMM	3	4	1*p237+1*p4+2*p5	6	2.00	AVX512BW_128
VPMOVSWB	XMM, K, YMM	2	2	2*p5	6	2.00	AVX512BW_256
VPMOVSWB	XMM, YMM	2	2	2*p5	4	2.00	AVX512BW_256
VPMOVSWB	YMM, ZMM	2	2	2*p5	4	2.00	AVX512BW_512
VPMOVSXBD	XMM, K, M32	1	2	1*p23+1*p5	1	1.00	AVX512F_128
VPMOVSXBD	YMM, K, M64	2	2	1*p23+1*p5	3	1.00	AVX512F_256
VPMOVSXBD	ZMM, K, M128	2	2	1*p23+1*p5	3	1.00	AVX512F_512
VPMOVSXBD	ZMM, M128	2	2	1*p23+1*p5		1.00	AVX512F_512
VPMOVSXBD	XMM, M32	1	2	1*p23+1*p5		1.00	AVX512F_128
VPMOVSXBD	YMM, M64	2	2	1*p23+1*p5		1.00	AVX512F_256
VPMOVSXBQ	XMM, K, M16	1	2	1*p23+1*p5	1	1.00	AVX512F_128
VPMOVSXBQ	YMM, K, M32	2	2	1*p23+1*p5	3	1.00	AVX512F_256
VPMOVSXBQ	ZMM, K, M64	2	2	1*p23+1*p5	3	1.00	AVX512F_512
VPMOVSXBQ	ZMM, M64	2	2	1*p23+1*p5		1.00	AVX512F_512
VPMOVSXBQ	XMM, M16	1	2	1*p23+1*p5		1.00	AVX512F_128
VPMOVSXBQ	YMM, M32	2	2	1*p23+1*p5		1.00	AVX512F_256
VPMOVSXBW	XMM, K, M64	1	2	1*p23+1*p5	3	1.00	AVX512BW_128
VPMOVSXBW	YMM, K, M128	2	2	1*p23+1*p5	5	1.00	AVX512BW_256
VPMOVSXBW	ZMM, K, M256	2	2	1*p23+1*p5	5	1.00	AVX512BW_512
VPMOVSXBW	ZMM, M256	2	2	1*p23+1*p5		1.00	AVX512BW_512
VPMOVSXBW	XMM, M64	1	2	1*p23+1*p5		1.00	AVX512BW_128
VPMOVSXBW	YMM, M128	2	2	1*p23+1*p5		1.00	AVX512BW_256
VPMOVSXDQ	XMM, K, M64	1	2	1*p23+1*p5	1	1.00	AVX512F_128
VPMOVSXDQ	YMM, K, M128	2	2	1*p23+1*p5	3	1.00	AVX512F_256
VPMOVSXDQ	ZMM, K, M256	2	2	1*p23+1*p5	3	1.00	AVX512F_512
VPMOVSXDQ	ZMM, M256	2	2	1*p23+1*p5		1.00	AVX512F_512
VPMOVSXDQ	XMM, M64	1	2	1*p23+1*p5		1.00	AVX512F_128
VPMOVSXDQ	YMM, M128	2	2	1*p23+1*p5		1.00	AVX512F_256
VPMOVSXWD	XMM, K, M64	1	2	1*p23+1*p5	1	1.00	AVX512F_128
VPMOVSXWD	YMM, K, M128	2	2	1*p23+1*p5	3	1.00	AVX512F_256
VPMOVSXWD	ZMM, K, M256	2	2	1*p23+1*p5	3	1.00	AVX512F_512
VPMOVSXWD	ZMM, M256	2	2	1*p23+1*p5		1.00	AVX512F_512
VPMOVSXWD	XMM, M64	1	2	1*p23+1*p5		1.00	AVX512F_128
VPMOVSXWD	YMM, M128	2	2	1*p23+1*p5		1.00	AVX512F_256
VPMOVSXWQ	XMM, K, M32	1	2	1*p23+1*p5	1	1.00	AVX512F_128
VPMOVSXWQ	YMM, K, M64	2	2	1*p23+1*p5	3	1.00	AVX512F_256
VPMOVSXWQ	ZMM, K, M128	2	2	1*p23+1*p5	3	1.00	AVX512F_512
VPMOVSXWQ	ZMM, M128	2	2	1*p23+1*p5		1.00	AVX512F_512
VPMOVSXWQ	XMM, M32	1	2	1*p23+1*p5		1.00	AVX512F_128
VPMOVSXWQ	YMM, M64	2	2	1*p23+1*p5		1.00	AVX512F_256
VPMOVUSDB	M128, K, ZMM	3	4	1*p237+1*p4+2*p5	8	2.00	AVX512F_512
VPMOVUSDB	M32, K, XMM	3	4	1*p237+1*p4+2*p5	6	2.00	AVX512F_128
VPMOVUSDB	M64, K, YMM	3	4	1*p237+1*p4+2*p5	8	2.00	AVX512F_256
VPMOVUSDB	XMM, K, XMM	2	2	2*p5	4	2.00	AVX512F_128
VPMOVUSDB	XMM, K, ZMM	2	2	2*p5	6	2.00	AVX512F_512
VPMOVUSDB	XMM, YMM	2	2	2*p5	4	2.00	AVX512F_256
VPMOVUSDW	M128, YMM	3	4	1*p237+1*p4+2*p5	8	2.00	AVX512F_256
VPMOVUSDW	M256, ZMM	3	4	1*p237+1*p4+2*p5	8	2.00	AVX512F_512
VPMOVUSDW	M64, XMM	3	4	1*p237+1*p4+2*p5	6	2.00	AVX512F_128
VPMOVUSDW	XMM, K, YMM	2	2	2*p5	6	2.00	AVX512F_256
VPMOVUSDW	XMM, YMM	2	2	2*p5	4	2.00	AVX512F_256
VPMOVUSDW	YMM, ZMM	2	2	2*p5	4	2.00	AVX512F_512
VPMOVUSQB	M16, K, XMM	3	4	1*p237+1*p4+2*p5	16	2.00	AVX512F_128
VPMOVUSQB	M32, K, YMM	3	4	1*p237+1*p4+2*p5	8	2.00	AVX512F_256
VPMOVUSQB	M64, K, ZMM	3	4	1*p237+1*p4+2*p5	8	2.00	AVX512F_512
VPMOVUSQB	XMM, K, XMM	2	2	2*p5	4	2.00	AVX512F_128
VPMOVUSQB	XMM, K, ZMM	2	2	2*p5	6	2.00	AVX512F_512
VPMOVUSQB	XMM, YMM	2	2	2*p5	4	2.00	AVX512F_256
VPMOVUSQD	M128, YMM	3	4	1*p237+1*p4+2*p5	8	2.00	AVX512F_256
VPMOVUSQD	M256, ZMM	3	4	1*p237+1*p4+2*p5	8	2.00	AVX512F_512
VPMOVUSQD	M64, XMM	3	4	1*p237+1*p4+2*p5	6	2.00	AVX512F_128
VPMOVUSQD	XMM, K, YMM	2	2	2*p5	4	2.00	AVX512F_256
VPMOVUSQD	XMM, YMM	2	2	2*p5	4	2.00	AVX512F_256
VPMOVUSQD	YMM, ZMM	2	2	2*p5	4	2.00	AVX512F_512
VPMOVUSQW	M128, K, ZMM	3	4	1*p237+1*p4+2*p5	8	2.00	AVX512F_512
VPMOVUSQW	M32, K, XMM	3	4	1*p237+1*p4+2*p5	6	2.00	AVX512F_128
VPMOVUSQW	M64, K, YMM	3	4	1*p237+1*p4+2*p5	8	2.00	AVX512F_256
VPMOVUSQW	XMM, K, XMM	2	2	2*p5	4	2.00	AVX512F_128
VPMOVUSQW	XMM, K, ZMM	2	2	2*p5	6	2.00	AVX512F_512
VPMOVUSQW	XMM, YMM	2	2	2*p5	4	2.00	AVX512F_256
VPMOVUSWB	M128, YMM	3	4	1*p237+1*p4+2*p5	8	2.00	AVX512BW_256
VPMOVUSWB	M256, ZMM	3	4	1*p237+1*p4+2*p5	8	2.00	AVX512BW_512
VPMOVUSWB	M64, XMM	3	4	1*p237+1*p4+2*p5	6	2.00	AVX512BW_128
VPMOVUSWB	XMM, K, YMM	2	2	2*p5	6	2.00	AVX512BW_256
VPMOVUSWB	XMM, YMM	2	2	2*p5	4	2.00	AVX512BW_256
VPMOVUSWB	YMM, ZMM	2	2	2*p5	4	2.00	AVX512BW_512
VPMOVW2M	K, XMM	1	1	1*p0	3	1.00	AVX512BW_128
VPMOVW2M	K, ZMM	1	1	1*p0	3	1.00	AVX512BW_512
VPMOVWB	M128, YMM	3	4	1*p237+1*p4+2*p5	8	2.00	AVX512BW_256
VPMOVWB	M256, ZMM	3	4	1*p237+1*p4+2*p5	8	2.00	AVX512BW_512
VPMOVWB	M64, XMM	3	4	1*p237+1*p4+2*p5	6	2.00	AVX512BW_128
VPMOVWB	XMM, K, YMM	2	2	2*p5	6	2.00	AVX512BW_256
VPMOVWB	XMM, YMM	2	2	2*p5	4	2.00	AVX512BW_256
VPMOVWB	YMM, ZMM	2	2	2*p5	4	2.00	AVX512BW_512
VPMOVZXBD	XMM, K, M32	1	2	1*p23+1*p5	1	1.00	AVX512F_128
VPMOVZXBD	YMM, K, M64	2	2	1*p23+1*p5	3	1.00	AVX512F_256
VPMOVZXBD	ZMM, K, M128	2	2	1*p23+1*p5	3	1.00	AVX512F_512
VPMOVZXBD	ZMM, M128	2	2	1*p23+1*p5		1.00	AVX512F_512
VPMOVZXBD	XMM, M32	1	2	1*p23+1*p5		1.00	AVX512F_128
VPMOVZXBD	YMM, M64	2	2	1*p23+1*p5		1.00	AVX512F_256
VPMOVZXBQ	XMM, K, M16	1	2	1*p23+1*p5	1	1.00	AVX512F_128
VPMOVZXBQ	YMM, K, M32	2	2	1*p23+1*p5	3	1.00	AVX512F_256
VPMOVZXBQ	ZMM, K, M64	2	2	1*p23+1*p5	3	1.00	AVX512F_512
VPMOVZXBQ	ZMM, M64	2	2	1*p23+1*p5		1.00	AVX512F_512
VPMOVZXBQ	XMM, M16	1	2	1*p23+1*p5		1.00	AVX512F_128
VPMOVZXBQ	YMM, M32	2	2	1*p23+1*p5		1.00	AVX512F_256
VPMOVZXBW	XMM, K, M64	1	2	1*p23+1*p5	3	1.00	AVX512BW_128
VPMOVZXBW	YMM, K, M128	2	2	1*p23+1*p5	5	1.00	AVX512BW_256
VPMOVZXBW	ZMM, K, M256	2	2	1*p23+1*p5	5	1.00	AVX512BW_512
VPMOVZXBW	ZMM, M256	2	2	1*p23+1*p5		1.00	AVX512BW_512
VPMOVZXBW	XMM, M64	1	2	1*p23+1*p5		1.00	AVX512BW_128
VPMOVZXBW	YMM, M128	2	2	1*p23+1*p5		1.00	AVX512BW_256
VPMOVZXDQ	XMM, K, M64	1	2	1*p23+1*p5	1	1.00	AVX512F_128
VPMOVZXDQ	YMM, K, M128	2	2	1*p23+1*p5	3	1.00	AVX512F_256
VPMOVZXDQ	ZMM, K, M256	2	2	1*p23+1*p5	3	1.00	AVX512F_512
VPMOVZXDQ	ZMM, M256	2	2	1*p23+1*p5		1.00	AVX512F_512
VPMOVZXDQ	XMM, M64	1	2	1*p23+1*p5		1.00	AVX512F_128
VPMOVZXDQ	YMM, M128	2	2	1*p23+1*p5		1.00	AVX512F_256
VPMOVZXWD	XMM, K, M64	1	2	1*p23+1*p5	1	1.00	AVX512F_128
VPMOVZXWD	YMM, K, M128	2	2	1*p23+1*p5	3	1.00	AVX512F_256
VPMOVZXWD	ZMM, K, M256	2	2	1*p23+1*p5	3	1.00	AVX512F_512
VPMOVZXWD	ZMM, M256	2	2	1*p23+1*p5		1.00	AVX512F_512
VPMOVZXWD	XMM, M64	1	2	1*p23+1*p5		1.00	AVX512F_128
VPMOVZXWD	YMM, M128	2	2	1*p23+1*p5		1.00	AVX512F_256
VPMOVZXWQ	XMM, K, M32	1	2	1*p23+1*p5	1	1.00	AVX512F_128
VPMOVZXWQ	YMM, K, M64	2	2	1*p23+1*p5	3	1.00	AVX512F_256
VPMOVZXWQ	ZMM, K, M128	2	2	1*p23+1*p5	3	1.00	AVX512F_512
VPMOVZXWQ	ZMM, M128	2	2	1*p23+1*p5		1.00	AVX512F_512
VPMOVZXWQ	XMM, M32	1	2	1*p23+1*p5		1.00	AVX512F_128
VPMOVZXWQ	YMM, M64	2	2	1*p23+1*p5		1.00	AVX512F_256
VPMULDQ	XMM, K, XMM, M128	1	2	1*p01+1*p23	5	0.54	AVX512F_128
VPMULDQ	XMM, K, XMM, XMM	1	1	1*p01	5	0.50	AVX512F_128
VPMULDQ	YMM, K, YMM, M64_1to4	1	2	1*p01+1*p23	5	0.53	AVX512F_256
VPMULDQ	ZMM, K, ZMM, M512	1	2	1*p0+1*p23	5	1.00	AVX512F_512
VPMULDQ	ZMM, K, ZMM, ZMM	1	1	1*p0	5	1.00	AVX512F_512
VPMULDQ	ZMM, ZMM, M64_1to8	1	2	1*p0+1*p23	5	1.00	AVX512F_512
VPMULDQ	XMM, XMM, M128	1	2	1*p01+1*p23	5	0.53	AVX512F_128
VPMULDQ	XMM, XMM, XMM	1	1	1*p01	5	0.50	AVX512F_128
VPMULDQ	YMM, YMM, M64_1to4	1	2	1*p01+1*p23	5	0.53	AVX512F_256
VPMULDQ	XMM, K, XMM, M128	1	2	1*p01+1*p23	5	0.53	AVX512F_128
VPMULHRSW	XMM, K, XMM, XMM	1	1	1*p01	6	0.50	AVX512BW_128
VPMULHRSW	YMM, K, YMM, YMM	1	1	1*p01	6	0.50	AVX512BW_256
VPMULHRSW	ZMM, K, ZMM, ZMM	1	1	1*p0	6	1.00	AVX512BW_512
VPMULHRSW	ZMM, ZMM, ZMM	1	1	1*p0	5	1.00	AVX512BW_512
VPMULHRSW	XMM, XMM, XMM	1	1	1*p01	5	0.50	AVX512BW_128
VPMULHRSW	YMM, YMM, YMM	1	1	1*p01	5	0.50	AVX512BW_256
VPMULHUW	XMM, K, XMM, XMM	1	1	1*p01	6	0.50	AVX512BW_128
VPMULHUW	YMM, K, YMM, YMM	1	1	1*p01	6	0.50	AVX512BW_256
VPMULHUW	ZMM, K, ZMM, ZMM	1	1	1*p0	6	1.00	AVX512BW_512
VPMULHUW	ZMM, ZMM, ZMM	1	1	1*p0	5	1.00	AVX512BW_512
VPMULHUW	XMM, XMM, XMM	1	1	1*p01	5	0.50	AVX512BW_128
VPMULHUW	YMM, YMM, YMM	1	1	1*p01	5	0.50	AVX512BW_256
VPMULHW	XMM, K, XMM, XMM	1	1	1*p01	6	0.50	AVX512BW_128
VPMULHW	YMM, K, YMM, YMM	1	1	1*p01	6	0.50	AVX512BW_256
VPMULHW	ZMM, K, ZMM, ZMM	1	1	1*p0	6	1.00	AVX512BW_512
VPMULHW	ZMM, ZMM, ZMM	1	1	1*p0	5	1.00	AVX512BW_512
VPMULHW	XMM, XMM, XMM	1	1	1*p01	5	0.50	AVX512BW_128
VPMULHW	YMM, YMM, YMM	1	1	1*p01	5	0.50	AVX512BW_256
VPMULLD	XMM, K, XMM, M32_1to4	3	3	2*p01+1*p23	10	1.00	AVX512F_128
VPMULLD	YMM, K, YMM, M256	3	3	2*p01+1*p23	10	1.02	AVX512F_256
VPMULLD	YMM, K, YMM, YMM	2	2	2*p01	10	1.05	AVX512F_256
VPMULLD	ZMM, K, ZMM, M512	3	3	2*p0+1*p23	10	2.00	AVX512F_512
VPMULLD	ZMM, ZMM, M32_1to16	3	3	2*p0+1*p23	10	2.00	AVX512F_512
VPMULLD	ZMM, ZMM, ZMM	2	2	2*p0	10	2.00	AVX512F_512
VPMULLD	XMM, XMM, M32_1to4	3	3	2*p01+1*p23	10	1.00	AVX512F_128
VPMULLD	YMM, YMM, M256	3	3	2*p01+1*p23	10	1.00	AVX512F_256
VPMULLD	YMM, YMM, YMM	2	2	2*p01	10	1.05	AVX512F_256
VPMULLD	YMM, K, YMM, M256	3	3	2*p01+1*p23	10	1.00	AVX512F_256
VPMULLQ	XMM, K, XMM, M128	4	4	3*p01+1*p23	15	1.50	AVX512DQ_128
VPMULLQ	XMM, K, XMM, XMM	3	3	3*p01	15	1.50	AVX512DQ_128
VPMULLQ	XMM, XMM, M64_1to2	4	4	3*p01+1*p23	15	1.50	AVX512DQ_128
VPMULLQ	YMM, K, YMM, M256	4	4	3*p01+1*p23	15	1.50	AVX512DQ_256
VPMULLQ	YMM, K, YMM, YMM	3	3	3*p01	15	1.50	AVX512DQ_256
VPMULLQ	YMM, YMM, M64_1to4	4	4	3*p01+1*p23	15	1.50	AVX512DQ_256
VPMULLQ	ZMM, K, ZMM, M512	4	4	3*p0+1*p23	15	3.00	AVX512DQ_512
VPMULLQ	ZMM, K, ZMM, ZMM	3	3	3*p0	15	3.00	AVX512DQ_512
VPMULLQ	ZMM, ZMM, M64_1to8	4	4	3*p0+1*p23	15	3.00	AVX512DQ_512
VPMULLQ	YMM, K, YMM, M64_1to4	4	4	3*p01+1*p23	15	1.50	AVX512DQ_256
VPMULLW	XMM, K, XMM, XMM	1	1	1*p01	6	0.50	AVX512BW_128
VPMULLW	YMM, K, YMM, YMM	1	1	1*p01	6	0.50	AVX512BW_256
VPMULLW	ZMM, K, ZMM, ZMM	1	1	1*p0	6	1.00	AVX512BW_512
VPMULLW	ZMM, ZMM, ZMM	1	1	1*p0	5	1.00	AVX512BW_512
VPMULLW	XMM, XMM, XMM	1	1	1*p01	5	0.50	AVX512BW_128
VPMULLW	YMM, YMM, YMM	1	1	1*p01	5	0.50	AVX512BW_256
VPMULTISHIFTQB	XMM, K, XMM, M64_1to2	2	2	1*p23+1*p5	5	1.00	AVX512_VBMI_128
VPMULTISHIFTQB	XMM, XMM, M128	2	2	1*p23+1*p5	3	1.00	AVX512_VBMI_128
VPMULTISHIFTQB	XMM, XMM, XMM	1	1	1*p5	3	1.00	AVX512_VBMI_128
VPMULTISHIFTQB	YMM, K, YMM, M64_1to4	2	2	1*p23+1*p5	5	1.00	AVX512_VBMI_256
VPMULTISHIFTQB	YMM, YMM, M256	2	2	1*p23+1*p5	3	1.00	AVX512_VBMI_256
VPMULTISHIFTQB	YMM, YMM, YMM	1	1	1*p5	3	1.00	AVX512_VBMI_256
VPMULTISHIFTQB	ZMM, K, ZMM, M64_1to8	2	2	1*p23+1*p5	5	1.00	AVX512_VBMI_512
VPMULTISHIFTQB	ZMM, ZMM, M512	2	2	1*p23+1*p5	3	1.00	AVX512_VBMI_512
VPMULTISHIFTQB	ZMM, ZMM, ZMM	1	1	1*p5	3	1.00	AVX512_VBMI_512
VPMULTISHIFTQB	YMM, K, YMM, M256	2	2	1*p23+1*p5	5	1.00	AVX512_VBMI_256
VPMULTISHIFTQB	YMM, K, YMM, YMM	1	1	1*p5	5	1.00	AVX512_VBMI_256
VPMULUDQ	XMM, K, XMM, M128	1	2	1*p01+1*p23	5	0.54	AVX512F_128
VPMULUDQ	XMM, K, XMM, XMM	1	1	1*p01	5	0.50	AVX512F_128
VPMULUDQ	YMM, K, YMM, M64_1to4	1	2	1*p01+1*p23	5	0.54	AVX512F_256
VPMULUDQ	ZMM, K, ZMM, M512	1	2	1*p0+1*p23	5	1.00	AVX512F_512
VPMULUDQ	ZMM, K, ZMM, ZMM	1	1	1*p0	5	1.00	AVX512F_512
VPMULUDQ	ZMM, ZMM, M64_1to8	1	2	1*p0+1*p23	5	1.00	AVX512F_512
VPMULUDQ	XMM, XMM, M128	1	2	1*p01+1*p23	5	0.54	AVX512F_128
VPMULUDQ	XMM, XMM, XMM	1	1	1*p01	5	0.50	AVX512F_128
VPMULUDQ	YMM, YMM, M64_1to4	1	2	1*p01+1*p23	5	0.53	AVX512F_256
VPMULUDQ	XMM, K, XMM, M128	1	2	1*p01+1*p23	5	0.53	AVX512F_128
VPMULUDQ	YMM, K, YMM, M64_1to4	1	2	1*p01+1*p23	5	0.53	AVX512F_256
VPORD	XMM, K, XMM, M32_1to4	1	2	1*p015+1*p23	1	0.50	AVX512F_128
VPORD	XMM, XMM, M128	1	2	1*p015+1*p23	1	0.50	AVX512F_128
VPORD	XMM, XMM, XMM	1	1	1*p015	1	0.38	AVX512F_128
VPORD	YMM, K, YMM, M32_1to8	1	2	1*p015+1*p23	1	0.50	AVX512F_256
VPORD	YMM, YMM, M256	1	2	1*p015+1*p23	1	0.50	AVX512F_256
VPORD	YMM, YMM, YMM	1	1	1*p015	1	0.38	AVX512F_256
VPORD	ZMM, K, ZMM, M512	1	2	1*p05+1*p23	1	0.50	AVX512F_512
VPORD	ZMM, ZMM, M32_1to16	1	2	1*p05+1*p23	1	0.50	AVX512F_512
VPORD	ZMM, ZMM, ZMM	1	1	1*p05	1	0.50	AVX512F_512
VPORD	YMM, K, YMM, M256	1	2	1*p015+1*p23	1	0.50	AVX512F_256
VPORD	YMM, K, YMM, YMM	1	1	1*p015	1	0.38	AVX512F_256
VPORQ	XMM, K, XMM, M128	1	2	1*p015+1*p23	1	0.50	AVX512F_128
VPORQ	XMM, K, XMM, XMM	1	1	1*p015	1	0.38	AVX512F_128
VPORQ	XMM, XMM, M64_1to2	1	2	1*p015+1*p23	1	0.50	AVX512F_128
VPORQ	YMM, K, YMM, M256	1	2	1*p015+1*p23	1	0.50	AVX512F_256
VPORQ	YMM, K, YMM, YMM	1	1	1*p015	1	0.37	AVX512F_256
VPORQ	YMM, YMM, M64_1to4	1	2	1*p015+1*p23	1	0.50	AVX512F_256
VPORQ	ZMM, K, ZMM, M512	1	2	1*p05+1*p23	1	0.50	AVX512F_512
VPORQ	ZMM, K, ZMM, ZMM	1	1	1*p05	1	0.50	AVX512F_512
VPORQ	ZMM, ZMM, M64_1to8	1	2	1*p05+1*p23	1	0.50	AVX512F_512
VPORQ	YMM, K, YMM, M64_1to4	1	2	1*p015+1*p23	1	0.50	AVX512F_256
VPROLD	XMM, K, M32_1to4, I8	2	2	1*p01+1*p23	1	1.00	AVX512F_128
VPROLD	XMM, M128, I8	2	2	1*p01+1*p23		1.00	AVX512F_128
VPROLD	XMM, XMM, I8	1	1	1*p01	1	0.50	AVX512F_128
VPROLD	YMM, K, M32_1to8, I8	2	2	1*p01+1*p23	1	1.00	AVX512F_256
VPROLD	YMM, M256, I8	2	2	1*p01+1*p23		1.00	AVX512F_256
VPROLD	YMM, YMM, I8	1	1	1*p01	1	0.50	AVX512F_256
VPROLD	ZMM, K, M512, I8	2	2	1*p0+1*p23	1	1.00	AVX512F_512
VPROLD	ZMM, M32_1to16, I8	2	2	1*p0+1*p23		1.00	AVX512F_512
VPROLD	ZMM, ZMM, I8	1	1	1*p0	1	1.00	AVX512F_512
VPROLD	YMM, K, M256, I8	2	2	1*p01+1*p23	1	1.00	AVX512F_256
VPROLD	YMM, K, YMM, I8	1	1	1*p01	1	0.50	AVX512F_256
VPROLQ	XMM, K, M128, I8	2	2	1*p01+1*p23	1	1.00	AVX512F_128
VPROLQ	XMM, K, XMM, I8	1	1	1*p01	1	0.50	AVX512F_128
VPROLQ	XMM, M64_1to2, I8	2	2	1*p01+1*p23		1.00	AVX512F_128
VPROLQ	YMM, K, M256, I8	2	2	1*p01+1*p23	1	1.00	AVX512F_256
VPROLQ	YMM, K, YMM, I8	1	1	1*p01	1	0.50	AVX512F_256
VPROLQ	YMM, M64_1to4, I8	2	2	1*p01+1*p23		1.00	AVX512F_256
VPROLQ	ZMM, K, M512, I8	2	2	1*p0+1*p23	1	1.00	AVX512F_512
VPROLQ	ZMM, K, ZMM, I8	1	1	1*p0	1	1.00	AVX512F_512
VPROLQ	ZMM, M64_1to8, I8	2	2	1*p0+1*p23		1.00	AVX512F_512
VPROLQ	YMM, K, M64_1to4, I8	2	2	1*p01+1*p23	1	1.00	AVX512F_256
VPROLVD	XMM, K, XMM, M32_1to4	1	2	1*p01+1*p23	1	0.50	AVX512F_128
VPROLVD	XMM, XMM, M128	1	2	1*p01+1*p23	1	0.50	AVX512F_128
VPROLVD	XMM, XMM, XMM	1	1	1*p01	1	0.50	AVX512F_128
VPROLVD	YMM, K, YMM, M32_1to8	1	2	1*p01+1*p23	1	0.50	AVX512F_256
VPROLVD	YMM, YMM, M256	1	2	1*p01+1*p23	1	0.50	AVX512F_256
VPROLVD	YMM, YMM, YMM	1	1	1*p01	1	0.50	AVX512F_256
VPROLVD	ZMM, K, ZMM, M512	1	2	1*p0+1*p23	1	1.00	AVX512F_512
VPROLVD	ZMM, ZMM, M32_1to16	1	2	1*p0+1*p23	1	1.00	AVX512F_512
VPROLVD	ZMM, ZMM, ZMM	1	1	1*p0	1	1.00	AVX512F_512
VPROLVD	YMM, K, YMM, M256	1	2	1*p01+1*p23	1	0.50	AVX512F_256
VPROLVD	YMM, K, YMM, YMM	1	1	1*p01	1	0.50	AVX512F_256
VPROLVQ	XMM, K, XMM, M128	1	2	1*p01+1*p23	1	0.50	AVX512F_128
VPROLVQ	XMM, K, XMM, XMM	1	1	1*p01	1	0.50	AVX512F_128
VPROLVQ	XMM, XMM, M64_1to2	1	2	1*p01+1*p23	1	0.50	AVX512F_128
VPROLVQ	YMM, K, YMM, M256	1	2	1*p01+1*p23	1	0.50	AVX512F_256
VPROLVQ	YMM, K, YMM, YMM	1	1	1*p01	1	0.50	AVX512F_256
VPROLVQ	YMM, YMM, M64_1to4	1	2	1*p01+1*p23	1	0.50	AVX512F_256
VPROLVQ	ZMM, K, ZMM, M512	1	2	1*p0+1*p23	1	1.00	AVX512F_512
VPROLVQ	ZMM, K, ZMM, ZMM	1	1	1*p0	1	1.00	AVX512F_512
VPROLVQ	ZMM, ZMM, M64_1to8	1	2	1*p0+1*p23	1	1.00	AVX512F_512
VPROLVQ	YMM, K, YMM, M64_1to4	1	2	1*p01+1*p23	1	0.50	AVX512F_256
VPRORD	XMM, K, M32_1to4, I8	2	2	1*p01+1*p23	1	1.00	AVX512F_128
VPRORD	XMM, M128, I8	2	2	1*p01+1*p23		1.00	AVX512F_128
VPRORD	XMM, XMM, I8	1	1	1*p01	1	0.50	AVX512F_128
VPRORD	YMM, K, M32_1to8, I8	2	2	1*p01+1*p23	1	1.00	AVX512F_256
VPRORD	YMM, M256, I8	2	2	1*p01+1*p23		1.00	AVX512F_256
VPRORD	YMM, YMM, I8	1	1	1*p01	1	0.50	AVX512F_256
VPRORD	ZMM, K, M512, I8	2	2	1*p0+1*p23	1	1.00	AVX512F_512
VPRORD	ZMM, M32_1to16, I8	2	2	1*p0+1*p23		1.00	AVX512F_512
VPRORD	ZMM, ZMM, I8	1	1	1*p0	1	1.00	AVX512F_512
VPRORD	YMM, K, M256, I8	2	2	1*p01+1*p23	1	1.00	AVX512F_256
VPRORD	YMM, K, YMM, I8	1	1	1*p01	1	0.50	AVX512F_256
VPRORQ	XMM, K, M128, I8	2	2	1*p01+1*p23	1	1.00	AVX512F_128
VPRORQ	XMM, K, XMM, I8	1	1	1*p01	1	0.50	AVX512F_128
VPRORQ	XMM, M64_1to2, I8	2	2	1*p01+1*p23		1.00	AVX512F_128
VPRORQ	YMM, K, M256, I8	2	2	1*p01+1*p23	1	1.00	AVX512F_256
VPRORQ	YMM, K, YMM, I8	1	1	1*p01	1	0.50	AVX512F_256
VPRORQ	YMM, M64_1to4, I8	2	2	1*p01+1*p23		1.00	AVX512F_256
VPRORQ	ZMM, K, M512, I8	2	2	1*p0+1*p23	1	1.00	AVX512F_512
VPRORQ	ZMM, K, ZMM, I8	1	1	1*p0	1	1.00	AVX512F_512
VPRORQ	ZMM, M64_1to8, I8	2	2	1*p0+1*p23		1.00	AVX512F_512
VPRORQ	YMM, K, M64_1to4, I8	2	2	1*p01+1*p23	1	1.00	AVX512F_256
VPRORVD	XMM, K, XMM, M32_1to4	1	2	1*p01+1*p23	1	0.50	AVX512F_128
VPRORVD	XMM, XMM, M128	1	2	1*p01+1*p23	1	0.50	AVX512F_128
VPRORVD	XMM, XMM, XMM	1	1	1*p01	1	0.50	AVX512F_128
VPRORVD	YMM, K, YMM, M32_1to8	1	2	1*p01+1*p23	1	0.50	AVX512F_256
VPRORVD	YMM, YMM, M256	1	2	1*p01+1*p23	1	0.50	AVX512F_256
VPRORVD	YMM, YMM, YMM	1	1	1*p01	1	0.50	AVX512F_256
VPRORVD	ZMM, K, ZMM, M512	1	2	1*p0+1*p23	1	1.00	AVX512F_512
VPRORVD	ZMM, ZMM, M32_1to16	1	2	1*p0+1*p23	1	1.00	AVX512F_512
VPRORVD	ZMM, ZMM, ZMM	1	1	1*p0	1	1.00	AVX512F_512
VPRORVD	YMM, K, YMM, M256	1	2	1*p01+1*p23	1	0.50	AVX512F_256
VPRORVD	YMM, K, YMM, YMM	1	1	1*p01	1	0.50	AVX512F_256
VPRORVQ	XMM, K, XMM, M128	1	2	1*p01+1*p23	1	0.50	AVX512F_128
VPRORVQ	XMM, K, XMM, XMM	1	1	1*p01	1	0.50	AVX512F_128
VPRORVQ	XMM, XMM, M64_1to2	1	2	1*p01+1*p23	1	0.50	AVX512F_128
VPRORVQ	YMM, K, YMM, M256	1	2	1*p01+1*p23	1	0.50	AVX512F_256
VPRORVQ	YMM, K, YMM, YMM	1	1	1*p01	1	0.50	AVX512F_256
VPRORVQ	YMM, YMM, M64_1to4	1	2	1*p01+1*p23	1	0.50	AVX512F_256
VPRORVQ	ZMM, K, ZMM, M512	1	2	1*p0+1*p23	1	1.00	AVX512F_512
VPRORVQ	ZMM, K, ZMM, ZMM	1	1	1*p0	1	1.00	AVX512F_512
VPRORVQ	ZMM, ZMM, M64_1to8	1	2	1*p0+1*p23	1	1.00	AVX512F_512
VPRORVQ	YMM, K, YMM, M64_1to4	1	2	1*p01+1*p23	1	0.50	AVX512F_256
VPSADBW	ZMM, ZMM, ZMM	1	1	1*p5	3	1.00	AVX512BW_512
VPSADBW	XMM, XMM, XMM	1	1	1*p5	3	1.00	AVX512BW_128
VPSADBW	YMM, YMM, YMM	1	1	1*p5	3	1.00	AVX512BW_256
VPSCATTERDD	VSIB_YMM, K, YMM	20	19	1*p0+1*p01+1*p0156+8*p23+8*p4	8	9.00	AVX512F_256
VPSCATTERDQ	VSIB_XMM, K, XMM	8	7	1*p0+1*p01+1*p0156+2*p23+2*p4	6	4.00	AVX512F_128
VPSCATTERDQ	VSIB_YMM, K, ZMM	20	19	2*p0+1*p0156+8*p23+8*p4	8	9.00	AVX512F_512
VPSCATTERQD	VSIB_YMM, K, XMM	12	11	1*p0+1*p01+1*p0156+4*p23+4*p4	7	5.00	AVX512F_256
VPSCATTERQQ	VSIB_XMM, K, XMM	8	7	1*p0+1*p01+1*p0156+2*p23+2*p4	6	4.00	AVX512F_128
VPSCATTERQQ	VSIB_ZMM, K, ZMM	20	19	2*p0+1*p0156+8*p23+8*p4	8	9.00	AVX512F_512
VPSHUFB	XMM, K, XMM, XMM	1	1	1*p5	3	1.00	AVX512BW_128
VPSHUFB	YMM, K, YMM, YMM	1	1	1*p5	3	1.00	AVX512BW_256
VPSHUFB	ZMM, K, ZMM, ZMM	1	1	1*p5	3	1.00	AVX512BW_512
VPSHUFB	ZMM, ZMM, ZMM	1	1	1*p5	1	1.00	AVX512BW_512
VPSHUFB	XMM, XMM, XMM	1	1	1*p5	1	1.00	AVX512BW_128
VPSHUFB	YMM, YMM, YMM	1	1	1*p5	1	1.00	AVX512BW_256
VPSHUFD	XMM, K, M32_1to4, I8	2	2	1*p23+1*p5	1	1.00	AVX512F_128
VPSHUFD	YMM, K, M256, I8	2	2	1*p23+1*p5	1	1.00	AVX512F_256
VPSHUFD	YMM, K, YMM, I8	1	1	1*p5	1	1.00	AVX512F_256
VPSHUFD	ZMM, K, M512, I8	2	2	1*p23+1*p5	1	1.00	AVX512F_512
VPSHUFD	ZMM, M32_1to16, I8	2	2	1*p23+1*p5		1.00	AVX512F_512
VPSHUFD	ZMM, ZMM, I8	1	1	1*p5	1	1.00	AVX512F_512
VPSHUFD	XMM, M32_1to4, I8	2	2	1*p23+1*p5		1.00	AVX512F_128
VPSHUFD	YMM, M256, I8	2	2	1*p23+1*p5		1.00	AVX512F_256
VPSHUFD	YMM, YMM, I8	1	1	1*p5	1	1.00	AVX512F_256
VPSHUFHW	XMM, K, M128, I8	2	2	1*p23+1*p5	3	1.00	AVX512BW_128
VPSHUFHW	YMM, K, M256, I8	2	2	1*p23+1*p5	3	1.00	AVX512BW_256
VPSHUFHW	ZMM, K, M512, I8	2	2	1*p23+1*p5	3	1.00	AVX512BW_512
VPSHUFHW	ZMM, M512, I8	2	2	1*p23+1*p5		1.00	AVX512BW_512
VPSHUFHW	XMM, M128, I8	2	2	1*p23+1*p5		1.00	AVX512BW_128
VPSHUFHW	YMM, M256, I8	2	2	1*p23+1*p5		1.00	AVX512BW_256
VPSHUFLW	XMM, K, M128, I8	2	2	1*p23+1*p5	3	1.00	AVX512BW_128
VPSHUFLW	YMM, K, M256, I8	2	2	1*p23+1*p5	3	1.00	AVX512BW_256
VPSHUFLW	ZMM, K, M512, I8	2	2	1*p23+1*p5	3	1.00	AVX512BW_512
VPSHUFLW	ZMM, M512, I8	2	2	1*p23+1*p5		1.00	AVX512BW_512
VPSHUFLW	XMM, M128, I8	2	2	1*p23+1*p5		1.00	AVX512BW_128
VPSHUFLW	YMM, M256, I8	2	2	1*p23+1*p5		1.00	AVX512BW_256
VPSLLD	XMM, K, M128, I8	2	2	1*p01+1*p23	1	1.00	AVX512F_128
VPSLLD	XMM, K, XMM, I8	1	1	1*p01	1	0.50	AVX512F_128
VPSLLD	XMM, K, XMM, XMM	2	2	1*p01+1*p5	2	1.00	AVX512F_128
VPSLLD	YMM, K, M32_1to8, I8	2	2	1*p01+1*p23	1	1.00	AVX512F_256
VPSLLD	YMM, K, YMM, M128	2	2	1*p01+1*p23	1	1.00	AVX512F_256
VPSLLD	ZMM, K, M32_1to16, I8	2	2	1*p0+1*p23	1	1.00	AVX512F_512
VPSLLD	ZMM, K, ZMM, I8	1	1	1*p0	1	1.00	AVX512F_512
VPSLLD	ZMM, K, ZMM, XMM	2	2	1*p0+1*p5	4	1.00	AVX512F_512
VPSLLD	ZMM, M512, I8	2	2	1*p0+1*p23		1.00	AVX512F_512
VPSLLD	ZMM, ZMM, M128	2	2	1*p0+1*p23	1	1.00	AVX512F_512
VPSLLDQ	ZMM, M512, I8	2	2	1*p23+1*p5		1.00	AVX512BW_512
VPSLLDQ	XMM, M128, I8	2	2	1*p23+1*p5		1.00	AVX512BW_128
VPSLLDQ	YMM, M256, I8	2	2	1*p23+1*p5		1.00	AVX512BW_256
VPSLLD	XMM, M128, I8	2	2	1*p01+1*p23		1.00	AVX512F_128
VPSLLD	XMM, XMM, I8	1	1	1*p01	1	0.50	AVX512F_128
VPSLLD	XMM, XMM, XMM	2	2	1*p01+1*p5	2	1.00	AVX512F_128
VPSLLD	YMM, M32_1to8, I8	2	2	1*p01+1*p23		1.00	AVX512F_256
VPSLLD	YMM, YMM, M128	2	2	1*p01+1*p23	1	1.00	AVX512F_256
VPSLLQ	XMM, K, M64_1to2, I8	2	2	1*p01+1*p23	1	1.00	AVX512F_128
VPSLLQ	XMM, K, XMM, M128	2	2	1*p01+1*p23	1	1.00	AVX512F_128
VPSLLQ	YMM, K, M256, I8	2	2	1*p01+1*p23	1	1.00	AVX512F_256
VPSLLQ	YMM, K, YMM, I8	1	1	1*p01	1	0.50	AVX512F_256
VPSLLQ	YMM, K, YMM, XMM	2	2	1*p01+1*p5	4	1.00	AVX512F_256
VPSLLQ	ZMM, K, M64_1to8, I8	2	2	1*p0+1*p23	1	1.00	AVX512F_512
VPSLLQ	ZMM, K, ZMM, M128	2	2	1*p0+1*p23	1	1.00	AVX512F_512
VPSLLQ	ZMM, M512, I8	2	2	1*p0+1*p23		1.00	AVX512F_512
VPSLLQ	ZMM, ZMM, I8	1	1	1*p0	1	1.00	AVX512F_512
VPSLLQ	ZMM, ZMM, XMM	2	2	1*p0+1*p5	4	1.00	AVX512F_512
VPSLLQ	XMM, M64_1to2, I8	2	2	1*p01+1*p23		1.00	AVX512F_128
VPSLLQ	XMM, XMM, M128	2	2	1*p01+1*p23	1	1.00	AVX512F_128
VPSLLQ	YMM, M256, I8	2	2	1*p01+1*p23		1.00	AVX512F_256
VPSLLQ	YMM, YMM, I8	1	1	1*p01	1	0.50	AVX512F_256
VPSLLQ	YMM, YMM, XMM	2	2	1*p01+1*p5	4	1.00	AVX512F_256
VPSLLVD	XMM, K, XMM, M128	1	2	1*p01+1*p23	1	0.50	AVX512F_128
VPSLLVD	XMM, K, XMM, XMM	1	1	1*p01	1	0.50	AVX512F_128
VPSLLVD	YMM, K, YMM, M32_1to8	1	2	1*p01+1*p23	1	0.50	AVX512F_256
VPSLLVD	ZMM, K, ZMM, M32_1to16	1	2	1*p0+1*p23	1	1.00	AVX512F_512
VPSLLVD	ZMM, K, ZMM, ZMM	1	1	1*p0	1	1.00	AVX512F_512
VPSLLVD	ZMM, ZMM, M512	1	2	1*p0+1*p23	1	1.00	AVX512F_512
VPSLLVD	XMM, XMM, M128	1	2	1*p01+1*p23	1	0.50	AVX512F_128
VPSLLVD	XMM, XMM, XMM	1	1	1*p01	1	0.50	AVX512F_128
VPSLLVD	YMM, YMM, M32_1to8	1	2	1*p01+1*p23	1	0.50	AVX512F_256
VPSLLVQ	XMM, K, XMM, M64_1to2	1	2	1*p01+1*p23	1	0.50	AVX512F_128
VPSLLVQ	YMM, K, YMM, M256	1	2	1*p01+1*p23	1	0.50	AVX512F_256
VPSLLVQ	YMM, K, YMM, YMM	1	1	1*p01	1	0.50	AVX512F_256
VPSLLVQ	ZMM, K, ZMM, M64_1to8	1	2	1*p0+1*p23	1	1.00	AVX512F_512
VPSLLVQ	ZMM, ZMM, M512	1	2	1*p0+1*p23	1	1.00	AVX512F_512
VPSLLVQ	ZMM, ZMM, ZMM	1	1	1*p0	1	1.00	AVX512F_512
VPSLLVQ	XMM, XMM, M64_1to2	1	2	1*p01+1*p23	1	0.50	AVX512F_128
VPSLLVQ	YMM, YMM, M256	1	2	1*p01+1*p23	1	0.50	AVX512F_256
VPSLLVQ	YMM, YMM, YMM	1	1	1*p01	1	0.50	AVX512F_256
VPSLLVW	XMM, K, XMM, M128	1	2	1*p01+1*p23	3	0.50	AVX512BW_128
VPSLLVW	XMM, XMM, M128	1	2	1*p01+1*p23	1	0.50	AVX512BW_128
VPSLLVW	YMM, K, YMM, M256	1	2	1*p01+1*p23	3	0.50	AVX512BW_256
VPSLLVW	YMM, YMM, M256	1	2	1*p01+1*p23	1	0.50	AVX512BW_256
VPSLLVW	ZMM, K, ZMM, M512	1	2	1*p0+1*p23	3	1.00	AVX512BW_512
VPSLLVW	ZMM, ZMM, M512	1	2	1*p0+1*p23	1	1.00	AVX512BW_512
VPSLLW	XMM, K, M128, I8	2	2	1*p01+1*p23	3	1.00	AVX512BW_128
VPSLLW	XMM, K, XMM, M128	2	2	1*p01+1*p23	3	1.00	AVX512BW_128
VPSLLW	YMM, K, M256, I8	2	2	1*p01+1*p23	3	1.00	AVX512BW_256
VPSLLW	YMM, K, YMM, M128	2	2	1*p01+1*p23	3	1.00	AVX512BW_256
VPSLLW	ZMM, K, M512, I8	2	2	1*p0+1*p23	3	1.00	AVX512BW_512
VPSLLW	ZMM, K, ZMM, M128	2	2	1*p0+1*p23	3	1.00	AVX512BW_512
VPSLLW	ZMM, M512, I8	2	2	1*p0+1*p23		1.00	AVX512BW_512
VPSLLW	ZMM, ZMM, M128	2	2	1*p0+1*p23	1	1.00	AVX512BW_512
VPSLLW	XMM, M128, I8	2	2	1*p01+1*p23		1.00	AVX512BW_128
VPSLLW	XMM, XMM, M128	2	2	1*p01+1*p23	1	1.00	AVX512BW_128
VPSLLW	YMM, M256, I8	2	2	1*p01+1*p23		1.00	AVX512BW_256
VPSLLW	YMM, YMM, M128	2	2	1*p01+1*p23	1	1.00	AVX512BW_256
VPSRAD	XMM, K, M128, I8	2	2	1*p01+1*p23	1	1.00	AVX512F_128
VPSRAD	XMM, K, XMM, I8	1	1	1*p01	1	0.50	AVX512F_128
VPSRAD	XMM, K, XMM, XMM	2	2	1*p01+1*p5	2	1.00	AVX512F_128
VPSRAD	YMM, K, M32_1to8, I8	2	2	1*p01+1*p23	1	1.00	AVX512F_256
VPSRAD	YMM, K, YMM, M128	2	2	1*p01+1*p23	1	1.00	AVX512F_256
VPSRAD	ZMM, K, M32_1to16, I8	2	2	1*p0+1*p23	1	1.00	AVX512F_512
VPSRAD	ZMM, K, ZMM, I8	1	1	1*p0	1	1.00	AVX512F_512
VPSRAD	ZMM, K, ZMM, XMM	2	2	1*p0+1*p5	4	1.00	AVX512F_512
VPSRAD	ZMM, M512, I8	2	2	1*p0+1*p23		1.00	AVX512F_512
VPSRAD	ZMM, ZMM, M128	2	2	1*p0+1*p23	1	1.00	AVX512F_512
VPSRAD	XMM, M128, I8	2	2	1*p01+1*p23		1.00	AVX512F_128
VPSRAD	XMM, XMM, I8	1	1	1*p01	1	0.50	AVX512F_128
VPSRAD	XMM, XMM, XMM	2	2	1*p01+1*p5	2	1.00	AVX512F_128
VPSRAD	YMM, M32_1to8, I8	2	2	1*p01+1*p23		1.00	AVX512F_256
VPSRAD	YMM, YMM, M128	2	2	1*p01+1*p23	1	1.00	AVX512F_256
VPSRAQ	XMM, K, M64_1to2, I8	2	2	1*p01+1*p23	1	1.00	AVX512F_128
VPSRAQ	XMM, K, XMM, M128	2	2	1*p01+1*p23	1	1.00	AVX512F_128
VPSRAQ	XMM, M128, I8	2	2	1*p01+1*p23		1.00	AVX512F_128
VPSRAQ	XMM, XMM, I8	1	1	1*p01	1	0.50	AVX512F_128
VPSRAQ	XMM, XMM, XMM	2	2	1*p01+1*p5	2	1.00	AVX512F_128
VPSRAQ	YMM, K, M64_1to4, I8	2	2	1*p01+1*p23	1	1.00	AVX512F_256
VPSRAQ	YMM, K, YMM, M128	2	2	1*p01+1*p23	1	1.00	AVX512F_256
VPSRAQ	YMM, M256, I8	2	2	1*p01+1*p23		1.00	AVX512F_256
VPSRAQ	YMM, YMM, I8	1	1	1*p01	1	0.50	AVX512F_256
VPSRAQ	YMM, YMM, XMM	2	2	1*p01+1*p5	4	1.00	AVX512F_256
VPSRAQ	ZMM, K, M64_1to8, I8	2	2	1*p0+1*p23	1	1.00	AVX512F_512
VPSRAQ	ZMM, K, ZMM, M128	2	2	1*p0+1*p23	1	1.00	AVX512F_512
VPSRAQ	ZMM, M512, I8	2	2	1*p0+1*p23		1.00	AVX512F_512
VPSRAQ	ZMM, ZMM, I8	1	1	1*p0	1	1.00	AVX512F_512
VPSRAQ	ZMM, ZMM, XMM	2	2	1*p0+1*p5	4	1.00	AVX512F_512
VPSRAQ	YMM, K, M256, I8	2	2	1*p01+1*p23	1	1.00	AVX512F_256
VPSRAQ	YMM, K, YMM, I8	1	1	1*p01	1	0.50	AVX512F_256
VPSRAQ	YMM, K, YMM, XMM	2	2	1*p01+1*p5	4	1.00	AVX512F_256
VPSRAVD	XMM, K, XMM, M128	1	2	1*p01+1*p23	1	0.50	AVX512F_128
VPSRAVD	XMM, K, XMM, XMM	1	1	1*p01	1	0.50	AVX512F_128
VPSRAVD	YMM, K, YMM, M32_1to8	1	2	1*p01+1*p23	1	0.50	AVX512F_256
VPSRAVD	ZMM, K, ZMM, M32_1to16	1	2	1*p0+1*p23	1	1.00	AVX512F_512
VPSRAVD	ZMM, K, ZMM, ZMM	1	1	1*p0	1	1.00	AVX512F_512
VPSRAVD	ZMM, ZMM, M512	1	2	1*p0+1*p23	1	1.00	AVX512F_512
VPSRAVD	XMM, XMM, M128	1	2	1*p01+1*p23	1	0.50	AVX512F_128
VPSRAVD	XMM, XMM, XMM	1	1	1*p01	1	0.50	AVX512F_128
VPSRAVD	YMM, YMM, M32_1to8	1	2	1*p01+1*p23	1	0.50	AVX512F_256
VPSRAVQ	XMM, K, XMM, M64_1to2	1	2	1*p01+1*p23	1	0.50	AVX512F_128
VPSRAVQ	XMM, XMM, M128	1	2	1*p01+1*p23	1	0.50	AVX512F_128
VPSRAVQ	XMM, XMM, XMM	1	1	1*p01	1	0.50	AVX512F_128
VPSRAVQ	YMM, K, YMM, M64_1to4	1	2	1*p01+1*p23	1	0.50	AVX512F_256
VPSRAVQ	YMM, YMM, M256	1	2	1*p01+1*p23	1	0.50	AVX512F_256
VPSRAVQ	YMM, YMM, YMM	1	1	1*p01	1	0.50	AVX512F_256
VPSRAVQ	ZMM, K, ZMM, M64_1to8	1	2	1*p0+1*p23	1	1.00	AVX512F_512
VPSRAVQ	ZMM, ZMM, M512	1	2	1*p0+1*p23	1	1.00	AVX512F_512
VPSRAVQ	ZMM, ZMM, ZMM	1	1	1*p0	1	1.00	AVX512F_512
VPSRAVQ	YMM, K, YMM, M256	1	2	1*p01+1*p23	1	0.50	AVX512F_256
VPSRAVQ	YMM, K, YMM, YMM	1	1	1*p01	1	0.50	AVX512F_256
VPSRAVW	XMM, K, XMM, M128	1	2	1*p01+1*p23	3	0.50	AVX512BW_128
VPSRAVW	XMM, XMM, M128	1	2	1*p01+1*p23	1	0.50	AVX512BW_128
VPSRAVW	YMM, K, YMM, M256	1	2	1*p01+1*p23	3	0.50	AVX512BW_256
VPSRAVW	YMM, YMM, M256	1	2	1*p01+1*p23	1	0.50	AVX512BW_256
VPSRAVW	ZMM, K, ZMM, M512	1	2	1*p0+1*p23	3	1.00	AVX512BW_512
VPSRAVW	ZMM, ZMM, M512	1	2	1*p0+1*p23	1	1.00	AVX512BW_512
VPSRAW	XMM, K, M128, I8	2	2	1*p01+1*p23	3	1.00	AVX512BW_128
VPSRAW	XMM, K, XMM, M128	2	2	1*p01+1*p23	3	1.00	AVX512BW_128
VPSRAW	YMM, K, M256, I8	2	2	1*p01+1*p23	3	1.00	AVX512BW_256
VPSRAW	YMM, K, YMM, M128	2	2	1*p01+1*p23	3	1.00	AVX512BW_256
VPSRAW	ZMM, K, M512, I8	2	2	1*p0+1*p23	3	1.00	AVX512BW_512
VPSRAW	ZMM, K, ZMM, M128	2	2	1*p0+1*p23	3	1.00	AVX512BW_512
VPSRAW	ZMM, M512, I8	2	2	1*p0+1*p23		1.00	AVX512BW_512
VPSRAW	ZMM, ZMM, M128	2	2	1*p0+1*p23	1	1.00	AVX512BW_512
VPSRAW	XMM, M128, I8	2	2	1*p01+1*p23		1.00	AVX512BW_128
VPSRAW	XMM, XMM, M128	2	2	1*p01+1*p23	1	1.00	AVX512BW_128
VPSRAW	YMM, M256, I8	2	2	1*p01+1*p23		1.00	AVX512BW_256
VPSRAW	YMM, YMM, M128	2	2	1*p01+1*p23	1	1.00	AVX512BW_256
VPSRLD	XMM, K, M128, I8	2	2	1*p01+1*p23	1	1.00	AVX512F_128
VPSRLD	XMM, K, XMM, I8	1	1	1*p01	1	0.50	AVX512F_128
VPSRLD	XMM, K, XMM, XMM	2	2	1*p01+1*p5	2	1.00	AVX512F_128
VPSRLD	YMM, K, M32_1to8, I8	2	2	1*p01+1*p23	1	1.00	AVX512F_256
VPSRLD	YMM, K, YMM, M128	2	2	1*p01+1*p23	1	1.00	AVX512F_256
VPSRLD	ZMM, K, M32_1to16, I8	2	2	1*p0+1*p23	1	1.00	AVX512F_512
VPSRLD	ZMM, K, ZMM, I8	1	1	1*p0	1	1.00	AVX512F_512
VPSRLD	ZMM, K, ZMM, XMM	2	2	1*p0+1*p5	4	1.00	AVX512F_512
VPSRLD	ZMM, M512, I8	2	2	1*p0+1*p23		1.00	AVX512F_512
VPSRLD	ZMM, ZMM, M128	2	2	1*p0+1*p23	1	1.00	AVX512F_512
VPSRLDQ	ZMM, M512, I8	2	2	1*p23+1*p5		1.00	AVX512BW_512
VPSRLDQ	XMM, M128, I8	2	2	1*p23+1*p5		1.00	AVX512BW_128
VPSRLDQ	YMM, M256, I8	2	2	1*p23+1*p5		1.00	AVX512BW_256
VPSRLD	XMM, M128, I8	2	2	1*p01+1*p23		1.00	AVX512F_128
VPSRLD	XMM, XMM, I8	1	1	1*p01	1	0.50	AVX512F_128
VPSRLD	XMM, XMM, XMM	2	2	1*p01+1*p5	2	1.00	AVX512F_128
VPSRLD	YMM, M32_1to8, I8	2	2	1*p01+1*p23		1.00	AVX512F_256
VPSRLD	YMM, YMM, M128	2	2	1*p01+1*p23	1	1.00	AVX512F_256
VPSRLQ	XMM, K, M64_1to2, I8	2	2	1*p01+1*p23	1	1.00	AVX512F_128
VPSRLQ	XMM, K, XMM, M128	2	2	1*p01+1*p23	1	1.00	AVX512F_128
VPSRLQ	YMM, K, M256, I8	2	2	1*p01+1*p23	1	1.00	AVX512F_256
VPSRLQ	YMM, K, YMM, I8	1	1	1*p01	1	0.50	AVX512F_256
VPSRLQ	YMM, K, YMM, XMM	2	2	1*p01+1*p5	4	1.00	AVX512F_256
VPSRLQ	ZMM, K, M64_1to8, I8	2	2	1*p0+1*p23	1	1.00	AVX512F_512
VPSRLQ	ZMM, K, ZMM, M128	2	2	1*p0+1*p23	1	1.00	AVX512F_512
VPSRLQ	ZMM, M512, I8	2	2	1*p0+1*p23		1.00	AVX512F_512
VPSRLQ	ZMM, ZMM, I8	1	1	1*p0	1	1.00	AVX512F_512
VPSRLQ	ZMM, ZMM, XMM	2	2	1*p0+1*p5	4	1.00	AVX512F_512
VPSRLQ	XMM, M64_1to2, I8	2	2	1*p01+1*p23		1.00	AVX512F_128
VPSRLQ	XMM, XMM, M128	2	2	1*p01+1*p23	1	1.00	AVX512F_128
VPSRLQ	YMM, M256, I8	2	2	1*p01+1*p23		1.00	AVX512F_256
VPSRLQ	YMM, YMM, I8	1	1	1*p01	1	0.50	AVX512F_256
VPSRLQ	YMM, YMM, XMM	2	2	1*p01+1*p5	4	1.00	AVX512F_256
VPSRLVD	XMM, K, XMM, M128	1	2	1*p01+1*p23	1	0.50	AVX512F_128
VPSRLVD	XMM, K, XMM, XMM	1	1	1*p01	1	0.50	AVX512F_128
VPSRLVD	YMM, K, YMM, M32_1to8	1	2	1*p01+1*p23	1	0.50	AVX512F_256
VPSRLVD	ZMM, K, ZMM, M32_1to16	1	2	1*p0+1*p23	1	1.00	AVX512F_512
VPSRLVD	ZMM, K, ZMM, ZMM	1	1	1*p0	1	1.00	AVX512F_512
VPSRLVD	ZMM, ZMM, M512	1	2	1*p0+1*p23	1	1.00	AVX512F_512
VPSRLVD	XMM, XMM, M128	1	2	1*p01+1*p23	1	0.50	AVX512F_128
VPSRLVD	XMM, XMM, XMM	1	1	1*p01	1	0.50	AVX512F_128
VPSRLVD	YMM, YMM, M32_1to8	1	2	1*p01+1*p23	1	0.50	AVX512F_256
VPSRLVQ	XMM, K, XMM, M64_1to2	1	2	1*p01+1*p23	1	0.50	AVX512F_128
VPSRLVQ	YMM, K, YMM, M256	1	2	1*p01+1*p23	1	0.50	AVX512F_256
VPSRLVQ	YMM, K, YMM, YMM	1	1	1*p01	1	0.50	AVX512F_256
VPSRLVQ	ZMM, K, ZMM, M64_1to8	1	2	1*p0+1*p23	1	1.00	AVX512F_512
VPSRLVQ	ZMM, ZMM, M512	1	2	1*p0+1*p23	1	1.00	AVX512F_512
VPSRLVQ	ZMM, ZMM, ZMM	1	1	1*p0	1	1.00	AVX512F_512
VPSRLVQ	XMM, XMM, M64_1to2	1	2	1*p01+1*p23	1	0.50	AVX512F_128
VPSRLVQ	YMM, YMM, M256	1	2	1*p01+1*p23	1	0.50	AVX512F_256
VPSRLVQ	YMM, YMM, YMM	1	1	1*p01	1	0.50	AVX512F_256
VPSRLVW	XMM, K, XMM, M128	1	2	1*p01+1*p23	3	0.50	AVX512BW_128
VPSRLVW	XMM, XMM, M128	1	2	1*p01+1*p23	1	0.50	AVX512BW_128
VPSRLVW	YMM, K, YMM, M256	1	2	1*p01+1*p23	3	0.50	AVX512BW_256
VPSRLVW	YMM, YMM, M256	1	2	1*p01+1*p23	1	0.50	AVX512BW_256
VPSRLVW	ZMM, K, ZMM, M512	1	2	1*p0+1*p23	3	1.00	AVX512BW_512
VPSRLVW	ZMM, ZMM, M512	1	2	1*p0+1*p23	1	1.00	AVX512BW_512
VPSRLW	XMM, K, M128, I8	2	2	1*p01+1*p23	3	1.00	AVX512BW_128
VPSRLW	XMM, K, XMM, M128	2	2	1*p01+1*p23	3	1.00	AVX512BW_128
VPSRLW	YMM, K, M256, I8	2	2	1*p01+1*p23	3	1.00	AVX512BW_256
VPSRLW	YMM, K, YMM, M128	2	2	1*p01+1*p23	3	1.00	AVX512BW_256
VPSRLW	ZMM, K, M512, I8	2	2	1*p0+1*p23	3	1.00	AVX512BW_512
VPSRLW	ZMM, K, ZMM, M128	2	2	1*p0+1*p23	3	1.00	AVX512BW_512
VPSRLW	ZMM, M512, I8	2	2	1*p0+1*p23		1.00	AVX512BW_512
VPSRLW	ZMM, ZMM, M128	2	2	1*p0+1*p23	1	1.00	AVX512BW_512
VPSRLW	XMM, M128, I8	2	2	1*p01+1*p23		1.00	AVX512BW_128
VPSRLW	XMM, XMM, M128	2	2	1*p01+1*p23	1	1.00	AVX512BW_128
VPSRLW	YMM, M256, I8	2	2	1*p01+1*p23		1.00	AVX512BW_256
VPSRLW	YMM, YMM, M128	2	2	1*p01+1*p23	1	1.00	AVX512BW_256
VPSUBB	XMM, K, XMM, M128	1	2	1*p015+1*p23	3	0.50	AVX512BW_128
VPSUBB	YMM, K, YMM, M256	1	2	1*p015+1*p23	3	0.50	AVX512BW_256
VPSUBB	ZMM, K, ZMM, M512	1	2	1*p05+1*p23	3	0.50	AVX512BW_512
VPSUBB	ZMM, ZMM, M512	1	2	1*p05+1*p23	1	0.50	AVX512BW_512
VPSUBB	XMM, XMM, M128	1	2	1*p015+1*p23	1	0.50	AVX512BW_128
VPSUBB	YMM, YMM, M256	1	2	1*p015+1*p23	1	0.50	AVX512BW_256
VPSUBD	XMM, K, XMM, M128	1	2	1*p015+1*p23	1	0.50	AVX512F_128
VPSUBD	XMM, K, XMM, XMM	1	1	1*p015	1	0.38	AVX512F_128
VPSUBD	YMM, K, YMM, M32_1to8	1	2	1*p015+1*p23	1	0.50	AVX512F_256
VPSUBD	ZMM, K, ZMM, M32_1to16	1	2	1*p05+1*p23	1	0.50	AVX512F_512
VPSUBD	ZMM, K, ZMM, ZMM	1	1	1*p05	1	0.50	AVX512F_512
VPSUBD	ZMM, ZMM, M512	1	2	1*p05+1*p23	1	0.50	AVX512F_512
VPSUBD	XMM, XMM, M128	1	2	1*p015+1*p23	1	0.50	AVX512F_128
VPSUBD	XMM, XMM, XMM	1	1	1*p015	1	0.38	AVX512F_128
VPSUBD	YMM, YMM, M32_1to8	1	2	1*p015+1*p23	1	0.50	AVX512F_256
VPSUBQ	XMM, K, XMM, M64_1to2	1	2	1*p015+1*p23	1	0.50	AVX512F_128
VPSUBQ	YMM, K, YMM, M256	1	2	1*p015+1*p23	1	0.50	AVX512F_256
VPSUBQ	YMM, K, YMM, YMM	1	1	1*p015	1	0.38	AVX512F_256
VPSUBQ	ZMM, K, ZMM, M64_1to8	1	2	1*p05+1*p23	1	0.50	AVX512F_512
VPSUBQ	ZMM, ZMM, M512	1	2	1*p05+1*p23	1	0.50	AVX512F_512
VPSUBQ	ZMM, ZMM, ZMM	1	1	1*p05	1	0.50	AVX512F_512
VPSUBQ	XMM, XMM, M64_1to2	1	2	1*p015+1*p23	1	0.50	AVX512F_128
VPSUBQ	YMM, YMM, M256	1	2	1*p015+1*p23	1	0.50	AVX512F_256
VPSUBQ	YMM, YMM, YMM	1	1	1*p015	1	0.38	AVX512F_256
VPSUBSB	XMM, K, XMM, M128	1	2	1*p01+1*p23	3	0.50	AVX512BW_128
VPSUBSB	YMM, K, YMM, M256	1	2	1*p01+1*p23	3	0.50	AVX512BW_256
VPSUBSB	ZMM, K, ZMM, M512	1	2	1*p0+1*p23	3	1.00	AVX512BW_512
VPSUBSB	ZMM, ZMM, M512	1	2	1*p0+1*p23	1	1.00	AVX512BW_512
VPSUBSB	XMM, XMM, M128	1	2	1*p01+1*p23	1	0.50	AVX512BW_128
VPSUBSB	YMM, YMM, M256	1	2	1*p01+1*p23	1	0.50	AVX512BW_256
VPSUBSW	XMM, K, XMM, M128	1	2	1*p01+1*p23	3	0.50	AVX512BW_128
VPSUBSW	YMM, K, YMM, M256	1	2	1*p01+1*p23	3	0.50	AVX512BW_256
VPSUBSW	ZMM, K, ZMM, M512	1	2	1*p0+1*p23	3	1.00	AVX512BW_512
VPSUBSW	ZMM, ZMM, M512	1	2	1*p0+1*p23	1	1.00	AVX512BW_512
VPSUBSW	XMM, XMM, M128	1	2	1*p01+1*p23	1	0.50	AVX512BW_128
VPSUBSW	YMM, YMM, M256	1	2	1*p01+1*p23	1	0.50	AVX512BW_256
VPSUBUSB	XMM, K, XMM, M128	1	2	1*p01+1*p23	3	0.50	AVX512BW_128
VPSUBUSB	YMM, K, YMM, M256	1	2	1*p01+1*p23	3	0.50	AVX512BW_256
VPSUBUSB	ZMM, K, ZMM, M512	1	2	1*p0+1*p23	3	1.00	AVX512BW_512
VPSUBUSB	ZMM, ZMM, M512	1	2	1*p0+1*p23	1	1.00	AVX512BW_512
VPSUBUSB	XMM, XMM, M128	1	2	1*p01+1*p23	1	0.50	AVX512BW_128
VPSUBUSB	YMM, YMM, M256	1	2	1*p01+1*p23	1	0.50	AVX512BW_256
VPSUBUSW	XMM, K, XMM, M128	1	2	1*p01+1*p23	3	0.50	AVX512BW_128
VPSUBUSW	YMM, K, YMM, M256	1	2	1*p01+1*p23	3	0.50	AVX512BW_256
VPSUBUSW	ZMM, K, ZMM, M512	1	2	1*p0+1*p23	3	1.00	AVX512BW_512
VPSUBUSW	ZMM, ZMM, M512	1	2	1*p0+1*p23	1	1.00	AVX512BW_512
VPSUBUSW	XMM, XMM, M128	1	2	1*p01+1*p23	1	0.50	AVX512BW_128
VPSUBUSW	YMM, YMM, M256	1	2	1*p01+1*p23	1	0.50	AVX512BW_256
VPSUBW	XMM, K, XMM, M128	1	2	1*p015+1*p23	3	0.50	AVX512BW_128
VPSUBW	YMM, K, YMM, M256	1	2	1*p015+1*p23	3	0.50	AVX512BW_256
VPSUBW	ZMM, K, ZMM, M512	1	2	1*p05+1*p23	3	0.50	AVX512BW_512
VPSUBW	ZMM, ZMM, M512	1	2	1*p05+1*p23	1	0.50	AVX512BW_512
VPSUBW	XMM, XMM, M128	1	2	1*p015+1*p23	1	0.50	AVX512BW_128
VPSUBW	YMM, YMM, M256	1	2	1*p015+1*p23	1	0.50	AVX512BW_256
VPTERNLOGD	XMM, K, XMM, M128, I8	2	2	1*p015+1*p23	1	1.00	AVX512F_128
VPTERNLOGD	XMM, K, XMM, XMM, I8	1	1	1*p015	1	0.44	AVX512F_128
VPTERNLOGD	XMM, XMM, M32_1to4, I8	2	2	1*p015+1*p23	1	1.00	AVX512F_128
VPTERNLOGD	YMM, K, YMM, M256, I8	2	2	1*p015+1*p23	1	1.00	AVX512F_256
VPTERNLOGD	YMM, K, YMM, YMM, I8	1	1	1*p015	1	0.44	AVX512F_256
VPTERNLOGD	YMM, YMM, M32_1to8, I8	2	2	1*p015+1*p23	1	1.00	AVX512F_256
VPTERNLOGD	ZMM, K, ZMM, M32_1to16, I8	2	2	1*p05+1*p23	1	1.00	AVX512F_512
VPTERNLOGD	ZMM, K, ZMM, ZMM, I8	1	1	1*p05	1	0.50	AVX512F_512
VPTERNLOGD	ZMM, ZMM, M512, I8	2	2	1*p05+1*p23	1	1.00	AVX512F_512
VPTERNLOGD	YMM, K, YMM, M32_1to8, I8	2	2	1*p015+1*p23	1	1.00	AVX512F_256
VPTERNLOGQ	XMM, K, XMM, M64_1to2, I8	2	2	1*p015+1*p23	1	1.00	AVX512F_128
VPTERNLOGQ	XMM, XMM, M128, I8	2	2	1*p015+1*p23	1	1.00	AVX512F_128
VPTERNLOGQ	XMM, XMM, XMM, I8	1	1	1*p015	1	0.44	AVX512F_128
VPTERNLOGQ	YMM, K, YMM, M64_1to4, I8	2	2	1*p015+1*p23	1	1.00	AVX512F_256
VPTERNLOGQ	YMM, YMM, M256, I8	2	2	1*p015+1*p23	1	1.00	AVX512F_256
VPTERNLOGQ	YMM, YMM, YMM, I8	1	1	1*p015	1	0.44	AVX512F_256
VPTERNLOGQ	ZMM, K, ZMM, M64_1to8, I8	2	2	1*p05+1*p23	1	1.00	AVX512F_512
VPTERNLOGQ	ZMM, ZMM, M512, I8	2	2	1*p05+1*p23	1	1.00	AVX512F_512
VPTERNLOGQ	ZMM, ZMM, ZMM, I8	1	1	1*p05	1	0.50	AVX512F_512
VPTERNLOGQ	YMM, K, YMM, M256, I8	2	2	1*p015+1*p23	1	1.00	AVX512F_256
VPTERNLOGQ	YMM, K, YMM, YMM, I8	1	1	1*p015	1	0.44	AVX512F_256
VPTESTMB	K, K, XMM, M128	2	2	1*p23+1*p5	3	1.00	AVX512BW_128
VPTESTMB	K, K, YMM, M256	2	2	1*p23+1*p5	3	1.00	AVX512BW_256
VPTESTMB	K, K, ZMM, M512	2	2	1*p23+1*p5	3	1.00	AVX512BW_512
VPTESTMB	K, XMM, M128	2	2	1*p23+1*p5	3	1.00	AVX512BW_128
VPTESTMB	K, YMM, M256	2	2	1*p23+1*p5	3	1.00	AVX512BW_256
VPTESTMB	K, ZMM, M512	2	2	1*p23+1*p5	3	1.00	AVX512BW_512
VPTESTMD	K, K, XMM, M128	2	2	1*p23+1*p5	3	1.00	AVX512F_128
VPTESTMD	K, K, XMM, XMM	1	1	1*p5	3	1.00	AVX512F_128
VPTESTMD	K, K, YMM, M32_1to8	2	2	1*p23+1*p5	3	1.00	AVX512F_256
VPTESTMD	K, K, ZMM, M32_1to16	2	2	1*p23+1*p5	3	1.00	AVX512F_512
VPTESTMD	K, K, ZMM, ZMM	1	1	1*p5	3	1.00	AVX512F_512
VPTESTMD	K, XMM, M32_1to4	2	2	1*p23+1*p5	3	1.00	AVX512F_128
VPTESTMD	K, YMM, M256	2	2	1*p23+1*p5	3	1.00	AVX512F_256
VPTESTMD	K, YMM, YMM	1	1	1*p5	3	1.00	AVX512F_256
VPTESTMD	K, ZMM, M512	2	2	1*p23+1*p5	3	1.00	AVX512F_512
VPTESTMQ	K, K, XMM, M128	2	2	1*p23+1*p5	3	1.00	AVX512F_128
VPTESTMQ	K, K, XMM, XMM	1	1	1*p5	3	1.00	AVX512F_128
VPTESTMQ	K, K, YMM, M64_1to4	2	2	1*p23+1*p5	3	1.00	AVX512F_256
VPTESTMQ	K, K, ZMM, M512	2	2	1*p23+1*p5	3	1.00	AVX512F_512
VPTESTMQ	K, K, ZMM, ZMM	1	1	1*p5	3	1.00	AVX512F_512
VPTESTMQ	K, XMM, M64_1to2	2	2	1*p23+1*p5	3	1.00	AVX512F_128
VPTESTMQ	K, YMM, M256	2	2	1*p23+1*p5	3	1.00	AVX512F_256
VPTESTMQ	K, YMM, YMM	1	1	1*p5	3	1.00	AVX512F_256
VPTESTMQ	K, ZMM, M64_1to8	2	2	1*p23+1*p5	3	1.00	AVX512F_512
VPTESTMW	K, K, XMM, M128	2	2	1*p23+1*p5	3	1.00	AVX512BW_128
VPTESTMW	K, K, YMM, M256	2	2	1*p23+1*p5	3	1.00	AVX512BW_256
VPTESTMW	K, K, ZMM, M512	2	2	1*p23+1*p5	3	1.00	AVX512BW_512
VPTESTMW	K, XMM, M128	2	2	1*p23+1*p5	3	1.00	AVX512BW_128
VPTESTMW	K, YMM, M256	2	2	1*p23+1*p5	3	1.00	AVX512BW_256
VPTESTMW	K, ZMM, M512	2	2	1*p23+1*p5	3	1.00	AVX512BW_512
VPTESTNMB	K, K, XMM, M128	2	2	1*p23+1*p5	3	1.00	AVX512BW_128
VPTESTNMB	K, K, YMM, M256	2	2	1*p23+1*p5	3	1.00	AVX512BW_256
VPTESTNMB	K, K, ZMM, M512	2	2	1*p23+1*p5	3	1.00	AVX512BW_512
VPTESTNMB	K, XMM, M128	2	2	1*p23+1*p5	3	1.00	AVX512BW_128
VPTESTNMB	K, YMM, M256	2	2	1*p23+1*p5	3	1.00	AVX512BW_256
VPTESTNMB	K, ZMM, M512	2	2	1*p23+1*p5	3	1.00	AVX512BW_512
VPTESTNMD	K, K, XMM, M128	2	2	1*p23+1*p5	3	1.00	AVX512F_128
VPTESTNMD	K, K, XMM, XMM	1	1	1*p5	3	1.00	AVX512F_128
VPTESTNMD	K, K, YMM, M32_1to8	2	2	1*p23+1*p5	3	1.00	AVX512F_256
VPTESTNMD	K, K, ZMM, M32_1to16	2	2	1*p23+1*p5	3	1.00	AVX512F_512
VPTESTNMD	K, K, ZMM, ZMM	1	1	1*p5	3	1.00	AVX512F_512
VPTESTNMD	K, XMM, M32_1to4	2	2	1*p23+1*p5	3	1.00	AVX512F_128
VPTESTNMD	K, YMM, M256	2	2	1*p23+1*p5	3	1.00	AVX512F_256
VPTESTNMD	K, YMM, YMM	1	1	1*p5	3	1.00	AVX512F_256
VPTESTNMD	K, ZMM, M512	2	2	1*p23+1*p5	3	1.00	AVX512F_512
VPTESTNMQ	K, K, XMM, M128	2	2	1*p23+1*p5	3	1.00	AVX512F_128
VPTESTNMQ	K, K, XMM, XMM	1	1	1*p5	3	1.00	AVX512F_128
VPTESTNMQ	K, K, YMM, M64_1to4	2	2	1*p23+1*p5	3	1.00	AVX512F_256
VPTESTNMQ	K, K, ZMM, M512	2	2	1*p23+1*p5	3	1.00	AVX512F_512
VPTESTNMQ	K, K, ZMM, ZMM	1	1	1*p5	3	1.00	AVX512F_512
VPTESTNMQ	K, XMM, M64_1to2	2	2	1*p23+1*p5	3	1.00	AVX512F_128
VPTESTNMQ	K, YMM, M256	2	2	1*p23+1*p5	3	1.00	AVX512F_256
VPTESTNMQ	K, YMM, YMM	1	1	1*p5	3	1.00	AVX512F_256
VPTESTNMQ	K, ZMM, M64_1to8	2	2	1*p23+1*p5	3	1.00	AVX512F_512
VPTESTNMW	K, K, XMM, M128	2	2	1*p23+1*p5	3	1.00	AVX512BW_128
VPTESTNMW	K, K, YMM, M256	2	2	1*p23+1*p5	3	1.00	AVX512BW_256
VPTESTNMW	K, K, ZMM, M512	2	2	1*p23+1*p5	3	1.00	AVX512BW_512
VPTESTNMW	K, XMM, M128	2	2	1*p23+1*p5	3	1.00	AVX512BW_128
VPTESTNMW	K, YMM, M256	2	2	1*p23+1*p5	3	1.00	AVX512BW_256
VPTESTNMW	K, ZMM, M512	2	2	1*p23+1*p5	3	1.00	AVX512BW_512
VPUNPCKHBW	XMM, K, XMM, M128	1	2	1*p23+1*p5	3	1.00	AVX512BW_128
VPUNPCKHBW	YMM, K, YMM, M256	1	2	1*p23+1*p5	3	1.00	AVX512BW_256
VPUNPCKHBW	ZMM, K, ZMM, M512	1	2	1*p23+1*p5	3	1.00	AVX512BW_512
VPUNPCKHBW	ZMM, ZMM, M512	1	2	1*p23+1*p5	1	1.00	AVX512BW_512
VPUNPCKHBW	XMM, XMM, M128	1	2	1*p23+1*p5	1	1.00	AVX512BW_128
VPUNPCKHBW	YMM, YMM, M256	1	2	1*p23+1*p5	1	1.00	AVX512BW_256
VPUNPCKHDQ	XMM, K, XMM, M128	1	2	1*p23+1*p5	1	1.00	AVX512F_128
VPUNPCKHDQ	XMM, K, XMM, XMM	1	1	1*p5	1	1.00	AVX512F_128
VPUNPCKHDQ	YMM, K, YMM, M32_1to8	1	2	1*p23+1*p5	1	1.00	AVX512F_256
VPUNPCKHDQ	ZMM, K, ZMM, M32_1to16	1	2	1*p23+1*p5	1	1.00	AVX512F_512
VPUNPCKHDQ	ZMM, K, ZMM, ZMM	1	1	1*p5	1	1.00	AVX512F_512
VPUNPCKHDQ	ZMM, ZMM, M512	1	2	1*p23+1*p5	1	1.00	AVX512F_512
VPUNPCKHDQ	XMM, XMM, M128	1	2	1*p23+1*p5	1	1.00	AVX512F_128
VPUNPCKHDQ	XMM, XMM, XMM	1	1	1*p5	1	1.00	AVX512F_128
VPUNPCKHDQ	YMM, YMM, M32_1to8	1	2	1*p23+1*p5	1	1.00	AVX512F_256
VPUNPCKHQDQ	XMM, K, XMM, M64_1to2	1	2	1*p23+1*p5	1	1.00	AVX512F_128
VPUNPCKHQDQ	YMM, K, YMM, M256	1	2	1*p23+1*p5	1	1.00	AVX512F_256
VPUNPCKHQDQ	YMM, K, YMM, YMM	1	1	1*p5	1	1.00	AVX512F_256
VPUNPCKHQDQ	ZMM, K, ZMM, M64_1to8	1	2	1*p23+1*p5	1	1.00	AVX512F_512
VPUNPCKHQDQ	ZMM, ZMM, M512	1	2	1*p23+1*p5	1	1.00	AVX512F_512
VPUNPCKHQDQ	ZMM, ZMM, ZMM	1	1	1*p5	1	1.00	AVX512F_512
VPUNPCKHQDQ	XMM, XMM, M64_1to2	1	2	1*p23+1*p5	1	1.00	AVX512F_128
VPUNPCKHQDQ	YMM, YMM, M256	1	2	1*p23+1*p5	1	1.00	AVX512F_256
VPUNPCKHQDQ	YMM, YMM, YMM	1	1	1*p5	1	1.00	AVX512F_256
VPUNPCKHWD	XMM, K, XMM, M128	1	2	1*p23+1*p5	3	1.00	AVX512BW_128
VPUNPCKHWD	YMM, K, YMM, M256	1	2	1*p23+1*p5	3	1.00	AVX512BW_256
VPUNPCKHWD	ZMM, K, ZMM, M512	1	2	1*p23+1*p5	3	1.00	AVX512BW_512
VPUNPCKHWD	ZMM, ZMM, M512	1	2	1*p23+1*p5	1	1.00	AVX512BW_512
VPUNPCKHWD	XMM, XMM, M128	1	2	1*p23+1*p5	1	1.00	AVX512BW_128
VPUNPCKHWD	YMM, YMM, M256	1	2	1*p23+1*p5	1	1.00	AVX512BW_256
VPUNPCKLBW	XMM, K, XMM, M128	1	2	1*p23+1*p5	3	1.00	AVX512BW_128
VPUNPCKLBW	YMM, K, YMM, M256	1	2	1*p23+1*p5	3	1.00	AVX512BW_256
VPUNPCKLBW	ZMM, K, ZMM, M512	1	2	1*p23+1*p5	3	1.00	AVX512BW_512
VPUNPCKLBW	ZMM, ZMM, M512	1	2	1*p23+1*p5	1	1.00	AVX512BW_512
VPUNPCKLBW	XMM, XMM, M128	1	2	1*p23+1*p5	1	1.00	AVX512BW_128
VPUNPCKLBW	YMM, YMM, M256	1	2	1*p23+1*p5	1	1.00	AVX512BW_256
VPUNPCKLDQ	XMM, K, XMM, M128	1	2	1*p23+1*p5	1	1.00	AVX512F_128
VPUNPCKLDQ	XMM, K, XMM, XMM	1	1	1*p5	1	1.00	AVX512F_128
VPUNPCKLDQ	YMM, K, YMM, M32_1to8	1	2	1*p23+1*p5	1	1.00	AVX512F_256
VPUNPCKLDQ	ZMM, K, ZMM, M32_1to16	1	2	1*p23+1*p5	1	1.00	AVX512F_512
VPUNPCKLDQ	ZMM, K, ZMM, ZMM	1	1	1*p5	1	1.00	AVX512F_512
VPUNPCKLDQ	ZMM, ZMM, M512	1	2	1*p23+1*p5	1	1.00	AVX512F_512
VPUNPCKLDQ	XMM, XMM, M128	1	2	1*p23+1*p5	1	1.00	AVX512F_128
VPUNPCKLDQ	XMM, XMM, XMM	1	1	1*p5	1	1.00	AVX512F_128
VPUNPCKLDQ	YMM, YMM, M32_1to8	1	2	1*p23+1*p5	1	1.00	AVX512F_256
VPUNPCKLQDQ	XMM, K, XMM, M64_1to2	1	2	1*p23+1*p5	1	1.00	AVX512F_128
VPUNPCKLQDQ	YMM, K, YMM, M256	1	2	1*p23+1*p5	1	1.00	AVX512F_256
VPUNPCKLQDQ	YMM, K, YMM, YMM	1	1	1*p5	1	1.00	AVX512F_256
VPUNPCKLQDQ	ZMM, K, ZMM, M64_1to8	1	2	1*p23+1*p5	1	1.00	AVX512F_512
VPUNPCKLQDQ	ZMM, ZMM, M512	1	2	1*p23+1*p5	1	1.00	AVX512F_512
VPUNPCKLQDQ	ZMM, ZMM, ZMM	1	1	1*p5	1	1.00	AVX512F_512
VPUNPCKLQDQ	XMM, XMM, M64_1to2	1	2	1*p23+1*p5	1	1.00	AVX512F_128
VPUNPCKLQDQ	YMM, YMM, M256	1	2	1*p23+1*p5	1	1.00	AVX512F_256
VPUNPCKLQDQ	YMM, YMM, YMM	1	1	1*p5	1	1.00	AVX512F_256
VPUNPCKLWD	XMM, K, XMM, M128	1	2	1*p23+1*p5	3	1.00	AVX512BW_128
VPUNPCKLWD	YMM, K, YMM, M256	1	2	1*p23+1*p5	3	1.00	AVX512BW_256
VPUNPCKLWD	ZMM, K, ZMM, M512	1	2	1*p23+1*p5	3	1.00	AVX512BW_512
VPUNPCKLWD	ZMM, ZMM, M512	1	2	1*p23+1*p5	1	1.00	AVX512BW_512
VPUNPCKLWD	XMM, XMM, M128	1	2	1*p23+1*p5	1	1.00	AVX512BW_128
VPUNPCKLWD	YMM, YMM, M256	1	2	1*p23+1*p5	1	1.00	AVX512BW_256
VPXORD	XMM, K, XMM, M128	1	2	1*p015+1*p23	1	0.50	AVX512F_128
VPXORD	XMM, K, XMM, XMM	1	1	1*p015	1	0.38	AVX512F_128
VPXORD	XMM, XMM, M32_1to4	1	2	1*p015+1*p23	1	0.50	AVX512F_128
VPXORD	YMM, K, YMM, M256	1	2	1*p015+1*p23	1	0.50	AVX512F_256
VPXORD	YMM, K, YMM, YMM	1	1	1*p015	1	0.38	AVX512F_256
VPXORD	YMM, YMM, M32_1to8	1	2	1*p015+1*p23	1	0.50	AVX512F_256
VPXORD	ZMM, K, ZMM, M32_1to16	1	2	1*p05+1*p23	1	0.50	AVX512F_512
VPXORD	ZMM, K, ZMM, ZMM	1	1	1*p05	1	0.50	AVX512F_512
VPXORD	ZMM, ZMM, M512	1	2	1*p05+1*p23	1	0.50	AVX512F_512
VPXORD	YMM, K, YMM, M32_1to8	1	2	1*p015+1*p23	1	0.50	AVX512F_256
VPXORQ	XMM, K, XMM, M64_1to2	1	2	1*p015+1*p23	1	0.50	AVX512F_128
VPXORQ	XMM, XMM, M128	1	2	1*p015+1*p23	1	0.50	AVX512F_128
VPXORQ	XMM, XMM, XMM	1	1	1*p015	1	0.38	AVX512F_128
VPXORQ	YMM, K, YMM, M64_1to4	1	2	1*p015+1*p23	1	0.50	AVX512F_256
VPXORQ	YMM, YMM, M256	1	2	1*p015+1*p23	1	0.50	AVX512F_256
VPXORQ	YMM, YMM, YMM	1	1	1*p015	1	0.38	AVX512F_256
VPXORQ	ZMM, K, ZMM, M64_1to8	1	2	1*p05+1*p23	1	0.50	AVX512F_512
VPXORQ	ZMM, ZMM, M512	1	2	1*p05+1*p23	1	0.50	AVX512F_512
VPXORQ	ZMM, ZMM, ZMM	1	1	1*p05	1	0.50	AVX512F_512
VPXORQ	YMM, K, YMM, M256	1	2	1*p015+1*p23	1	0.50	AVX512F_256
VPXORQ	YMM, K, YMM, YMM	1	1	1*p015	1	0.38	AVX512F_256
VRANGEPD	XMM, K, XMM, M128, I8	2	2	1*p01+1*p23	4	1.00	AVX512DQ_128
VRANGEPD	XMM, K, XMM, XMM, I8	1	1	1*p01	4	0.50	AVX512DQ_128
VRANGEPD	XMM, XMM, M64_1to2, I8	2	2	1*p01+1*p23	4	1.00	AVX512DQ_128
VRANGEPD	YMM, K, YMM, M256, I8	2	2	1*p01+1*p23	4	1.00	AVX512DQ_256
VRANGEPD	YMM, K, YMM, YMM, I8	1	1	1*p01	4	0.50	AVX512DQ_256
VRANGEPD	YMM, YMM, M64_1to4, I8	2	2	1*p01+1*p23	4	1.00	AVX512DQ_256
VRANGEPD	ZMM, K, ZMM, M512, I8	2	2	1*p0+1*p23	4	1.00	AVX512DQ_512
VRANGEPD	ZMM, K, ZMM, ZMM, I8	1	1	1*p0	4	1.00	AVX512DQ_512
VRANGEPD	ZMM, ZMM, M64_1to8, I8	2	2	1*p0+1*p23	4	1.00	AVX512DQ_512
VRANGEPD	XMM, K, XMM, M64_1to2, I8	2	2	1*p01+1*p23	4	1.00	AVX512DQ_128
VRANGEPD	ZMM, K, ZMM, M64_1to8, I8	2	2	1*p0+1*p23	4	1.00	AVX512DQ_512
VRANGEPS	XMM, K, XMM, M128, I8	2	2	1*p01+1*p23	4	1.00	AVX512DQ_128
VRANGEPS	XMM, K, XMM, XMM, I8	1	1	1*p01	4	0.50	AVX512DQ_128
VRANGEPS	XMM, XMM, M32_1to4, I8	2	2	1*p01+1*p23	4	1.00	AVX512DQ_128
VRANGEPS	YMM, K, YMM, M256, I8	2	2	1*p01+1*p23	4	1.00	AVX512DQ_256
VRANGEPS	YMM, K, YMM, YMM, I8	1	1	1*p01	4	0.50	AVX512DQ_256
VRANGEPS	YMM, YMM, M32_1to8, I8	2	2	1*p01+1*p23	4	1.00	AVX512DQ_256
VRANGEPS	ZMM, K, ZMM, M32_1to16, I8	2	2	1*p0+1*p23	4	1.00	AVX512DQ_512
VRANGEPS	ZMM, K, ZMM, ZMM, I8	1	1	1*p0	4	1.00	AVX512DQ_512
VRANGEPS	ZMM, ZMM, M512, I8	2	2	1*p0+1*p23	4	1.00	AVX512DQ_512
VRANGEPS	XMM, K, XMM, M32_1to4, I8	2	2	1*p01+1*p23	4	1.00	AVX512DQ_128
VRANGEPS	ZMM, K, ZMM, M512, I8	2	2	1*p0+1*p23	4	1.00	AVX512DQ_512
VRANGESD	XMM, K, XMM, M64, I8	2	2	1*p01+1*p23	4	1.00	AVX512DQ_SCALAR
VRANGESD	XMM, XMM, M64, I8	2	2	1*p01+1*p23	4	1.00	AVX512DQ_SCALAR
VRANGESD	XMM, K, XMM, XMM, I8	1	1	1*p01	4	0.50	AVX512DQ_SCALAR
VRANGESS	XMM, K, XMM, XMM, I8	1	1	1*p01	4	0.50	AVX512DQ_SCALAR
VRANGESS	XMM, XMM, XMM, I8	1	1	1*p01	4	0.50	AVX512DQ_SCALAR
VRANGESS	XMM, K, XMM, M32, I8	2	2	1*p01+1*p23	4	1.00	AVX512DQ_SCALAR
VRCP14PD	XMM, K, M128	1	2	1*p0+1*p23	4	1.00	AVX512F_128
VRCP14PD	XMM, K, XMM	1	1	1*p0	4	1.00	AVX512F_128
VRCP14PD	XMM, M64_1to2	1	2	1*p0+1*p23		1.00	AVX512F_128
VRCP14PD	YMM, K, M256	1	2	1*p0+1*p23	4	1.00	AVX512F_256
VRCP14PD	YMM, K, YMM	1	1	1*p0	4	1.00	AVX512F_256
VRCP14PD	YMM, M64_1to4	1	2	1*p0+1*p23		1.00	AVX512F_256
VRCP14PD	ZMM, K, M512	4	4	2*p0+1*p05+1*p23	6	2.00	AVX512F_512
VRCP14PD	ZMM, K, ZMM	3	3	2*p0+1*p05	6	2.00	AVX512F_512
VRCP14PD	ZMM, M64_1to8	4	4	2*p0+1*p05+1*p23		2.00	AVX512F_512
VRCP14PD	YMM, K, M64_1to4	1	2	1*p0+1*p23	4	1.00	AVX512F_256
VRCP14PS	XMM, K, M32_1to4	1	2	1*p0+1*p23	4	1.00	AVX512F_128
VRCP14PS	XMM, M128	1	2	1*p0+1*p23		1.00	AVX512F_128
VRCP14PS	XMM, XMM	1	1	1*p0	4	1.00	AVX512F_128
VRCP14PS	YMM, K, M32_1to8	1	2	1*p0+1*p23	4	1.00	AVX512F_256
VRCP14PS	YMM, M256	1	2	1*p0+1*p23		1.00	AVX512F_256
VRCP14PS	YMM, YMM	1	1	1*p0	4	1.00	AVX512F_256
VRCP14PS	ZMM, K, M512	4	4	2*p0+1*p05+1*p23	6	2.00	AVX512F_512
VRCP14PS	ZMM, M32_1to16	4	4	2*p0+1*p05+1*p23		2.00	AVX512F_512
VRCP14PS	ZMM, ZMM	3	3	2*p0+1*p05	6	2.00	AVX512F_512
VRCP14PS	YMM, K, M256	1	2	1*p0+1*p23	4	1.00	AVX512F_256
VRCP14PS	YMM, K, YMM	1	1	1*p0	4	1.00	AVX512F_256
VRCP14SD	XMM, K, XMM, M64	1	2	1*p0+1*p23	4	1.00	AVX512F_SCALAR
VRCP14SD	XMM, XMM, M64	1	2	1*p0+1*p23	4	1.00	AVX512F_SCALAR
VRCP14SS	XMM, K, XMM, M32	1	2	1*p0+1*p23	4	1.00	AVX512F_SCALAR
VRCP14SS	XMM, XMM, M32	1	2	1*p0+1*p23	4	1.00	AVX512F_SCALAR
VREDUCEPD	XMM, K, M64_1to2, I8	2	2	1*p01+1*p23	4	1.00	AVX512DQ_128
VREDUCEPD	XMM, M128, I8	2	2	1*p01+1*p23		1.00	AVX512DQ_128
VREDUCEPD	XMM, XMM, I8	1	1	1*p01	4	0.50	AVX512DQ_128
VREDUCEPD	YMM, K, M64_1to4, I8	2	2	1*p01+1*p23	4	1.00	AVX512DQ_256
VREDUCEPD	YMM, M256, I8	2	2	1*p01+1*p23		1.00	AVX512DQ_256
VREDUCEPD	YMM, YMM, I8	1	1	1*p01	4	0.50	AVX512DQ_256
VREDUCEPD	ZMM, K, M64_1to8, I8	2	2	1*p0+1*p23	4	1.00	AVX512DQ_512
VREDUCEPD	ZMM, M512, I8	2	2	1*p0+1*p23		1.00	AVX512DQ_512
VREDUCEPD	ZMM, ZMM, I8	1	1	1*p0	4	1.00	AVX512DQ_512
VREDUCEPD	XMM, K, M128, I8	2	2	1*p01+1*p23	4	1.00	AVX512DQ_128
VREDUCEPD	XMM, K, XMM, I8	1	1	1*p01	4	0.50	AVX512DQ_128
VREDUCEPD	ZMM, K, M512, I8	2	2	1*p0+1*p23	4	1.00	AVX512DQ_512
VREDUCEPD	ZMM, K, ZMM, I8	1	1	1*p0	4	1.00	AVX512DQ_512
VREDUCEPS	XMM, K, M32_1to4, I8	2	2	1*p01+1*p23	4	1.00	AVX512DQ_128
VREDUCEPS	XMM, M128, I8	2	2	1*p01+1*p23		1.00	AVX512DQ_128
VREDUCEPS	XMM, XMM, I8	1	1	1*p01	4	0.50	AVX512DQ_128
VREDUCEPS	YMM, K, M32_1to8, I8	2	2	1*p01+1*p23	4	1.00	AVX512DQ_256
VREDUCEPS	YMM, M256, I8	2	2	1*p01+1*p23		1.00	AVX512DQ_256
VREDUCEPS	YMM, YMM, I8	1	1	1*p01	4	0.50	AVX512DQ_256
VREDUCEPS	ZMM, K, M512, I8	2	2	1*p0+1*p23	4	1.00	AVX512DQ_512
VREDUCEPS	ZMM, M32_1to16, I8	2	2	1*p0+1*p23		1.00	AVX512DQ_512
VREDUCEPS	ZMM, ZMM, I8	1	1	1*p0	4	1.00	AVX512DQ_512
VREDUCEPS	XMM, K, M128, I8	2	2	1*p01+1*p23	4	1.00	AVX512DQ_128
VREDUCEPS	XMM, K, XMM, I8	1	1	1*p01	4	0.50	AVX512DQ_128
VREDUCEPS	ZMM, K, M32_1to16, I8	2	2	1*p0+1*p23	4	1.00	AVX512DQ_512
VREDUCEPS	ZMM, K, ZMM, I8	1	1	1*p0	4	1.00	AVX512DQ_512
VREDUCESD	XMM, K, XMM, XMM, I8	1	1	1*p01	4	0.50	AVX512DQ_SCALAR
VREDUCESD	XMM, XMM, XMM, I8	1	1	1*p01	4	0.50	AVX512DQ_SCALAR
VREDUCESD	XMM, K, XMM, M64, I8	2	2	1*p01+1*p23	4	1.00	AVX512DQ_SCALAR
VREDUCESS	XMM, K, XMM, XMM, I8	1	1	1*p01	4	0.50	AVX512DQ_SCALAR
VREDUCESS	XMM, XMM, XMM, I8	1	1	1*p01	4	0.50	AVX512DQ_SCALAR
VREDUCESS	XMM, K, XMM, M32, I8	2	2	1*p01+1*p23	4	1.00	AVX512DQ_SCALAR
VRNDSCALEPD	XMM, K, M64_1to2, I8	3	3	2*p01+1*p23	8	1.00	AVX512F_128
VRNDSCALEPD	XMM, M128, I8	3	3	2*p01+1*p23		1.00	AVX512F_128
VRNDSCALEPD	XMM, XMM, I8	2	2	2*p01	8	1.05	AVX512F_128
VRNDSCALEPD	YMM, K, M64_1to4, I8	3	3	2*p01+1*p23	8	1.00	AVX512F_256
VRNDSCALEPD	YMM, M256, I8	3	3	2*p01+1*p23		1.00	AVX512F_256
VRNDSCALEPD	YMM, YMM, I8	2	2	2*p01	8	1.05	AVX512F_256
VRNDSCALEPD	ZMM, K, M64_1to8, I8	3	3	2*p0+1*p23	8	2.00	AVX512F_512
VRNDSCALEPD	ZMM, M512, I8	3	3	2*p0+1*p23		2.00	AVX512F_512
VRNDSCALEPD	ZMM, ZMM, I8	2	2	2*p0	8	2.00	AVX512F_512
VRNDSCALEPD	XMM, K, M128, I8	3	3	2*p01+1*p23	8	1.00	AVX512F_128
VRNDSCALEPD	XMM, K, XMM, I8	2	2	2*p01	8	1.05	AVX512F_128
VRNDSCALEPD	ZMM, K, M512, I8	3	3	2*p0+1*p23	8	2.00	AVX512F_512
VRNDSCALEPD	ZMM, K, ZMM, I8	2	2	2*p0	8	2.00	AVX512F_512
VRNDSCALEPS	XMM, K, M32_1to4, I8	3	3	2*p01+1*p23	8	1.00	AVX512F_128
VRNDSCALEPS	XMM, M128, I8	3	3	2*p01+1*p23		1.00	AVX512F_128
VRNDSCALEPS	XMM, XMM, I8	2	2	2*p01	8	1.05	AVX512F_128
VRNDSCALEPS	YMM, K, M32_1to8, I8	3	3	2*p01+1*p23	8	1.00	AVX512F_256
VRNDSCALEPS	YMM, M256, I8	3	3	2*p01+1*p23		1.00	AVX512F_256
VRNDSCALEPS	YMM, YMM, I8	2	2	2*p01	8	1.05	AVX512F_256
VRNDSCALEPS	ZMM, K, M512, I8	3	3	2*p0+1*p23	8	2.00	AVX512F_512
VRNDSCALEPS	ZMM, M32_1to16, I8	3	3	2*p0+1*p23		2.00	AVX512F_512
VRNDSCALEPS	ZMM, ZMM, I8	2	2	2*p0	8	2.00	AVX512F_512
VRNDSCALEPS	XMM, K, M128, I8	3	3	2*p01+1*p23	8	1.00	AVX512F_128
VRNDSCALEPS	XMM, K, XMM, I8	2	2	2*p01	8	1.05	AVX512F_128
VRNDSCALEPS	ZMM, K, M32_1to16, I8	3	3	2*p0+1*p23	8	2.00	AVX512F_512
VRNDSCALEPS	ZMM, K, ZMM, I8	2	2	2*p0	8	2.00	AVX512F_512
VRNDSCALESD	XMM, K, XMM, XMM, I8	2	2	2*p01	8	1.05	AVX512F_SCALAR
VRNDSCALESD	XMM, XMM, XMM, I8	2	2	2*p01	8	1.05	AVX512F_SCALAR
VRNDSCALESD	XMM, K, XMM, M64, I8	3	3	2*p01+1*p23	8	1.00	AVX512F_SCALAR
VRNDSCALESS	XMM, K, XMM, XMM, I8	2	2	2*p01	8	1.05	AVX512F_SCALAR
VRNDSCALESS	XMM, XMM, XMM, I8	2	2	2*p01	8	1.05	AVX512F_SCALAR
VRNDSCALESS	XMM, K, XMM, M32, I8	3	3	2*p01+1*p23	8	1.00	AVX512F_SCALAR
VRSQRT14PD	XMM, K, M128	1	2	1*p0+1*p23		1.00	AVX512F_128
VRSQRT14PD	XMM, K, XMM	1	1	1*p0		1.00	AVX512F_128
VRSQRT14PD	XMM, M64_1to2	1	2	1*p0+1*p23		1.00	AVX512F_128
VRSQRT14PD	YMM, K, M256	1	2	1*p0+1*p23		1.00	AVX512F_256
VRSQRT14PD	YMM, K, YMM	1	1	1*p0		1.00	AVX512F_256
VRSQRT14PD	YMM, M64_1to4	1	2	1*p0+1*p23		1.00	AVX512F_256
VRSQRT14PD	ZMM, K, M512	4	4	2*p0+1*p05+1*p23		2.00	AVX512F_512
VRSQRT14PD	ZMM, K, ZMM	3	3	2*p0+1*p05		2.00	AVX512F_512
VRSQRT14PD	ZMM, M64_1to8	4	4	2*p0+1*p05+1*p23		2.00	AVX512F_512
VRSQRT14PD	YMM, K, M64_1to4	1	2	1*p0+1*p23		1.00	AVX512F_256
VRSQRT14PS	XMM, K, M32_1to4	1	2	1*p0+1*p23		1.00	AVX512F_128
VRSQRT14PS	XMM, M128	1	2	1*p0+1*p23		1.00	AVX512F_128
VRSQRT14PS	XMM, XMM	1	1	1*p0		1.00	AVX512F_128
VRSQRT14PS	YMM, K, M32_1to8	1	2	1*p0+1*p23		1.00	AVX512F_256
VRSQRT14PS	YMM, M256	1	2	1*p0+1*p23		1.00	AVX512F_256
VRSQRT14PS	YMM, YMM	1	1	1*p0		1.00	AVX512F_256
VRSQRT14PS	ZMM, K, M512	4	4	2*p0+1*p05+1*p23		2.00	AVX512F_512
VRSQRT14PS	ZMM, M32_1to16	4	4	2*p0+1*p05+1*p23		2.00	AVX512F_512
VRSQRT14PS	ZMM, ZMM	3	3	2*p0+1*p05		2.00	AVX512F_512
VRSQRT14PS	YMM, K, M256	1	2	1*p0+1*p23		1.00	AVX512F_256
VRSQRT14PS	YMM, K, YMM	1	1	1*p0		1.00	AVX512F_256
VRSQRT14SD	XMM, K, XMM, M64	1	2	1*p0+1*p23		1.00	AVX512F_SCALAR
VRSQRT14SD	XMM, XMM, M64	1	2	1*p0+1*p23		1.00	AVX512F_SCALAR
VRSQRT14SS	XMM, K, XMM, M32	1	2	1*p0+1*p23		1.00	AVX512F_SCALAR
VRSQRT14SS	XMM, XMM, M32	1	2	1*p0+1*p23		1.00	AVX512F_SCALAR
VSCALEFPD	XMM, K, XMM, M64_1to2	1	2	1*p01+1*p23	4	0.53	AVX512F_128
VSCALEFPD	XMM, XMM, M128	1	2	1*p01+1*p23	4	0.53	AVX512F_128
VSCALEFPD	XMM, XMM, XMM	1	1	1*p01	4	0.50	AVX512F_128
VSCALEFPD	YMM, K, YMM, M64_1to4	1	2	1*p01+1*p23	4	0.53	AVX512F_256
VSCALEFPD	YMM, YMM, M256	1	2	1*p01+1*p23	4	0.53	AVX512F_256
VSCALEFPD	YMM, YMM, YMM	1	1	1*p01	4	0.50	AVX512F_256
VSCALEFPD	ZMM, K, ZMM, M64_1to8	1	2	1*p0+1*p23	4	1.00	AVX512F_512
VSCALEFPD	ZMM, ZMM, M512	1	2	1*p0+1*p23	4	1.00	AVX512F_512
VSCALEFPD	ZMM, ZMM, ZMM	1	1	1*p0	4	1.00	AVX512F_512
VSCALEFPD	XMM, K, XMM, M128	1	2	1*p01+1*p23	4	0.53	AVX512F_128
VSCALEFPD	XMM, K, XMM, XMM	1	1	1*p01	4	0.50	AVX512F_128
VSCALEFPD	ZMM, K, ZMM, M512	1	2	1*p0+1*p23	4	1.00	AVX512F_512
VSCALEFPD	ZMM, K, ZMM, ZMM	1	1	1*p0	4	1.00	AVX512F_512
VSCALEFPS	XMM, K, XMM, M32_1to4	1	2	1*p01+1*p23	4	0.53	AVX512F_128
VSCALEFPS	XMM, XMM, M128	1	2	1*p01+1*p23	4	0.53	AVX512F_128
VSCALEFPS	XMM, XMM, XMM	1	1	1*p01	4	0.50	AVX512F_128
VSCALEFPS	YMM, K, YMM, M32_1to8	1	2	1*p01+1*p23	4	0.53	AVX512F_256
VSCALEFPS	YMM, YMM, M256	1	2	1*p01+1*p23	4	0.53	AVX512F_256
VSCALEFPS	YMM, YMM, YMM	1	1	1*p01	4	0.50	AVX512F_256
VSCALEFPS	ZMM, K, ZMM, M512	1	2	1*p0+1*p23	4	1.00	AVX512F_512
VSCALEFPS	ZMM, ZMM, M32_1to16	1	2	1*p0+1*p23	4	1.00	AVX512F_512
VSCALEFPS	ZMM, ZMM, ZMM	1	1	1*p0	4	1.00	AVX512F_512
VSCALEFPS	XMM, K, XMM, M128	1	2	1*p01+1*p23	4	0.53	AVX512F_128
VSCALEFPS	XMM, K, XMM, XMM	1	1	1*p01	4	0.50	AVX512F_128
VSCALEFPS	ZMM, K, ZMM, M32_1to16	1	2	1*p0+1*p23	4	1.00	AVX512F_512
VSCALEFPS	ZMM, K, ZMM, ZMM	1	1	1*p0	4	1.00	AVX512F_512
VSCALEFSD	XMM, K, XMM, XMM	1	1	1*p01	4	0.50	AVX512F_SCALAR
VSCALEFSD	XMM, XMM, XMM	1	1	1*p01	4	0.50	AVX512F_SCALAR
VSCALEFSD	XMM, K, XMM, M64	1	2	1*p01+1*p23	4	0.53	AVX512F_SCALAR
VSCALEFSS	XMM, K, XMM, XMM	1	1	1*p01	4	0.50	AVX512F_SCALAR
VSCALEFSS	XMM, XMM, XMM	1	1	1*p01	4	0.50	AVX512F_SCALAR
VSCALEFSS	XMM, K, XMM, M32	1	2	1*p01+1*p23	4	0.53	AVX512F_SCALAR
VSCATTERDPD	VSIB_XMM, K, XMM	8	7	1*p0+1*p01+1*p0156+2*p23+2*p4	5	4.00	AVX512F_128
VSCATTERDPD	VSIB_YMM, K, ZMM	20	19	2*p0+1*p0156+8*p23+8*p4	8	9.00	AVX512F_512
VSCATTERDPS	VSIB_YMM, K, YMM	20	19	1*p0+1*p01+1*p0156+8*p23+8*p4	8	9.00	AVX512F_256
VSCATTERQPD	VSIB_XMM, K, XMM	8	7	1*p0+1*p01+1*p0156+2*p23+2*p4	5	4.00	AVX512F_128
VSCATTERQPD	VSIB_ZMM, K, ZMM	20	19	2*p0+1*p0156+8*p23+8*p4	8	9.00	AVX512F_512
VSCATTERQPS	VSIB_YMM, K, XMM	12	11	1*p0+1*p01+1*p0156+4*p23+4*p4	6	5.00	AVX512F_256
VSHUFF32X4	YMM, K, YMM, M256, I8	2	2	1*p23+1*p5	3	1.00	AVX512F_256
VSHUFF32X4	YMM, K, YMM, YMM, I8	1	1	1*p5	3	1.00	AVX512F_256
VSHUFF32X4	YMM, YMM, M32_1to8, I8	2	2	1*p23+1*p5	3	1.00	AVX512F_256
VSHUFF32X4	ZMM, K, ZMM, M32_1to16, I8	2	2	1*p23+1*p5	3	1.00	AVX512F_512
VSHUFF32X4	ZMM, K, ZMM, ZMM, I8	1	1	1*p5	3	1.00	AVX512F_512
VSHUFF32X4	ZMM, ZMM, M512, I8	2	2	1*p23+1*p5	3	1.00	AVX512F_512
VSHUFF32X4	ZMM, K, ZMM, M512, I8	2	2	1*p23+1*p5	3	1.00	AVX512F_512
VSHUFF64X2	YMM, K, YMM, M256, I8	2	2	1*p23+1*p5	3	1.00	AVX512F_256
VSHUFF64X2	YMM, K, YMM, YMM, I8	1	1	1*p5	3	1.00	AVX512F_256
VSHUFF64X2	YMM, YMM, M64_1to4, I8	2	2	1*p23+1*p5	3	1.00	AVX512F_256
VSHUFF64X2	ZMM, K, ZMM, M512, I8	2	2	1*p23+1*p5	3	1.00	AVX512F_512
VSHUFF64X2	ZMM, K, ZMM, ZMM, I8	1	1	1*p5	3	1.00	AVX512F_512
VSHUFF64X2	ZMM, ZMM, M64_1to8, I8	2	2	1*p23+1*p5	3	1.00	AVX512F_512
VSHUFF64X2	ZMM, K, ZMM, M64_1to8, I8	2	2	1*p23+1*p5	3	1.00	AVX512F_512
VSHUFI32X4	YMM, K, YMM, M256, I8	2	2	1*p23+1*p5	3	1.00	AVX512F_256
VSHUFI32X4	YMM, K, YMM, YMM, I8	1	1	1*p5	3	1.00	AVX512F_256
VSHUFI32X4	YMM, YMM, M32_1to8, I8	2	2	1*p23+1*p5	3	1.00	AVX512F_256
VSHUFI32X4	ZMM, K, ZMM, M32_1to16, I8	2	2	1*p23+1*p5	3	1.00	AVX512F_512
VSHUFI32X4	ZMM, K, ZMM, ZMM, I8	1	1	1*p5	3	1.00	AVX512F_512
VSHUFI32X4	ZMM, ZMM, M512, I8	2	2	1*p23+1*p5	3	1.00	AVX512F_512
VSHUFI32X4	ZMM, K, ZMM, M512, I8	2	2	1*p23+1*p5	3	1.00	AVX512F_512
VSHUFI64X2	YMM, K, YMM, M256, I8	2	2	1*p23+1*p5	3	1.00	AVX512F_256
VSHUFI64X2	YMM, K, YMM, YMM, I8	1	1	1*p5	3	1.00	AVX512F_256
VSHUFI64X2	YMM, YMM, M64_1to4, I8	2	2	1*p23+1*p5	3	1.00	AVX512F_256
VSHUFI64X2	ZMM, K, ZMM, M512, I8	2	2	1*p23+1*p5	3	1.00	AVX512F_512
VSHUFI64X2	ZMM, K, ZMM, ZMM, I8	1	1	1*p5	3	1.00	AVX512F_512
VSHUFI64X2	ZMM, ZMM, M64_1to8, I8	2	2	1*p23+1*p5	3	1.00	AVX512F_512
VSHUFI64X2	ZMM, K, ZMM, M64_1to8, I8	2	2	1*p23+1*p5	3	1.00	AVX512F_512
VSHUFPD	XMM, K, XMM, M128, I8	2	2	1*p23+1*p5	1	1.00	AVX512F_128
VSHUFPD	XMM, K, XMM, XMM, I8	1	1	1*p5	1	1.00	AVX512F_128
VSHUFPD	YMM, K, YMM, M64_1to4, I8	2	2	1*p23+1*p5	1	1.00	AVX512F_256
VSHUFPD	ZMM, K, ZMM, M512, I8	2	2	1*p23+1*p5	1	1.00	AVX512F_512
VSHUFPD	ZMM, K, ZMM, ZMM, I8	1	1	1*p5	1	1.00	AVX512F_512
VSHUFPD	ZMM, ZMM, M64_1to8, I8	2	2	1*p23+1*p5	1	1.00	AVX512F_512
VSHUFPD	XMM, XMM, M128, I8	2	2	1*p23+1*p5	1	1.00	AVX512F_128
VSHUFPD	XMM, XMM, XMM, I8	1	1	1*p5	1	1.00	AVX512F_128
VSHUFPD	YMM, YMM, M64_1to4, I8	2	2	1*p23+1*p5	1	1.00	AVX512F_256
VSHUFPS	XMM, K, XMM, M32_1to4, I8	2	2	1*p23+1*p5	1	1.00	AVX512F_128
VSHUFPS	YMM, K, YMM, M256, I8	2	2	1*p23+1*p5	1	1.00	AVX512F_256
VSHUFPS	YMM, K, YMM, YMM, I8	1	1	1*p5	1	1.00	AVX512F_256
VSHUFPS	ZMM, K, ZMM, M512, I8	2	2	1*p23+1*p5	1	1.00	AVX512F_512
VSHUFPS	ZMM, ZMM, M32_1to16, I8	2	2	1*p23+1*p5	1	1.00	AVX512F_512
VSHUFPS	ZMM, ZMM, ZMM, I8	1	1	1*p5	1	1.00	AVX512F_512
VSHUFPS	XMM, XMM, M32_1to4, I8	2	2	1*p23+1*p5	1	1.00	AVX512F_128
VSHUFPS	YMM, YMM, M256, I8	2	2	1*p23+1*p5	1	1.00	AVX512F_256
VSHUFPS	YMM, YMM, YMM, I8	1	1	1*p5	1	1.00	AVX512F_256
VSQRTPD	XMM, K, M64_1to2	1	2	1*p0+1*p23		4.50	AVX512F_128
VSQRTPD	YMM, K, M256	1	2	1*p0+1*p23		9.00	AVX512F_256
VSQRTPD	YMM, K, YMM	1	1	1*p0		9.00	AVX512F_256
VSQRTPD	ZMM, K, M64_1to8	4	4	2*p0+1*p05+1*p23		18.00	AVX512F_512
VSQRTPD	ZMM, M512	4	4	2*p0+1*p05+1*p23		18.00	AVX512F_512
VSQRTPD	ZMM, ZMM	3	3	2*p0+1*p05		18.00	AVX512F_512
VSQRTPD	XMM, M128	1	2	1*p0+1*p23		4.50	AVX512F_128
VSQRTPD	XMM, XMM	1	1	1*p0		4.50	AVX512F_128
VSQRTPD	YMM, M64_1to4	1	2	1*p0+1*p23		9.00	AVX512F_256
VSQRTPD	XMM, K, M128	1	2	1*p0+1*p23		4.50	AVX512F_128
VSQRTPD	XMM, K, XMM	1	1	1*p0		4.50	AVX512F_128
VSQRTPD	YMM, K, M64_1to4	1	2	1*p0+1*p23		9.00	AVX512F_256
VSQRTPD	ZMM, K, M512	4	4	2*p0+1*p05+1*p23		18.00	AVX512F_512
VSQRTPD	ZMM, K, ZMM	3	3	2*p0+1*p05		18.00	AVX512F_512
VSQRTPS	XMM, K, M32_1to4	1	2	1*p0+1*p23		3.00	AVX512F_128
VSQRTPS	YMM, K, M256	1	2	1*p0+1*p23		6.00	AVX512F_256
VSQRTPS	YMM, K, YMM	1	1	1*p0		6.00	AVX512F_256
VSQRTPS	ZMM, K, M512	4	4	2*p0+1*p05+1*p23		12.00	AVX512F_512
VSQRTPS	ZMM, M32_1to16	4	4	2*p0+1*p05+1*p23		12.00	AVX512F_512
VSQRTPS	ZMM, ZMM	3	3	2*p0+1*p05		12.00	AVX512F_512
VSQRTPS	XMM, M128	1	2	1*p0+1*p23		3.00	AVX512F_128
VSQRTPS	XMM, XMM	1	1	1*p0		3.00	AVX512F_128
VSQRTPS	YMM, M32_1to8	1	2	1*p0+1*p23		6.00	AVX512F_256
VSQRTPS	XMM, K, M128	1	2	1*p0+1*p23		3.00	AVX512F_128
VSQRTPS	XMM, K, XMM	1	1	1*p0		3.00	AVX512F_128
VSQRTPS	YMM, K, M32_1to8	1	2	1*p0+1*p23		6.00	AVX512F_256
VSQRTPS	ZMM, K, M32_1to16	4	4	2*p0+1*p05+1*p23		12.00	AVX512F_512
VSQRTPS	ZMM, K, ZMM	3	3	2*p0+1*p05		12.00	AVX512F_512
VSQRTSD	XMM, K, XMM, XMM	1	1	1*p0		4.50	AVX512F_SCALAR
VSQRTSD	XMM, XMM, XMM	1	1	1*p0		4.50	AVX512F_SCALAR
VSQRTSD	XMM, K, XMM, M64	1	2	1*p0+1*p23		4.50	AVX512F_SCALAR
VSQRTSS	XMM, K, XMM, XMM	1	1	1*p0		3.00	AVX512F_SCALAR
VSQRTSS	XMM, XMM, XMM	1	1	1*p0		3.00	AVX512F_SCALAR
VSQRTSS	XMM, K, XMM, M32	1	2	1*p0+1*p23		3.00	AVX512F_SCALAR
VSUBPD	XMM, K, XMM, M64_1to2	1	2	1*p01+1*p23	4	0.53	AVX512F_128
VSUBPD	YMM, K, YMM, M256	1	2	1*p01+1*p23	4	0.53	AVX512F_256
VSUBPD	YMM, K, YMM, YMM	1	1	1*p01	4	0.50	AVX512F_256
VSUBPD	ZMM, K, ZMM, M64_1to8	1	2	1*p0+1*p23	4	1.00	AVX512F_512
VSUBPD	ZMM, ZMM, M512	1	2	1*p0+1*p23	4	1.00	AVX512F_512
VSUBPD	ZMM, ZMM, ZMM	1	1	1*p0	4	1.00	AVX512F_512
VSUBPD	XMM, XMM, M128	1	2	1*p01+1*p23	4	0.53	AVX512F_128
VSUBPD	XMM, XMM, XMM	1	1	1*p01	4	0.50	AVX512F_128
VSUBPD	YMM, YMM, M64_1to4	1	2	1*p01+1*p23	4	0.53	AVX512F_256
VSUBPD	XMM, K, XMM, M128	1	2	1*p01+1*p23	4	0.53	AVX512F_128
VSUBPD	XMM, K, XMM, XMM	1	1	1*p01	4	0.50	AVX512F_128
VSUBPD	YMM, K, YMM, M64_1to4	1	2	1*p01+1*p23	4	0.53	AVX512F_256
VSUBPD	ZMM, K, ZMM, M512	1	2	1*p0+1*p23	4	1.00	AVX512F_512
VSUBPD	ZMM, K, ZMM, ZMM	1	1	1*p0	4	1.00	AVX512F_512
VSUBPS	XMM, K, XMM, M32_1to4	1	2	1*p01+1*p23	4	0.53	AVX512F_128
VSUBPS	YMM, K, YMM, M256	1	2	1*p01+1*p23	4	0.54	AVX512F_256
VSUBPS	YMM, K, YMM, YMM	1	1	1*p01	4	0.50	AVX512F_256
VSUBPS	ZMM, K, ZMM, M512	1	2	1*p0+1*p23	4	1.00	AVX512F_512
VSUBPS	ZMM, ZMM, M32_1to16	1	2	1*p0+1*p23	4	1.00	AVX512F_512
VSUBPS	ZMM, ZMM, ZMM	1	1	1*p0	4	1.00	AVX512F_512
VSUBPS	XMM, XMM, M128	1	2	1*p01+1*p23	4	0.53	AVX512F_128
VSUBPS	XMM, XMM, XMM	1	1	1*p01	4	0.50	AVX512F_128
VSUBPS	YMM, YMM, M32_1to8	1	2	1*p01+1*p23	4	0.53	AVX512F_256
VSUBPS	XMM, K, XMM, M128	1	2	1*p01+1*p23	4	0.53	AVX512F_128
VSUBPS	XMM, K, XMM, XMM	1	1	1*p01	4	0.50	AVX512F_128
VSUBPS	YMM, K, YMM, M32_1to8	1	2	1*p01+1*p23	4	0.53	AVX512F_256
VSUBPS	ZMM, K, ZMM, M32_1to16	1	2	1*p0+1*p23	4	1.00	AVX512F_512
VSUBPS	ZMM, K, ZMM, ZMM	1	1	1*p0	4	1.00	AVX512F_512
VSUBSD	XMM, K, XMM, XMM	1	1	1*p01	4	0.50	AVX512F_SCALAR
VSUBSD	XMM, XMM, XMM	1	1	1*p01	4	0.50	AVX512F_SCALAR
VSUBSD	XMM, K, XMM, M64	1	2	1*p01+1*p23	4	0.53	AVX512F_SCALAR
VSUBSS	XMM, K, XMM, XMM	1	1	1*p01	4	0.50	AVX512F_SCALAR
VSUBSS	XMM, XMM, XMM	1	1	1*p01	4	0.50	AVX512F_SCALAR
VSUBSS	XMM, K, XMM, M32	1	2	1*p01+1*p23	4	0.54	AVX512F_SCALAR
VUCOMISD	XMM, M64	2	2	1*p0+1*p23	3	1.00	AVX512F_SCALAR
VUCOMISD	XMM, XMM	1	1	1*p0	3	1.00	AVX512F_SCALAR
VUCOMISS	XMM, M32	2	2	1*p0+1*p23	3	1.00	AVX512F_SCALAR
VUCOMISS	XMM, XMM	1	1	1*p0	3	1.00	AVX512F_SCALAR
VUNPCKHPD	XMM, K, XMM, M128	1	2	1*p23+1*p5	1	1.00	AVX512F_128
VUNPCKHPD	XMM, K, XMM, XMM	1	1	1*p5	1	1.00	AVX512F_128
VUNPCKHPD	YMM, K, YMM, M64_1to4	1	2	1*p23+1*p5	1	1.00	AVX512F_256
VUNPCKHPD	ZMM, K, ZMM, M512	1	2	1*p23+1*p5	1	1.00	AVX512F_512
VUNPCKHPD	ZMM, K, ZMM, ZMM	1	1	1*p5	1	1.00	AVX512F_512
VUNPCKHPD	ZMM, ZMM, M64_1to8	1	2	1*p23+1*p5	1	1.00	AVX512F_512
VUNPCKHPD	XMM, XMM, M128	1	2	1*p23+1*p5	1	1.00	AVX512F_128
VUNPCKHPD	XMM, XMM, XMM	1	1	1*p5	1	1.00	AVX512F_128
VUNPCKHPD	YMM, YMM, M64_1to4	1	2	1*p23+1*p5	1	1.00	AVX512F_256
VUNPCKHPS	XMM, K, XMM, M32_1to4	1	2	1*p23+1*p5	1	1.00	AVX512F_128
VUNPCKHPS	YMM, K, YMM, M256	1	2	1*p23+1*p5	1	1.00	AVX512F_256
VUNPCKHPS	YMM, K, YMM, YMM	1	1	1*p5	1	1.00	AVX512F_256
VUNPCKHPS	ZMM, K, ZMM, M512	1	2	1*p23+1*p5	1	1.00	AVX512F_512
VUNPCKHPS	ZMM, ZMM, M32_1to16	1	2	1*p23+1*p5	1	1.00	AVX512F_512
VUNPCKHPS	ZMM, ZMM, ZMM	1	1	1*p5	1	1.00	AVX512F_512
VUNPCKHPS	XMM, XMM, M32_1to4	1	2	1*p23+1*p5	1	1.00	AVX512F_128
VUNPCKHPS	YMM, YMM, M256	1	2	1*p23+1*p5	1	1.00	AVX512F_256
VUNPCKHPS	YMM, YMM, YMM	1	1	1*p5	1	1.00	AVX512F_256
VUNPCKLPD	XMM, K, XMM, M128	1	2	1*p23+1*p5	1	1.00	AVX512F_128
VUNPCKLPD	XMM, K, XMM, XMM	1	1	1*p5	1	1.00	AVX512F_128
VUNPCKLPD	YMM, K, YMM, M64_1to4	1	2	1*p23+1*p5	1	1.00	AVX512F_256
VUNPCKLPD	ZMM, K, ZMM, M512	1	2	1*p23+1*p5	1	1.00	AVX512F_512
VUNPCKLPD	ZMM, K, ZMM, ZMM	1	1	1*p5	1	1.00	AVX512F_512
VUNPCKLPD	ZMM, ZMM, M64_1to8	1	2	1*p23+1*p5	1	1.00	AVX512F_512
VUNPCKLPD	XMM, XMM, M128	1	2	1*p23+1*p5	1	1.00	AVX512F_128
VUNPCKLPD	XMM, XMM, XMM	1	1	1*p5	1	1.00	AVX512F_128
VUNPCKLPD	YMM, YMM, M64_1to4	1	2	1*p23+1*p5	1	1.00	AVX512F_256
VUNPCKLPS	XMM, K, XMM, M32_1to4	1	2	1*p23+1*p5	1	1.00	AVX512F_128
VUNPCKLPS	YMM, K, YMM, M256	1	2	1*p23+1*p5	1	1.00	AVX512F_256
VUNPCKLPS	YMM, K, YMM, YMM	1	1	1*p5	1	1.00	AVX512F_256
VUNPCKLPS	ZMM, K, ZMM, M512	1	2	1*p23+1*p5	1	1.00	AVX512F_512
VUNPCKLPS	ZMM, ZMM, M32_1to16	1	2	1*p23+1*p5	1	1.00	AVX512F_512
VUNPCKLPS	ZMM, ZMM, ZMM	1	1	1*p5	1	1.00	AVX512F_512
VUNPCKLPS	XMM, XMM, M32_1to4	1	2	1*p23+1*p5	1	1.00	AVX512F_128
VUNPCKLPS	YMM, YMM, M256	1	2	1*p23+1*p5	1	1.00	AVX512F_256
VUNPCKLPS	YMM, YMM, YMM	1	1	1*p5	1	1.00	AVX512F_256
VXORPD	XMM, K, XMM, M128	1	2	1*p015+1*p23	1	0.50	AVX512DQ_128
VXORPD	XMM, K, XMM, XMM	1	1	1*p015	1	0.37	AVX512DQ_128
VXORPD	YMM, K, YMM, M64_1to4	1	2	1*p015+1*p23	1	0.50	AVX512DQ_256
VXORPD	ZMM, K, ZMM, M512	1	2	1*p05+1*p23	1	0.50	AVX512DQ_512
VXORPD	ZMM, K, ZMM, ZMM	1	1	1*p05	1	0.50	AVX512DQ_512
VXORPD	ZMM, ZMM, M64_1to8	1	2	1*p05+1*p23	1	0.50	AVX512DQ_512
VXORPD	XMM, XMM, M128	1	2	1*p015+1*p23	1	0.50	AVX512DQ_128
VXORPD	XMM, XMM, XMM	1	1	1*p015	1	0.38	AVX512DQ_128
VXORPD	YMM, YMM, M64_1to4	1	2	1*p015+1*p23	1	0.50	AVX512DQ_256
VXORPD	XMM, K, XMM, XMM	1	1	1*p015	1	0.38	AVX512DQ_128
VXORPS	XMM, K, XMM, M32_1to4	1	2	1*p015+1*p23	1	0.50	AVX512DQ_128
VXORPS	YMM, K, YMM, M256	1	2	1*p015+1*p23	1	0.50	AVX512DQ_256
VXORPS	YMM, K, YMM, YMM	1	1	1*p015	1	0.38	AVX512DQ_256
VXORPS	ZMM, K, ZMM, M512	1	2	1*p05+1*p23	1	0.50	AVX512DQ_512
VXORPS	ZMM, ZMM, M32_1to16	1	2	1*p05+1*p23	1	0.50	AVX512DQ_512
VXORPS	ZMM, ZMM, ZMM	1	1	1*p05	1	0.50	AVX512DQ_512
VXORPS	XMM, XMM, M32_1to4	1	2	1*p015+1*p23	1	0.50	AVX512DQ_128
VXORPS	YMM, YMM, M256	1	2	1*p015+1*p23	1	0.50	AVX512DQ_256
VXORPS	YMM, YMM, YMM	1	1	1*p015	1	0.38	AVX512DQ_256
KADDB	K, K, K	1	1	1*p5	4	1.00	AVX512DQ_KOPB
KADDQ	K, K, K	1	1	1*p5	4	1.00	AVX512BW_KOPQ
KANDB	K, K, K	1	1	1*p0	1	1.00	AVX512DQ_KOPB
KANDNB	K, K, K	1	1	1*p0	1	1.00	AVX512DQ_KOPB
KANDNQ	K, K, K	1	1	1*p0	1	1.00	AVX512BW_KOPQ
KANDQ	K, K, K	1	1	1*p0	1	1.00	AVX512BW_KOPQ
KMOVB	K, K	1	1	1*p0	1	1.00	AVX512DQ_KOPB
KMOVB	K, R32	1	1	1*p5	3	1.00	AVX512DQ_KOPB
KMOVB	R32, K	1	1	1*p0	3	1.00	AVX512DQ_KOPB
KMOVD	K, M32	3	2	1*p23+1*p5		1.00	AVX512BW_KOPD
KMOVD	M32, K	1	2	1*p237+1*p4		1.00	AVX512BW_KOPD
KMOVQ	K, K	1	1	1*p0	1	1.00	AVX512BW_KOPQ
KMOVQ	K, R64	1	1	1*p5		1.00	AVX512BW_KOPQ
KMOVQ	R64, K	1	1	1*p0		1.00	AVX512BW_KOPQ
KMOVW	K, M16	3	2	1*p23+1*p5		1.00	AVX512F_KOPW
KMOVW	M16, K	1	2	1*p237+1*p4		1.00	AVX512F_KOPW
KNOTB	K, K	1	1	1*p0	1	1.00	AVX512DQ_KOPB
KNOTQ	K, K	1	1	1*p0	1	1.00	AVX512BW_KOPQ
KORB	K, K, K	1	1	1*p0	1	1.00	AVX512DQ_KOPB
KORQ	K, K, K	1	1	1*p0	1	1.00	AVX512BW_KOPQ
KORTESTD	K, K	1	1	1*p0		1.00	AVX512BW_KOPD
KORTESTW	K, K	1	1	1*p0		1.00	AVX512F_KOPW
KSHIFTLB	K, K, I8	1	1	1*p5	4	1.00	AVX512DQ_KOPB
KSHIFTLQ	K, K, I8	1	1	1*p5	4	1.00	AVX512BW_KOPQ
KSHIFTRB	K, K, I8	1	1	1*p5	4	1.00	AVX512DQ_KOPB
KSHIFTRQ	K, K, I8	1	1	1*p5	4	1.00	AVX512BW_KOPQ
KTESTB	K, K	1	1	1*p0		1.00	AVX512DQ_KOPB
KTESTQ	K, K	1	1	1*p0		1.00	AVX512BW_KOPQ
KUNPCKBW	K, K, K	1	1	1*p5	4	1.00	AVX512F_KOPW
KUNPCKWD	K, K, K	1	1	1*p5	4	1.00	AVX512BW_KOPD
KXNORD	K, K, K	1	1	1*p0	1	1.00	AVX512BW_KOPD
KXNORW	K, K, K	1	1	1*p0	1	1.00	AVX512F_KOPW
KXORD	K, K, K	1	1	1*p0	1	1.00	AVX512BW_KOPD
KXORW	K, K, K	1	1	1*p0	1	1.00	AVX512F_KOPW
VAESDEC	XMM, XMM, M128	2	2	1*p01+1*p23	4	1.00	AVXAES
VAESDECLAST	XMM, XMM, M128	2	2	1*p01+1*p23	4	1.00	AVXAES
VAESENC	XMM, XMM, M128	2	2	1*p01+1*p23	4	1.00	AVXAES
VAESENCLAST	XMM, XMM, M128	2	2	1*p01+1*p23	4	1.00	AVXAES
VAESIMC	XMM, M128	3	3	2*p01+1*p23		1.00	AVXAES
VAESKEYGENASSIST	XMM, M128, I8	13	13	4*p0+1*p01+1*p06+1*p23+6*p5		12.00	AVXAES
ADC	AL, 0	2	2	1*p0156+1*p06	2	1.00	I86
ADC	AX, I16	2	2	1*p0156+1*p06	2	3.25	I86
ADC	M16, 0	4	6	3*p0156+1*p23+1*p237+1*p4	6	1.25	I86
ADC	M16, I8	4	6	3*p0156+1*p23+1*p237+1*p4	6	1.25	I86
ADC	M32, 0	4	6	3*p0156+1*p23+1*p237+1*p4	6	1.25	I86
ADC	M32, I8	4	6	3*p0156+1*p23+1*p237+1*p4	6	1.25	I86
ADC	M64, 0	4	6	3*p0156+1*p23+1*p237+1*p4	6	1.25	I86
ADC	M64, I8	4	6	3*p0156+1*p23+1*p237+1*p4	6	1.25	I86
ADC	M8, 0	4	6	3*p0156+1*p23+1*p237+1*p4	6	1.25	I86
ADC	M8, R8h	4	6	1*p0156+2*p06+1*p23+1*p237+1*p4	5	1.25	I86
ADC	R16, 0	1	1	1*p06	1	0.50	I86
ADC	R16, I8	1	1	1*p06	1	0.50	I86
ADC	R32, 0	1	1	1*p06	1	0.50	I86
ADC	R32, I8	1	1	1*p06	1	0.50	I86
ADC	R64, 0	1	1	1*p06	1	0.50	I86
ADC	R64, I8	1	1	1*p06	1	0.50	I86
ADC	R8h, 0	1	1	1*p06	1	0.50	I86
ADC	R8h, M8	1	2	1*p06+1*p23	1	0.56	I86
ADC	RAX, I32	2	2	1*p0156+1*p06	2	1.00	I86
ADC	R8h, R8l	1	1	1*p06	1	0.63	I86
ADC	R8l, R8l	1	1	1*p06	1	0.50	I86
ADC	R32, R32	1	1	1*p06	1	0.50	I86
ADC	R8h, R8h	1	1	1*p06	1	0.60	I86
ADC	R8l, R8h	1	1	1*p06	1	0.60	I86
ADC	R16, R16	1	1	1*p06	1	0.50	I86
ADC	R64, R64	1	1	1*p06	1	0.50	I86
ADC	M16, I16	9	7	6*p0156+1*p06+2*p23+1*p4	29	18.00	lock I86
ADC	M16, R16	9	7	5*p0156+2*p06+2*p23+1*p4	29	18.00	lock I86
ADC	M32, I32	9	7	5*p0156+1*p06+2*p23+1*p4	29	18.00	lock I86
ADC	M32, R32	9	7	5*p0156+2*p06+2*p23+1*p4	29	18.00	lock I86
ADC	M64, I32	9	7	5*p0156+1*p06+2*p23+1*p4	29	18.00	lock I86
ADC	M64, R64	9	7	5*p0156+2*p06+2*p23+1*p4	29	18.00	lock I86
ADC	M8, I8	9	7	5*p0156+1*p06+2*p23+1*p4	29	18.00	lock I86
ADC	M8, R8l	9	7	5*p0156+2*p06+2*p23+1*p4	29	18.00	lock I86
ADC	R8l, I8	1	1	1*p06	1	0.50	I86
ADD	AL, I8	1	1	1*p0156	1	0.63	I86
ADD	EAX, I32	1	1	1*p0156	1	0.52	I86
ADD	M16, I16	2	4	1*p0156+1*p23+1*p237+1*p4		3.42	I86
ADD	M16, R16	2	4	1*p0156+1*p23+1*p237+1*p4	4	1.00	I86
ADD	M32, I32	2	4	1*p0156+1*p23+1*p237+1*p4		1.00	I86
ADD	M32, R32	2	4	1*p0156+1*p23+1*p237+1*p4	3	1.00	I86
ADD	M64, I32	2	4	1*p0156+1*p23+1*p237+1*p4		1.00	I86
ADD	M64, R64	2	4	1*p0156+1*p23+1*p237+1*p4	3	1.00	I86
ADD	M8, I8	2	4	1*p0156+1*p23+1*p237+1*p4		1.00	I86
ADD	M8, R8l	2	4	1*p0156+1*p23+1*p237+1*p4	4	1.00	I86
ADD	R16, I16	1	1	1*p0156	1	3.33	I86
ADD	R16, M16	1	2	1*p0156+1*p23	1	0.50	I86
ADD	R32, I32	1	1	1*p0156	1	0.40	I86
ADD	R32, M32	1	2	1*p0156+1*p23	1	0.50	I86
ADD	R64, I32	1	1	1*p0156	1	0.42	I86
ADD	R64, M64	1	2	1*p0156+1*p23	1	0.50	I86
ADD	R8h, I8	1	1	1*p0156	1	0.38	I86
ADD	R8l, M8	1	2	1*p0156+1*p23	1	0.50	I86
ADD	R8h, R8h	1	1	1*p0156	1	0.40	I86
ADD	R8l, R8h	1	1	1*p0156	1	0.40	I86
ADD	R16, R16	1	1	1*p0156	1	0.25	I86
ADD	R64, R64	1	1	1*p0156	1	0.31	I86
ADD	R8h, R8l	1	1	1*p0156	1	0.40	I86
ADD	R8l, R8l	1	1	1*p0156	1	0.31	I86
ADD	R32, R32	1	1	1*p0156	1	0.31	I86
ADD	M16, 0	8	6	3*p0156+1*p06+2*p23+1*p4		18.00	lock I86
ADD	M16, I8	8	6	4*p0156+1*p06+2*p23+1*p4		18.00	lock I86
ADD	M32, 0	8	6	4*p0156+1*p06+2*p23+1*p4		18.00	lock I86
ADD	M32, I8	8	6	3*p0156+1*p06+2*p23+1*p4		18.00	lock I86
ADD	M64, 0	8	6	3*p0156+1*p06+2*p23+1*p4		18.00	lock I86
ADD	M64, I8	8	6	3*p0156+1*p06+2*p23+1*p4		18.00	lock I86
ADD	M8, 0	8	6	3*p0156+1*p06+2*p23+1*p4		18.00	lock I86
ADD	M8, R8h	8	6	4*p0156+1*p06+2*p23+1*p4	28	18.00	lock I86
ADD	R8l, 0	1	1	1*p0156	1	0.28	I86
ADD	R8l, 0	1	1	1*p0156	1	0.25	I86
AND	AL, 0	1	1	1*p0156	1	0.63	I86
AND	AX, I16	1	1	1*p0156	1	3.25	I86
AND	M16, 0	2	4	1*p0156+1*p23+1*p237+1*p4		1.00	I86
AND	M16, I8	2	4	1*p0156+1*p23+1*p237+1*p4		1.00	I86
AND	M32, 0	2	4	1*p0156+1*p23+1*p237+1*p4		1.00	I86
AND	M32, I8	2	4	1*p0156+1*p23+1*p237+1*p4		1.00	I86
AND	M64, 0	2	4	1*p0156+1*p23+1*p237+1*p4		1.00	I86
AND	M64, I8	2	4	1*p0156+1*p23+1*p237+1*p4		1.00	I86
AND	M8, 0	2	4	1*p0156+1*p23+1*p237+1*p4		1.00	I86
AND	M8, R8h	2	4	1*p0156+1*p23+1*p237+1*p4	3	1.00	I86
AND	R16, 0	1	1	1*p0156	1	0.28	I86
AND	R16, I8	1	1	1*p0156	1	0.28	I86
AND	R32, 0	1	1	1*p0156	1	0.25	I86
AND	R32, I8	1	1	1*p0156	1	0.25	I86
AND	R64, 0	1	1	1*p0156	1	0.25	I86
AND	R64, I8	1	1	1*p0156	1	0.25	I86
AND	R8h, 0	1	1	1*p0156	1	0.38	I86
AND	R8h, M8	1	2	1*p0156+1*p23	1	0.50	I86
AND	RAX, I32	1	1	1*p0156	1	0.56	I86
AND	R8h, R8l	1	1	1*p0156	1	0.40	I86
AND	R8l, R8l	1	1	1*p0156	1	0.31	I86
AND	R32, R32	1	1	1*p0156	1	0.31	I86
AND	R8h, R8h	1	1	1*p0156	1	0.40	I86
AND	R8l, R8h	1	1	1*p0156	1	0.40	I86
AND	R16, R16	1	1	1*p0156	1	0.25	I86
AND	R64, R64	1	1	1*p0156	1	0.31	I86
AND	M16, I16	8	6	3*p0156+1*p06+2*p23+1*p4		18.00	lock I86
AND	M16, R16	8	6	3*p0156+1*p06+2*p23+1*p4	29	18.00	lock I86
AND	M32, I32	8	6	3*p0156+1*p06+2*p23+1*p4		18.00	lock I86
AND	M32, R32	8	6	3*p0156+1*p06+2*p23+1*p4	28	18.00	lock I86
AND	M64, I32	8	6	3*p0156+1*p06+2*p23+1*p4		18.00	lock I86
AND	M64, R64	8	6	3*p0156+1*p06+2*p23+1*p4	28	18.00	lock I86
AND	M8, I8	8	6	4*p0156+1*p06+2*p23+1*p4		18.00	lock I86
AND	M8, R8l	8	6	3*p0156+1*p06+2*p23+1*p4	29	18.00	lock I86
AND	R8l, I8	1	1	1*p0156	1	0.28	I86
AND	R8l, I8	1	1	1*p0156	1	0.25	I86
BSF	R16, R16	1	1	1*p1	3	1.00	I386
BSF	R32, R32	1	1	1*p1	3	1.00	I386
BSF	R64, R64	1	1	1*p1	3	1.00	I386
BSR	R16, R16	1	1	1*p1	3	1.00	I386
BSR	R32, R32	1	1	1*p1	3	1.00	I386
BSR	R64, R64	1	1	1*p1	3	1.00	I386
BSWAP	R64	2	2	1*p06+1*p15	2	1.00	I486REAL
BT	M16, I8	2	2	1*p06+1*p23		1.00	I386
BT	M32, 0	2	2	1*p06+1*p23		1.00	I386
BT	M32, R32	10	10	1*p015+4*p0156+3*p06+1*p1+1*p23	11	5.00	I386
BT	M64, I8	2	2	1*p06+1*p23		1.00	I386
BT	R16, 0	1	1	1*p06	1	1.00	I386
BT	R16, R16	1	1	1*p06	1	1.00	I386
BT	R32, I8	1	1	1*p06	1	1.00	I386
BT	R64, 0	1	1	1*p06	1	1.00	I386
BT	R64, R64	1	1	1*p06	1	1.00	I386
BTC	M16, I8	3	4	1*p06+1*p23+1*p237+1*p4		1.00	I386
BTC	M32, 0	3	4	1*p06+1*p23+1*p237+1*p4		1.00	I386
BTC	M32, R32	10	11	1*p015+3*p0156+3*p06+1*p1+2*p23+1*p4	17	5.00	I386
BTC	M64, I8	3	4	1*p06+1*p23+1*p237+1*p4		1.00	I386
BTC	R16, 0	1	1	1*p06	1	1.00	I386
BTC	R16, R16	1	1	1*p06	1	1.00	I386
BTC	R32, I8	1	1	1*p06	1	1.00	I386
BTC	R64, 0	1	1	1*p06	1	1.00	I386
BTC	R64, R64	1	1	1*p06	1	1.00	I386
BTC	M16, I8	8	6	2*p0156+2*p06+2*p23+1*p4		18.00	lock I386
BTC	M32, 0	8	6	2*p0156+2*p06+2*p23+1*p4		18.00	lock I386
BTC	M32, R32	14	12	6*p0156+4*p06+1*p1+2*p23+1*p4	33	18.00	lock I386
BTC	M64, I8	8	6	2*p0156+2*p06+2*p23+1*p4		18.00	lock I386
BTR	M16, 0	3	4	1*p06+1*p23+1*p237+1*p4		1.00	I386
BTR	M16, R16	10	11	1*p015+3*p0156+3*p06+1*p1+2*p23+1*p4	18	5.00	I386
BTR	M32, I8	3	4	1*p06+1*p23+1*p237+1*p4		1.00	I386
BTR	M64, 0	3	4	1*p06+1*p23+1*p237+1*p4		1.00	I386
BTR	M64, R64	9	10	1*p015+2*p0156+3*p06+1*p1+2*p23+1*p4	16	5.00	I386
BTR	R16, I8	1	1	1*p06	1	1.00	I386
BTR	R32, 0	1	1	1*p06	1	1.00	I386
BTR	R32, R32	1	1	1*p06	1	1.00	I386
BTR	R64, I8	1	1	1*p06	1	1.00	I386
BTR	M16, 0	8	6	3*p0156+2*p06+2*p23+1*p4		18.00	lock I386
BTR	M16, R16	14	12	6*p0156+4*p06+1*p1+2*p23+1*p4	34	18.00	lock I386
BTR	M32, I8	8	6	3*p0156+2*p06+2*p23+1*p4		18.00	lock I386
BTR	M64, 0	8	6	3*p0156+2*p06+2*p23+1*p4		18.00	lock I386
BTR	M64, R64	13	11	5*p0156+4*p06+1*p1+2*p23+1*p4	32	18.00	lock I386
BTS	M16, I8	3	4	1*p06+1*p23+1*p237+1*p4		1.00	I386
BTS	M32, 0	3	4	1*p06+1*p23+1*p237+1*p4		1.00	I386
BTS	M32, R32	10	11	1*p015+3*p0156+3*p06+1*p1+2*p23+1*p4	17	5.00	I386
BTS	M64, I8	3	4	1*p06+1*p23+1*p237+1*p4		1.00	I386
BTS	R16, 0	1	1	1*p06	1	1.00	I386
BTS	R16, R16	1	1	1*p06	1	1.00	I386
BTS	R32, I8	1	1	1*p06	1	1.00	I386
BTS	R64, 0	1	1	1*p06	1	1.00	I386
BTS	R64, R64	1	1	1*p06	1	1.00	I386
BTS	M16, I8	8	6	2*p0156+2*p06+2*p23+1*p4		18.00	lock I386
BTS	M32, 0	8	6	3*p0156+2*p06+2*p23+1*p4		18.00	lock I386
BTS	M32, R32	14	12	6*p0156+4*p06+1*p1+2*p23+1*p4	33	18.00	lock I386
BTS	M64, I8	8	6	2*p0156+2*p06+2*p23+1*p4		18.00	lock I386
CALL	R64	2	3	1*p06+1*p237+1*p4		3.16	I86
CBW		1	1	1*p0156	1	1.00	I86
CLC		1	0			0.25	I86
CLI		3	3	2*p06+1*p1		2.00	I86
CMC		1	1	1*p0156	1	0.50	I86
CMOVB	R16, R16	1	1	1*p06	1	1.00	CMOV
CMOVB	R32, R32	1	1	1*p06	1	1.00	CMOV
CMOVB	R64, R64	1	1	1*p06	1	1.00	CMOV
CMOVBE	R16, R16	2	2	2*p06	2	1.00	CMOV
CMOVBE	R32, R32	2	2	2*p06	2	1.00	CMOV
CMOVBE	R64, R64	2	2	2*p06	2	1.00	CMOV
CMOVL	R16, R16	1	1	1*p06	1	1.00	CMOV
CMOVL	R32, R32	1	1	1*p06	1	1.00	CMOV
CMOVL	R64, R64	1	1	1*p06	1	1.00	CMOV
CMOVLE	R16, R16	1	1	1*p06	1	1.00	CMOV
CMOVLE	R32, R32	1	1	1*p06	1	1.00	CMOV
CMOVLE	R64, R64	1	1	1*p06	1	1.00	CMOV
CMOVNB	R16, R16	1	1	1*p06	1	1.00	CMOV
CMOVNB	R32, R32	1	1	1*p06	1	1.00	CMOV
CMOVNB	R64, R64	1	1	1*p06	1	1.00	CMOV
CMOVNBE	R16, R16	2	2	2*p06	2	1.00	CMOV
CMOVNBE	R32, R32	2	2	2*p06	2	1.00	CMOV
CMOVNBE	R64, R64	2	2	2*p06	2	1.00	CMOV
CMOVNL	R16, R16	1	1	1*p06	1	1.00	CMOV
CMOVNL	R32, R32	1	1	1*p06	1	1.00	CMOV
CMOVNL	R64, R64	1	1	1*p06	1	1.00	CMOV
CMOVNLE	R16, R16	1	1	1*p06	1	1.00	CMOV
CMOVNLE	R32, R32	1	1	1*p06	1	1.00	CMOV
CMOVNLE	R64, R64	1	1	1*p06	1	1.00	CMOV
CMOVNO	R16, R16	1	1	1*p06	1	1.00	CMOV
CMOVNO	R32, R32	1	1	1*p06	1	1.00	CMOV
CMOVNO	R64, R64	1	1	1*p06	1	1.00	CMOV
CMOVNP	R16, R16	1	1	1*p06	1	1.00	CMOV
CMOVNP	R32, R32	1	1	1*p06	1	1.00	CMOV
CMOVNP	R64, R64	1	1	1*p06	1	1.00	CMOV
CMOVNS	R16, R16	1	1	1*p06	1	1.00	CMOV
CMOVNS	R32, R32	1	1	1*p06	1	1.00	CMOV
CMOVNS	R64, R64	1	1	1*p06	1	1.00	CMOV
CMOVNZ	R16, R16	1	1	1*p06	1	1.00	CMOV
CMOVNZ	R32, R32	1	1	1*p06	1	1.00	CMOV
CMOVNZ	R64, R64	1	1	1*p06	1	1.00	CMOV
CMOVO	R16, R16	1	1	1*p06	1	1.00	CMOV
CMOVO	R32, R32	1	1	1*p06	1	1.00	CMOV
CMOVO	R64, R64	1	1	1*p06	1	1.00	CMOV
CMOVP	R16, R16	1	1	1*p06	1	1.00	CMOV
CMOVP	R32, R32	1	1	1*p06	1	1.00	CMOV
CMOVP	R64, R64	1	1	1*p06	1	1.00	CMOV
CMOVS	R16, R16	1	1	1*p06	1	1.00	CMOV
CMOVS	R32, R32	1	1	1*p06	1	1.00	CMOV
CMOVS	R64, R64	1	1	1*p06	1	1.00	CMOV
CMOVZ	R16, R16	1	1	1*p06	1	1.00	CMOV
CMOVZ	R32, R32	1	1	1*p06	1	1.00	CMOV
CMOVZ	R64, R64	1	1	1*p06	1	1.00	CMOV
CMP	AL, I8	1	1	1*p0156	1	0.25	I86
CMP	EAX, I32	1	1	1*p0156	1	0.31	I86
CMP	M16, I16	1	2	1*p0156+1*p23		3.38	I86
CMP	M16, R16	1	2	1*p0156+1*p23	1	0.50	I86
CMP	M32, I32	1	2	1*p0156+1*p23		0.50	I86
CMP	M32, R32	1	2	1*p0156+1*p23	1	0.50	I86
CMP	M64, I32	1	2	1*p0156+1*p23		0.50	I86
CMP	M64, R64	1	2	1*p0156+1*p23	1	0.50	I86
CMP	M8, I8	1	2	1*p0156+1*p23		0.50	I86
CMP	M8, R8l	1	2	1*p0156+1*p23	1	0.50	I86
CMP	R16, I16	1	1	1*p0156	1	3.38	I86
CMP	R16, M16	1	2	1*p0156+1*p23	1	0.50	I86
CMP	R32, I32	1	1	1*p0156	1	0.44	I86
CMP	R32, M32	1	2	1*p0156+1*p23	1	0.50	I86
CMP	R64, I32	1	1	1*p0156	1	0.44	I86
CMP	R64, M64	1	2	1*p0156+1*p23	1	0.50	I86
CMP	R8h, I8	1	1	1*p0156	1	0.37	I86
CMP	R8l, M8	1	2	1*p0156+1*p23	1	0.50	I86
CMPSB		5	5	3*p0156+2*p23	5	5.00	I86
REPNE_CMPSB		11	25	10*p015+13*p06+1*p1+4*p23+1*p5		43.36	I86
REPE_CMPSD		11	25	10*p015+13*p06+1*p1+4*p23+1*p5		43.33	I386
CMPSW		5	5	3*p0156+2*p23	5	5.00	I86
REPNE_CMPSW		11	25	10*p015+12*p06+1*p1+4*p23+1*p5		43.35	I86
CMPXCHG	M32, R32	5	6	1*p0156+2*p06+1*p23+1*p237+1*p4	4	4.00	I486REAL
CMPXCHG	M8, R8h	5	6	1*p0156+2*p06+1*p23+1*p237+1*p4	5	4.00	I486REAL
CMPXCHG	R16, R16	5	5	3*p0156+2*p06	3	5.00	I486REAL
CMPXCHG	R64, R64	5	5	3*p0156+2*p06	3	5.00	I486REAL
CMPXCHG	R8h, R8l	5	5	3*p0156+2*p06	3	5.00	I486REAL
CMPXCHG	R8l, R8l	5	5	3*p0156+2*p06	3	5.00	I486REAL
CMPXCHG8B	M64	20	18	6*p015+7*p06+2*p15+2*p23+1*p4	31	19.02	lock PENTIUMREAL
CMPXCHG	M32, R32	10	8	6*p0156+2*p06+2*p23+1*p4	28	18.00	lock I486REAL
CMPXCHG	M8, R8h	10	8	5*p0156+3*p06+2*p23+1*p4	29	18.00	lock I486REAL
CMP	R8h, R8h	1	1	1*p0156	1	0.25	I86
CMP	R8l, R8h	1	1	1*p0156	1	0.25	I86
CMP	R16, R16	1	1	1*p0156	1	0.25	I86
CMP	R64, R64	1	1	1*p0156	1	0.31	I86
CMP	R8h, R8l	1	1	1*p0156	1	0.25	I86
CMP	R8l, R8l	1	1	1*p0156	1	0.31	I86
CMP	R32, R32	1	1	1*p0156	1	0.31	I86
CMP	R8l, 0	1	1	1*p0156	1	0.25	I86
CPUID		31	33	5*p0+1*p01+1*p05+14*p06+4*p1+1*p4+7*p5		101.03	I486REAL
CWDE		1	1	1*p0156	1	1.00	I386
DEC	M32	3	4	1*p0156+1*p23+1*p237+1*p4		1.00	I86
DEC	M8	3	4	1*p0156+1*p23+1*p237+1*p4		1.00	I86
DEC	R32	1	1	1*p0156	1	0.30	I86
DEC	R8h	1	1	1*p0156	1	0.25	I86
DEC	M16	8	6	3*p0156+1*p06+2*p23+1*p4		18.00	lock I86
DEC	M64	8	6	3*p0156+1*p06+2*p23+1*p4		18.00	lock I86
DIV	M16	7	7	1*p015+2*p0156+2*p1+1*p15+1*p23	16	6.00	I86
DIV	M64	5	5	1*p0156+3*p1+1*p23	18	10.00	I86
DIV	R16	6	6	1*p015+2*p0156+2*p1+1*p15	16	6.00	I86
DIV	R64	4	4	1*p0156+3*p1	18	10.00	I86
DIV	R8l	4	4	2*p0156+2*p1	15	6.00	I86
ENTER	I16, I8	28	55	4*p0+1*p01+23*p06+6*p1+21*p23+3*p4+6*p5		95.60	I186
IDIV	M16	7	7	1*p015+2*p0156+2*p1+1*p15+1*p23	16	6.00	I86
IDIV	M64	5	5	1*p0156+3*p1+1*p23	18	10.00	I86
IDIV	R16	6	6	1*p015+2*p0156+2*p1+1*p15	16	6.00	I86
IDIV	R64	4	4	1*p0156+3*p1	18	10.00	I86
IDIV	R8l	4	4	2*p0156+2*p1	15	6.00	I86
IMUL	M32	3	4	1*p0156+1*p06+1*p1+1*p23	4	1.00	I86
IMUL	M8	1	2	1*p1+1*p23	3	1.00	I86
IMUL	R16, M16	1	2	1*p1+1*p23	3	1.00	I86
IMUL	R16, M16, I16	2	3	1*p0156+1*p1+1*p23	1	3.38	I186
IMUL	R16, R16	1	1	1*p1	3	1.00	I86
IMUL	R16, R16, I16	2	2	1*p0156+1*p1	4	3.38	I186
IMUL	R32	3	3	1*p0156+1*p06+1*p1	4	1.00	I86
IMUL	R32, M32, 0	1	2	1*p1+1*p23		1.00	I186
IMUL	R32, M32, I8	1	2	1*p1+1*p23		1.00	I186
IMUL	R32, R32, 0	1	1	1*p1	3	1.00	I186
IMUL	R32, R32, I8	1	1	1*p1	3	1.00	I186
IMUL	R64, M64	1	2	1*p1+1*p23	3	1.00	I86
IMUL	R64, M64, I32	1	2	1*p1+1*p23		1.00	I186
IMUL	R64, R64	1	1	1*p1	3	1.00	I86
IMUL	R64, R64, I32	1	1	1*p1	3	1.00	I186
IMUL	R8h	1	1	1*p1	3	1.00	I86
IN	AL, 0	64	60	9*p0+1*p01+4*p0156+1*p05+20*p06+15*p1+1*p23+9*p5		16945.88	I86
IN	AL, I8	64	60	9*p0+1*p01+4*p0156+20*p06+15*p1+1*p23+10*p5		22038.15	I86
IN	AX, DX	64	60	9*p0+5*p0156+20*p06+15*p1+1*p23+10*p5		22741.63	I86
IN	EAX, 0	64	60	9*p0+1*p01+4*p0156+20*p06+15*p1+1*p23+10*p5		17493.78	I86
IN	EAX, I8	64	60	9*p0+1*p01+4*p0156+20*p06+15*p1+1*p23+10*p5		22722.58	I86
INC	M32	3	4	1*p0156+1*p23+1*p237+1*p4		1.00	I86
INC	M8	3	4	1*p0156+1*p23+1*p237+1*p4		1.00	I86
INC	R32	1	1	1*p0156	1	0.30	I86
INC	R8h	1	1	1*p0156	1	0.25	I86
INC	M16	8	6	3*p0156+1*p06+2*p23+1*p4		18.00	lock I86
INC	M64	8	6	3*p0156+1*p06+2*p23+1*p4		18.00	lock I86
INSB		62	58	8*p0+5*p0156+19*p06+14*p1+1*p15+2*p23+1*p237+1*p4+7*p5		22703.08	I186
REP_INSB		42	38	3*p0+1*p01+4*p0156+2*p05+13*p06+11*p1+4*p5		95.15	I186
REP_INSD		42	38	3*p0+1*p01+4*p0156+2*p05+13*p06+11*p1+4*p5		95.47	I386
REP_INSD		42	38	3*p0+1*p01+4*p0156+2*p05+13*p06+11*p1+4*p5		95.28	I386
INSW		62	58	8*p0+5*p0156+19*p06+14*p1+2*p23+1*p237+1*p4+8*p5		22737.65	I186
REP_INSW		42	38	3*p0+1*p01+4*p0156+2*p05+13*p06+11*p1+4*p5		95.30	I186
JB	Rel32	1	1	1*p06		0.50	I86
JBE	Rel32	1	1	1*p06		0.50	I86
JL	Rel32	1	1	1*p06		0.50	I86
JLE	Rel32	1	1	1*p06		0.50	I86
JMP	M64	1	2	1*p06+1*p23		2.09	I86
JMP	Rel32	1	1	1*p06		1.91	I86
JNB	Rel8	1	1	1*p06		0.86	I86
JNBE	Rel8	1	1	1*p06		1.25	I86
JNL	Rel8	1	1	1*p06		1.20	I86
JNLE	Rel8	1	1	1*p06		0.72	I86
JNO	Rel8	1	1	1*p06		1.12	I86
JNP	Rel8	1	1	1*p06		1.17	I86
JNS	Rel8	1	1	1*p06		0.85	I86
JNZ	Rel8	1	1	1*p06		0.80	I86
JO	Rel8	1	1	1*p06		0.65	I86
JP	Rel8	1	1	1*p06		1.31	I86
JS	Rel32	1	1	1*p06		0.50	I86
JZ	Rel32	1	1	1*p06		0.50	I86
LAHF		1	1	1*p06	1	1.00	LAHF
LAR	R16, R16	23	23	6*p015+2*p0156+9*p06+3*p1+2*p23+1*p5	57	61.25	I286PROTECTED
LAR	R32, R32	23	23	6*p015+2*p0156+9*p06+3*p1+2*p23+1*p5	57	61.00	I286PROTECTED
LAR	R64, R64	23	23	6*p015+2*p0156+9*p06+3*p1+2*p23+1*p5	57	61.00	I286PROTECTED
LEAVE		3	4	3*p0156+1*p23	6	2.00	I186
LEA	R32	1	1	1*p15		0.50	I86
LEA	R16	2	2	1*p0156+1*p15	1	1.00	I86
LEA	R64	1	1	1*p15		0.50	I86
LEA	R16	2	2	1*p0156+1*p1	1	1.00	I86
LEA	R64	1	1	1*p1		1.00	I86
LEA	R32	1	1	1*p1		1.00	I86
LLDT	M16	15	12	1*p0156+4*p06+3*p1+2*p23+1*p237+1*p4		136.10	I286PROTECTED
LMSW	M16	28	27	1*p0+2*p0156+1*p05+9*p06+4*p1+1*p15+2*p23+1*p237+2*p4+4*p5		151.95	I286REAL
LODSB		3	3	2*p0156+1*p23		1.22	I86
REP_LODSB		9	19	7*p015+11*p06+1*p1+3*p23		43.50	I86
REP_LODSD		9	19	6*p015+11*p06+1*p1+3*p23		43.50	I386
LODSW		3	3	2*p0156+1*p23		1.25	I86
REP_LODSW		9	19	7*p015+11*p06+1*p1+3*p23		43.50	I86
LOOPE	Rel8	11	11	1*p015+3*p0156+6*p06+1*p1	3	6.00	I86
LSL	R16, M16	15	13	1*p015+5*p06+3*p1+3*p23+1*p5	39	31.00	I286PROTECTED
LSL	R32, M16	15	13	1*p015+5*p06+3*p1+3*p23+1*p5	39	31.00	I286PROTECTED
LSL	R64, M16	15	13	1*p015+5*p06+3*p1+3*p23+1*p5	39	31.00	I286PROTECTED
MOV	AX, Moffs16	1	2	1*p0156+1*p23	3	1.00	I86
MOV	M16, I16	1	2	1*p237+1*p4		3.38	I86
MOV	M16, SEG	2	3	1*p1+1*p237+1*p4		1.00	I86
MOV	M32, R32	1	2	1*p237+1*p4	2	1.00	I86
MOV	M64, R64	1	2	1*p237+1*p4	2	1.00	I86
MOV	M8, I8	1	2	1*p237+1*p4		1.00	I86
MOV	M8, R8l	1	2	1*p237+1*p4	3	1.00	I86
MOV	Moffs32, EAX	1	2	1*p237+1*p4	2	1.00	I86
MOV	Moffs8, AL	1	2	1*p237+1*p4	3	1.02	I86
MOV	R16, M16	1	2	1*p0156+1*p23	1	0.50	I86
MOV	R32, I32	1	1	1*p0156		0.33	I86
MOV	R32, SEG	2	2	1*p0156+1*p1		1.00	I86
MOV	R64, I64	1	1	1*p0156		0.62	I86
MOV	R64, SEG	2	2	1*p0156+1*p1		1.00	I86
MOV	R8h, I8	1	1	1*p0156	1	0.25	I86
MOV	R8l, 0	1	1	1*p0156	1	0.32	I86
MOV	R8l, M8	1	2	1*p0156+1*p23	1	0.50	I86
MOVSB		5	5	2*p0156+2*p23+1*p4		4.00	I86
REP_MOVSB		79	74	4*p01+19*p015+4*p05+23*p06+3*p1+2*p15+11*p23+5*p4+4*p5		27.02	I86
REP_MOVSD		81	76	4*p01+18*p015+6*p05+25*p06+3*p1+2*p15+11*p23+4*p4+4*p5		28.03	I386
MOVSW		5	5	2*p0156+2*p23+1*p4		4.00	I86
REP_MOVSW		81	76	4*p01+16*p015+7*p05+25*p06+3*p1+3*p15+11*p23+5*p4+4*p5		28.03	I86
MOVSX	R16, R8h	1	1	1*p0156	1	0.25	I386
MOVSX	R32, M16	1	1	1*p23		0.50	I386
MOVSX	R32, R16	1	1	1*p0156	1	0.25	I386
MOVSX	R32, R8l	1	1	1*p0156	1	0.25	I386
MOVSX	R64, M8	1	1	1*p23		0.50	I386
MOVSX	R64, R8l	1	1	1*p0156	1	0.25	I386
MOVZX	R16, R8h	1	1	1*p0156	1	0.25	I386
MOVZX	R32, M16	1	1	1*p23		0.50	I386
MOVZX	R32, R16	1	1	1*p0156	1	0.25	I386
MOVZX	R32, R8l	1	0		0	0.25	I386
MOVZX	R64, M8	1	1	1*p23		0.50	I386
MOVZX	R64, R8l	1	0		0	0.25	I386
MOV	R8h, R8l	1	1	1*p0156	1	0.25	I86
MOV	R8l, R8l	1	1	1*p0156	1	0.31	I86
MOV	R32, R32	1	0		0	0.30	I86
MOV	R8h, R8h	1	1	1*p0156	1	0.25	I86
MOV	R8l, R8h	1	1	1*p0156	1	0.40	I86
MOV	R16, R16	1	1	1*p0156	1	0.25	I86
MOV	R64, R64	1	0		0	0.30	I86
MOV_CR	R64, CR	4	3	1*p0156+1*p06+1*p5		7.82	I86
MOV_DR	R64, DR	28	26	8*p015+2*p0156+1*p05+12*p06+3*p5	174	28.00	I86
MUL	M32	3	4	1*p0156+1*p06+1*p1+1*p23	4	1.00	I86
MUL	M8	1	2	1*p1+1*p23	3	1.00	I86
MUL	R32	3	3	1*p0156+1*p06+1*p1	4	1.00	I86
MUL	R8h	1	1	1*p1	3	1.00	I86
NEG	M16	2	4	1*p0156+1*p23+1*p237+1*p4		1.00	I86
NEG	M64	2	4	1*p0156+1*p23+1*p237+1*p4		1.00	I86
NEG	R16	1	1	1*p0156	1	0.28	I86
NEG	R64	1	1	1*p0156	1	0.31	I86
NEG	R8l	1	1	1*p0156	1	0.32	I86
NEG	M32	8	6	3*p0156+1*p06+2*p23+1*p4		18.00	lock I86
NEG	M8	8	6	3*p0156+1*p06+2*p23+1*p4		18.00	lock I86
NOP	M16	1	0			0.31	FAT_NOP
NOP	M64	1	0			0.25	FAT_NOP
NOP	R32	1	0			0.25	FAT_NOP
NOT	M16	3	4	1*p0156+1*p23+1*p237+1*p4		1.00	I86
NOT	M64	3	4	1*p0156+1*p23+1*p237+1*p4		1.00	I86
NOT	R16	1	1	1*p0156	1	0.28	I86
NOT	R64	1	1	1*p0156	1	0.31	I86
NOT	R8l	1	1	1*p0156	1	0.32	I86
NOT	M32	8	6	3*p0156+1*p06+2*p23+1*p4		18.00	lock I86
NOT	M8	8	6	4*p0156+1*p06+2*p23+1*p4		18.00	lock I86
OR	AL, I8	1	1	1*p0156	1	0.62	I86
OR	EAX, I32	1	1	1*p0156	1	0.52	I86
OR	M16, I16	2	4	1*p0156+1*p23+1*p237+1*p4		3.33	I86
OR	M16, R16	2	4	1*p0156+1*p23+1*p237+1*p4	4	1.00	I86
OR	M32, I32	2	4	1*p0156+1*p23+1*p237+1*p4		1.00	I86
OR	M32, R32	2	4	1*p0156+1*p23+1*p237+1*p4	3	1.00	I86
OR	M64, I32	2	4	1*p0156+1*p23+1*p237+1*p4		1.00	I86
OR	M64, R64	2	4	1*p0156+1*p23+1*p237+1*p4	3	1.00	I86
OR	M8, I8	2	4	1*p0156+1*p23+1*p237+1*p4		1.00	I86
OR	M8, R8l	2	4	1*p0156+1*p23+1*p237+1*p4	4	1.00	I86
OR	R16, I16	1	1	1*p0156	1	3.33	I86
OR	R16, M16	1	2	1*p0156+1*p23	1	0.50	I86
OR	R32, I32	1	1	1*p0156	1	0.40	I86
OR	R32, M32	1	2	1*p0156+1*p23	1	0.50	I86
OR	R64, I32	1	1	1*p0156	1	0.42	I86
OR	R64, M64	1	2	1*p0156+1*p23	1	0.50	I86
OR	R8h, I8	1	1	1*p0156	1	0.38	I86
OR	R8l, M8	1	2	1*p0156+1*p23	1	0.50	I86
OR	R8h, R8h	1	1	1*p0156	1	0.40	I86
OR	R8l, R8h	1	1	1*p0156	1	0.40	I86
OR	R16, R16	1	1	1*p0156	1	0.25	I86
OR	R64, R64	1	1	1*p0156	1	0.31	I86
OR	R8h, R8l	1	1	1*p0156	1	0.40	I86
OR	R8l, R8l	1	1	1*p0156	1	0.31	I86
OR	R32, R32	1	1	1*p0156	1	0.31	I86
OR	M16, 0	8	6	3*p0156+1*p06+2*p23+1*p4		18.00	lock I86
OR	M16, I8	8	6	3*p0156+1*p06+2*p23+1*p4		18.00	lock I86
OR	M32, 0	8	6	3*p0156+1*p06+2*p23+1*p4		18.00	lock I86
OR	M32, I8	8	6	3*p0156+1*p06+2*p23+1*p4		18.00	lock I86
OR	M64, 0	8	6	3*p0156+1*p06+2*p23+1*p4		18.00	lock I86
OR	M64, I8	8	6	4*p0156+1*p06+2*p23+1*p4		18.00	lock I86
OR	M8, 0	8	6	3*p0156+1*p06+2*p23+1*p4		18.00	lock I86
OR	M8, R8h	8	6	4*p0156+1*p06+2*p23+1*p4	28	18.00	lock I86
OR	R8l, 0	1	1	1*p0156	1	0.28	I86
OR	R8l, 0	1	1	1*p0156	1	0.25	I86
OUT	0, AL	54	51	7*p0+5*p0156+16*p06+13*p1+1*p237+1*p4+8*p5		17487.50	I86
OUT	0, EAX	54	51	7*p0+4*p0156+16*p06+13*p1+1*p237+1*p4+9*p5		17489.95	I86
OUT	DX, AX	54	51	7*p0+5*p0156+16*p06+13*p1+1*p237+1*p4+8*p5		22279.67	I86
OUT	I8, AL	54	51	7*p0+5*p0156+16*p06+13*p1+1*p237+1*p4+8*p5		22278.92	I86
OUT	I8, EAX	54	51	7*p0+5*p0156+16*p06+13*p1+1*p237+1*p4+8*p5		22276.88	I86
REP_OUTSB		42	38	4*p0+5*p0156+1*p05+12*p06+11*p1+1*p15+4*p5		94.37	I186
OUTSD		58	55	8*p0+6*p0156+18*p06+14*p1+1*p23+1*p237+1*p4+6*p5		22270.40	I386
REP_OUTSD		42	38	4*p0+5*p0156+1*p05+12*p06+11*p1+1*p15+4*p5		95.13	I386
REP_OUTSD		42	38	4*p0+5*p0156+1*p05+12*p06+11*p1+1*p15+4*p5		95.33	I386
REP_OUTSW		42	38	4*p0+5*p0156+1*p05+12*p06+11*p1+1*p15+4*p5		95.10	I186
POP	M16	2	3	1*p23+1*p237+1*p4		1.00	I86
POP	R16	1	2	1*p0156+1*p23	1	0.50	I86
POPF		10	7	222*p1		21.00	I86
PUSH	FS	2	3	1*p1+1*p237+1*p4		1.00	I86
PUSH	I32	1	2	1*p237+1*p4		1.00	I186
PUSH	M16	2	3	1*p23+1*p237+1*p4		1.00	I86
PUSH	R16	1	2	1*p237+1*p4	3	1.02	I86
PUSHF		3	4	1*p06+1*p1+1*p237+1*p4	7	1.00	I86
PUSH	I16	1	2	1*p237+1*p4		3.25	I186
RCL	M16, 0	11	11	2*p0156+4*p06+2*p1+2*p23+1*p4		6.06	I186
RCL	M16, CL	11	11	2*p0156+4*p06+2*p1+2*p23+1*p4	10	6.06	I86
RCL	M32, 0	11	11	2*p0156+4*p06+2*p1+2*p23+1*p4		6.06	I186
RCL	M32, CL	11	11	2*p0156+4*p06+2*p1+2*p23+1*p4	10	6.06	I86
RCL	M64, 0	11	11	2*p0156+4*p06+2*p1+2*p23+1*p4		6.06	I186
RCL	M64, CL	11	11	2*p0156+4*p06+2*p1+2*p23+1*p4	10	6.06	I86
RCL	M8, 0	12	12	1*p0156+6*p06+1*p1+1*p15+2*p23+1*p4		6.00	I186
RCL	M8, CL	12	12	1*p0156+6*p06+1*p1+1*p15+2*p23+1*p4	8	6.00	I86
RCL	R16, 0	8	8	2*p0156+4*p06+2*p1	6	5.07	I186
RCL	R16, CL	8	8	2*p0156+4*p06+2*p1	8	5.08	I86
RCL	R32, 0	8	8	2*p0156+4*p06+2*p1	6	5.07	I186
RCL	R32, CL	8	8	2*p0156+4*p06+2*p1	8	5.08	I86
RCL	R64, 0	8	8	2*p0156+4*p06+2*p1	6	5.07	I186
RCL	R64, CL	8	8	2*p0156+4*p06+2*p1	8	5.08	I86
RCL	R8h, 0	10	10	2*p0156+6*p06+1*p1+1*p15	6	5.25	I186
RCL	R8h, CL	10	10	2*p0156+6*p06+1*p1+1*p15	6	5.33	I86
RCL	R8l, CL	10	10	1*p015+1*p0156+6*p06+1*p1+1*p15	6	5.00	I86
RCL	R8l, 1	3	3	1*p0156+2*p06	2	1.00	I86
RCL	R8l, 0	10	10	1*p015+1*p0156+6*p06+1*p1+1*p15	6	5.00	I186
RCL	R8l, I8	10	10	1*p015+1*p0156+6*p06+1*p1+1*p15	6	5.00	I186
RCR	M16, 1	4	6	1*p0156+2*p06+1*p23+1*p237+1*p4	6	1.25	I86
RCR	M16, I8	11	11	2*p0156+4*p06+2*p1+2*p23+1*p4	8	6.00	I186
RCR	M32, 1	4	6	1*p0156+2*p06+1*p23+1*p237+1*p4	6	1.27	I86
RCR	M32, I8	11	11	2*p0156+4*p06+2*p1+2*p23+1*p4	8	6.00	I186
RCR	M64, 1	4	6	1*p0156+2*p06+1*p23+1*p237+1*p4	6	1.25	I86
RCR	M64, I8	11	11	2*p0156+4*p06+2*p1+2*p23+1*p4	8	6.00	I186
RCR	M8, 1	4	6	1*p0156+2*p06+1*p23+1*p237+1*p4	6	1.27	I86
RCR	M8, I8	13	13	2*p0156+5*p06+2*p1+1*p15+2*p23+1*p4	9	6.07	I186
RCR	R16, 1	3	3	1*p0156+2*p06	2	1.00	I86
RCR	R16, I8	8	8	2*p0156+4*p06+2*p1	6	6.00	I186
RCR	R32, 1	3	3	1*p0156+2*p06	2	1.00	I86
RCR	R32, I8	8	8	2*p0156+4*p06+2*p1	6	6.00	I186
RCR	R64, 1	3	3	1*p0156+2*p06	2	1.00	I86
RCR	R64, I8	8	8	2*p0156+4*p06+2*p1	6	6.00	I186
RCR	R8h, 1	3	3	1*p0156+2*p06	2	1.05	I86
RCR	R8h, I8	11	11	3*p0156+5*p06+2*p1+1*p15	8	7.00	I186
RCR	R8l, 0	11	11	3*p0156+5*p06+2*p1+1*p15	8	7.00	I186
RCR	R8l, I8	11	11	3*p0156+5*p06+2*p1+1*p15	8	7.00	I186
RCR	R8l, 1	3	3	1*p0156+2*p06	2	1.00	I86
RDMSR		74	63	1*p0+7*p01+13*p05+25*p06+5*p1+13*p15+4*p5		94.62	PENTIUMREAL
RDTSC		16	14	6*p0156+3*p06+3*p1+1*p15+1*p5		25.00	PENTIUMREAL
RET	I16	4	8	4*p0156+3*p06+1*p15+1*p23+3*p237		10.77	I86
ROL	M16, 1	4	5	2*p06+1*p23+1*p237+1*p4		1.00	I86
ROL	M16, I8	4	5	2*p06+1*p23+1*p237+1*p4		1.00	I186
ROL	M32, 1	4	5	2*p06+1*p23+1*p237+1*p4		1.00	I86
ROL	M32, I8	4	5	2*p06+1*p23+1*p237+1*p4		1.00	I186
ROL	M64, 1	4	5	2*p06+1*p23+1*p237+1*p4		1.00	I86
ROL	M64, I8	4	5	2*p06+1*p23+1*p237+1*p4		1.00	I186
ROL	M8, 1	4	5	2*p06+1*p23+1*p237+1*p4		1.00	I86
ROL	M8, I8	4	5	2*p06+1*p23+1*p237+1*p4		1.00	I186
ROL	R16, 1	2	2	2*p06	1	1.00	I86
ROL	R16, I8	1	1	1*p06	1	0.50	I186
ROL	R32, 1	2	2	2*p06	1	1.00	I86
ROL	R32, I8	1	1	1*p06	1	0.50	I186
ROL	R64, 1	2	2	2*p06	1	1.00	I86
ROL	R64, I8	1	1	1*p06	1	0.50	I186
ROL	R8h, 1	2	2	2*p06	1	1.00	I86
ROL	R8h, I8	1	1	1*p06	1	0.50	I186
ROL	R8l, 0	1	1	1*p06	1	0.50	I186
ROL	R8l, I8	1	1	1*p06	1	0.50	I186
ROL	R8l, 1	2	2	2*p06	1	1.00	I86
ROR	M16, 0	4	5	2*p06+1*p23+1*p237+1*p4		1.00	I186
ROR	M16, CL	5	6	3*p06+1*p23+1*p237+1*p4	4	5.00	I86
ROR	M32, 0	4	5	2*p06+1*p23+1*p237+1*p4		1.00	I186
ROR	M32, CL	5	6	3*p06+1*p23+1*p237+1*p4	4	5.00	I86
ROR	M64, 0	4	5	2*p06+1*p23+1*p237+1*p4		1.00	I186
ROR	M64, CL	5	6	3*p06+1*p23+1*p237+1*p4	4	5.00	I86
ROR	M8, 0	4	5	2*p06+1*p23+1*p237+1*p4		1.00	I186
ROR	M8, CL	5	6	3*p06+1*p23+1*p237+1*p4	4	5.00	I86
ROR	R16, 0	1	1	1*p06	1	0.50	I186
ROR	R16, CL	3	3	3*p06	2	1.50	I86
ROR	R32, 0	1	1	1*p06	1	0.50	I186
ROR	R32, CL	3	3	3*p06	2	1.50	I86
ROR	R64, 0	1	1	1*p06	1	0.50	I186
ROR	R64, CL	3	3	3*p06	2	1.50	I86
ROR	R8h, 0	1	1	1*p06	1	0.50	I186
ROR	R8h, CL	3	3	3*p06	2	1.50	I86
ROR	R8l, CL	3	3	3*p06	2	1.50	I86
ROR	R8l, 1	2	2	2*p06	1	1.00	I86
ROR	R8l, 0	1	1	1*p06	1	0.50	I186
ROR	R8l, I8	1	1	1*p06	1	0.50	I186
SAHF		1	1	1*p06	1	0.50	LAHF
SAR	M16, 1	3	4	1*p06+1*p23+1*p237+1*p4		1.00	I86
SAR	M16, I8	3	4	1*p06+1*p23+1*p237+1*p4		1.00	I186
SAR	M32, 1	3	4	1*p06+1*p23+1*p237+1*p4		1.00	I86
SAR	M32, I8	3	4	1*p06+1*p23+1*p237+1*p4		1.00	I186
SAR	M64, 1	3	4	1*p06+1*p23+1*p237+1*p4		1.00	I86
SAR	M64, I8	3	4	1*p06+1*p23+1*p237+1*p4		1.00	I186
SAR	M8, 1	3	4	1*p06+1*p23+1*p237+1*p4		1.00	I86
SAR	M8, I8	3	4	1*p06+1*p23+1*p237+1*p4		1.00	I186
SAR	R16, 1	1	1	1*p06	1	0.50	I86
SAR	R16, I8	1	1	1*p06	1	0.50	I186
SAR	R32, 1	1	1	1*p06	1	0.50	I86
SAR	R32, I8	1	1	1*p06	1	0.50	I186
SAR	R64, 1	1	1	1*p06	1	0.50	I86
SAR	R64, I8	1	1	1*p06	1	0.50	I186
SAR	R8h, 1	1	1	1*p06	1	0.50	I86
SAR	R8h, I8	1	1	1*p06	1	0.50	I186
SAR	R8l, 0	1	1	1*p06	1	0.50	I186
SAR	R8l, I8	1	1	1*p06	1	0.50	I186
SAR	R8l, 1	1	1	1*p06	1	0.50	I86
SBB	AL, 0	2	2	1*p0156+1*p06	2	1.00	I86
SBB	AX, I16	2	2	1*p0156+1*p06	2	3.25	I86
SBB	M16, 0	4	6	3*p0156+1*p23+1*p237+1*p4	6	1.25	I86
SBB	M16, I8	4	6	3*p0156+1*p23+1*p237+1*p4	6	1.25	I86
SBB	M32, 0	4	6	3*p0156+1*p23+1*p237+1*p4	6	1.25	I86
SBB	M32, I8	4	6	3*p0156+1*p23+1*p237+1*p4	6	1.25	I86
SBB	M64, 0	4	6	3*p0156+1*p23+1*p237+1*p4	6	1.25	I86
SBB	M64, I8	4	6	3*p0156+1*p23+1*p237+1*p4	6	1.25	I86
SBB	M8, 0	4	6	3*p0156+1*p23+1*p237+1*p4	6	1.25	I86
SBB	M8, R8h	4	6	1*p0156+2*p06+1*p23+1*p237+1*p4	5	1.25	I86
SBB	R16, 0	1	1	1*p06	1	0.50	I86
SBB	R16, I8	1	1	1*p06	1	0.50	I86
SBB	R32, 0	1	1	1*p06	1	0.50	I86
SBB	R32, I8	1	1	1*p06	1	0.50	I86
SBB	R64, 0	1	1	1*p06	1	0.50	I86
SBB	R64, I8	1	1	1*p06	1	0.50	I86
SBB	R8h, 0	1	1	1*p06	1	0.50	I86
SBB	R8h, M8	1	2	1*p06+1*p23	1	0.56	I86
SBB	RAX, I32	2	2	1*p0156+1*p06	2	1.00	I86
SBB	R8h, R8l	1	1	1*p06	1	0.63	I86
SBB	R8l, R8l	1	1	1*p06	1	0.50	I86
SBB	R32, R32	1	1	1*p06	1	0.50	I86
SBB	R8h, R8h	1	1	1*p06	1	0.60	I86
SBB	R8l, R8h	1	1	1*p06	1	0.60	I86
SBB	R16, R16	1	1	1*p06	1	0.50	I86
SBB	R64, R64	1	1	1*p06	1	0.50	I86
SBB	M16, I16	9	7	6*p0156+1*p06+2*p23+1*p4	29	18.00	lock I86
SBB	M16, R16	9	7	5*p0156+2*p06+2*p23+1*p4	29	18.00	lock I86
SBB	M32, I32	9	7	5*p0156+1*p06+2*p23+1*p4	29	18.00	lock I86
SBB	M32, R32	9	7	5*p0156+2*p06+2*p23+1*p4	29	18.00	lock I86
SBB	M64, I32	9	7	5*p0156+1*p06+2*p23+1*p4	29	18.00	lock I86
SBB	M64, R64	9	7	5*p0156+2*p06+2*p23+1*p4	29	18.00	lock I86
SBB	M8, I8	9	7	5*p0156+1*p06+2*p23+1*p4	29	18.00	lock I86
SBB	M8, R8l	9	7	5*p0156+2*p06+2*p23+1*p4	29	18.00	lock I86
SBB	R8l, I8	1	1	1*p06	1	0.50	I86
REPE_SCASB		11	22	8*p015+12*p06+1*p1+2*p23+1*p5		43.50	I86
SCASD		3	3	2*p0156+1*p23	1	1.20	I386
REPNE_SCASD		11	22	8*p015+12*p06+1*p1+2*p23+1*p5		43.50	I386
REPE_SCASW		11	22	8*p015+12*p06+1*p1+2*p23+1*p5		43.50	I86
SETB	M8	2	3	1*p06+1*p237+1*p4	5	1.00	I386
SETB	R8l	1	1	1*p06	1	1.00	I386
SETBE	R8h	2	2	2*p06	2	1.00	I386
SETL	M8	2	3	1*p06+1*p237+1*p4	5	1.00	I386
SETL	R8l	1	1	1*p06	1	1.00	I386
SETLE	R8h	1	1	1*p06	1	1.00	I386
SETNB	M8	2	3	1*p06+1*p237+1*p4	5	1.00	I386
SETNB	R8l	1	1	1*p06	1	1.00	I386
SETNBE	R8h	2	2	2*p06	2	1.00	I386
SETNL	M8	2	3	1*p06+1*p237+1*p4	5	1.00	I386
SETNL	R8l	1	1	1*p06	1	1.00	I386
SETNLE	R8h	1	1	1*p06	1	1.00	I386
SETNO	M8	2	3	1*p06+1*p237+1*p4	5	1.00	I386
SETNO	R8l	1	1	1*p06	1	1.00	I386
SETNP	R8h	1	1	1*p06	1	1.00	I386
SETNS	M8	2	3	1*p06+1*p237+1*p4	5	1.00	I386
SETNS	R8l	1	1	1*p06	1	1.00	I386
SETNZ	R8h	1	1	1*p06	1	1.00	I386
SETO	M8	2	3	1*p06+1*p237+1*p4	5	1.00	I386
SETO	R8l	1	1	1*p06	1	1.00	I386
SETP	R8h	1	1	1*p06	1	1.00	I386
SETS	M8	2	3	1*p06+1*p237+1*p4	5	1.00	I386
SETS	R8l	1	1	1*p06	1	1.00	I386
SETZ	R8h	1	1	1*p06	1	1.00	I386
SGDT	M80	9	9	2*p06+3*p1+1*p23+1*p237+2*p4		13.00	I286REAL
SHL	M16, 1	3	4	1*p06+1*p23+1*p237+1*p4		1.00	I86
SHL	M16, I8	3	4	1*p06+1*p23+1*p237+1*p4		1.00	I186
SHL	M32, 1	3	4	1*p06+1*p23+1*p237+1*p4		1.00	I86
SHL	M32, I8	3	4	1*p06+1*p23+1*p237+1*p4		1.00	I186
SHL	M64, 1	3	4	1*p06+1*p23+1*p237+1*p4		1.00	I86
SHL	M64, I8	3	4	1*p06+1*p23+1*p237+1*p4		1.00	I186
SHL	M8, 1	3	4	1*p06+1*p23+1*p237+1*p4		1.00	I86
SHL	M8, I8	3	4	1*p06+1*p23+1*p237+1*p4		1.00	I186
SHL	R16, 1	1	1	1*p06	1	0.50	I86
SHL	R16, I8	1	1	1*p06	1	0.50	I186
SHL	R32, 1	1	1	1*p06	1	0.50	I86
SHL	R32, I8	1	1	1*p06	1	0.50	I186
SHL	R64, 1	1	1	1*p06	1	0.50	I86
SHL	R64, I8	1	1	1*p06	1	0.50	I186
SHL	R8h, 1	1	1	1*p06	1	0.50	I86
SHL	R8h, I8	1	1	1*p06	1	0.50	I186
SHLD	M16, R16, 0	3	5	1*p0156+1*p1+1*p23+1*p237+1*p4	7	1.00	I386
SHLD	M16, R16, I8	3	5	1*p0156+1*p1+1*p23+1*p237+1*p4	7	1.00	I386
SHLD	M32, R32, CL	5	7	1*p0156+2*p06+1*p1+1*p23+1*p237+1*p4	7	3.96	I386
SHLD	M64, R64, 0	3	5	1*p0156+1*p1+1*p23+1*p237+1*p4	6	1.00	I386
SHLD	M64, R64, I8	3	5	1*p0156+1*p1+1*p23+1*p237+1*p4	6	1.00	I386
SHLD	R16, R16, CL	4	4	1*p0156+2*p06+1*p1	5	1.10	I386
SHLD	R32, R32, 0	1	1	1*p1	3	1.00	I386
SHLD	R32, R32, I8	1	1	1*p1	3	1.00	I386
SHLD	R64, R64, CL	4	4	1*p0156+2*p06+1*p1	5	1.10	I386
SHL	R8l, 0	1	1	1*p06	1	0.50	I186
SHL	R8l, I8	1	1	1*p06	1	0.50	I186
SHL	R8l, 1	1	1	1*p06	1	0.50	I86
SHR	M16, 0	3	4	1*p06+1*p23+1*p237+1*p4		1.00	I186
SHR	M16, CL	5	6	3*p06+1*p23+1*p237+1*p4	4	4.00	I86
SHR	M32, 0	3	4	1*p06+1*p23+1*p237+1*p4		1.00	I186
SHR	M32, CL	5	6	3*p06+1*p23+1*p237+1*p4	4	4.00	I86
SHR	M64, 0	3	4	1*p06+1*p23+1*p237+1*p4		1.00	I186
SHR	M64, CL	5	6	3*p06+1*p23+1*p237+1*p4	4	4.00	I86
SHR	M8, 0	3	4	1*p06+1*p23+1*p237+1*p4		1.00	I186
SHR	M8, CL	5	6	3*p06+1*p23+1*p237+1*p4	4	3.98	I86
SHR	R16, 0	1	1	1*p06	1	0.50	I186
SHR	R16, CL	3	3	3*p06	2	1.50	I86
SHR	R32, 0	1	1	1*p06	1	0.50	I186
SHR	R32, CL	3	3	3*p06	2	1.50	I86
SHR	R64, 0	1	1	1*p06	1	0.50	I186
SHR	R64, CL	3	3	3*p06	2	1.50	I86
SHR	R8h, 0	1	1	1*p06	1	0.50	I186
SHR	R8h, CL	3	3	3*p06	2	1.50	I86
SHR	R8l, CL	3	3	3*p06	2	1.50	I86
SHRD	M16, R16, CL	5	7	1*p0156+2*p06+1*p1+1*p23+1*p237+1*p4	7	4.00	I386
SHRD	M32, R32, 0	3	5	1*p0156+1*p1+1*p23+1*p237+1*p4	5	1.00	I386
SHRD	M32, R32, I8	3	5	1*p0156+1*p1+1*p23+1*p237+1*p4	5	1.00	I386
SHRD	M64, R64, CL	5	7	1*p0156+2*p06+1*p1+1*p23+1*p237+1*p4	7	4.00	I386
SHRD	R16, R16, 0	1	1	1*p1	3	1.00	I386
SHRD	R16, R16, I8	1	1	1*p1	3	1.00	I386
SHRD	R32, R32, CL	4	4	1*p0156+2*p06+1*p1	5	1.17	I386
SHRD	R64, R64, 0	1	1	1*p1	3	1.00	I386
SHRD	R64, R64, I8	1	1	1*p1	3	1.00	I386
SHR	R8l, 1	1	1	1*p06	1	0.50	I86
SHR	R8l, 0	1	1	1*p06	1	0.50	I186
SHR	R8l, I8	1	1	1*p06	1	0.50	I186
SLDT	M16	8	6	3*p06+1*p1+1*p23+1*p4		12.00	I286PROTECTED
SLDT	R32	7	4	1*p0156+2*p06+1*p1		11.00	I286PROTECTED
SMSW	M16	6	4	1*p06+1*p23+1*p4+1*p5		9.00	I286REAL
SMSW	R32	5	3	1*p0156+1*p06+1*p5		7.86	I286REAL
STC		1	1	1*p0156		0.25	I86
STI		6	6	1*p0156+4*p06+1*p1		4.00	I86
REP_STOSB		86	79	6*p01+15*p015+3*p05+30*p06+3*p15+10*p23+8*p4+9*p5		32.00	I86
STOSD		3	3	1*p0156+1*p23+1*p4	0	1.02	I386
REP_STOSD		86	79	6*p01+15*p015+3*p05+30*p06+3*p15+10*p23+8*p4+9*p5		32.42	I386
REP_STOSW		86	79	6*p01+15*p015+3*p05+30*p06+3*p15+10*p23+8*p4+9*p5		32.00	I86
STR	M16	8	6	3*p06+1*p1+1*p23+1*p4		12.00	I286PROTECTED
STR	R32	6	4	1*p0156+2*p06+1*p1		11.00	I286PROTECTED
SUB	AL, 0	1	1	1*p0156	1	0.63	I86
SUB	AX, I16	1	1	1*p0156	1	3.25	I86
SUB	M16, 0	2	4	1*p0156+1*p23+1*p237+1*p4		1.00	I86
SUB	M16, I8	2	4	1*p0156+1*p23+1*p237+1*p4		1.00	I86
SUB	M32, 0	2	4	1*p0156+1*p23+1*p237+1*p4		1.00	I86
SUB	M32, I8	2	4	1*p0156+1*p23+1*p237+1*p4		1.00	I86
SUB	M64, 0	2	4	1*p0156+1*p23+1*p237+1*p4		1.00	I86
SUB	M64, I8	2	4	1*p0156+1*p23+1*p237+1*p4		1.00	I86
SUB	M8, 0	2	4	1*p0156+1*p23+1*p237+1*p4		1.00	I86
SUB	M8, R8h	2	4	1*p0156+1*p23+1*p237+1*p4	3	1.00	I86
SUB	R16, 0	1	1	1*p0156	1	0.28	I86
SUB	R16, I8	1	1	1*p0156	1	0.28	I86
SUB	R32, 0	1	1	1*p0156	1	0.25	I86
SUB	R32, I8	1	1	1*p0156	1	0.25	I86
SUB	R64, 0	1	1	1*p0156	1	0.25	I86
SUB	R64, I8	1	1	1*p0156	1	0.25	I86
SUB	R8h, 0	1	1	1*p0156	1	0.38	I86
SUB	R8h, M8	1	2	1*p0156+1*p23	1	0.50	I86
SUB	RAX, I32	1	1	1*p0156	1	0.56	I86
SUB	R8h, R8l	1	1	1*p0156	1	0.40	I86
SUB	R8l, R8l	1	1	1*p0156	1	0.31	I86
SUB	R32, R32	1	1	1*p0156	1	0.31	I86
SUB	R8h, R8h	1	1	1*p0156	1	0.40	I86
SUB	R8l, R8h	1	1	1*p0156	1	0.40	I86
SUB	R16, R16	1	1	1*p0156	1	0.25	I86
SUB	R64, R64	1	1	1*p0156	1	0.31	I86
SUB	M16, I16	8	6	3*p0156+1*p06+2*p23+1*p4		18.00	lock I86
SUB	M16, R16	8	6	3*p0156+1*p06+2*p23+1*p4	29	18.00	lock I86
SUB	M32, I32	8	6	3*p0156+1*p06+2*p23+1*p4		18.00	lock I86
SUB	M32, R32	8	6	3*p0156+1*p06+2*p23+1*p4	28	18.00	lock I86
SUB	M64, I32	8	6	3*p0156+1*p06+2*p23+1*p4		18.00	lock I86
SUB	M64, R64	8	6	3*p0156+1*p06+2*p23+1*p4	28	18.00	lock I86
SUB	M8, I8	8	6	3*p0156+1*p06+2*p23+1*p4		18.00	lock I86
SUB	M8, R8l	8	6	3*p0156+1*p06+2*p23+1*p4	29	18.00	lock I86
SUB	R8l, I8	1	1	1*p0156	1	0.28	I86
SUB	R8l, I8	1	1	1*p0156	1	0.25	I86
TEST	AL, I8	1	1	1*p0156	1	0.25	I86
TEST	EAX, I32	1	1	1*p0156	1	0.31	I86
TEST	M16, R16	1	2	1*p0156+1*p23	1	0.50	I86
TEST	M32, R32	1	2	1*p0156+1*p23	1	0.50	I86
TEST	M64, R64	1	2	1*p0156+1*p23	1	0.50	I86
TEST	M8, I8	1	2	1*p0156+1*p23		0.50	I86
TEST	M8, R8l	1	2	1*p0156+1*p23	1	0.50	I86
TEST	R16, R16	1	1	1*p0156	1	0.25	I86
TEST	R32, R32	1	1	1*p0156	1	0.31	I86
TEST	R64, R64	1	1	1*p0156	1	0.31	I86
TEST	R8h, I8	1	1	1*p0156	1	0.37	I86
TEST	R8h, R8l	1	1	1*p0156	1	0.25	I86
TEST	R8l, R8l	1	1	1*p0156	1	0.31	I86
TEST	R8l, 0	1	1	1*p0156	1	0.25	I86
VERR	R16	15	20	5*p0+9*p06+7*p1+5*p5	63	65.94	I286PROTECTED
VERW	R16	13	18	5*p0+8*p06+7*p1+5*p5	63	66.04	I286PROTECTED
WRMSR		103	100	11*p0+5*p01+9*p05+59*p06+10*p1+1*p4+10*p5		136.04	PENTIUMREAL
XADD	M32, R32	4	5	2*p0156+1*p23+1*p237+1*p4	3	1.00	I486REAL
XADD	M8, R8h	4	5	2*p0156+1*p23+1*p237+1*p4	3	1.25	I486REAL
XADD	R16, R16	3	3	3*p0156	2	1.00	I486REAL
XADD	R64, R64	3	3	3*p0156	2	1.00	I486REAL
XADD	R8h, R8l	3	3	3*p0156	2	1.17	I486REAL
XADD	R8l, R8l	3	3	3*p0156	2	1.00	I486REAL
XADD	M32, R32	9	7	6*p0156+2*p23+1*p4	28	18.00	lock I486REAL
XADD	M8, R8h	9	7	5*p0156+1*p06+2*p23+1*p4	28	18.00	lock I486REAL
XCHG	M16, R16	8	6	3*p0156+1*p06+2*p23+1*p4	29	18.00	I86
XCHG	M64, R64	8	6	3*p0156+1*p06+2*p23+1*p4	28	18.00	I86
XCHG	M8, R8l	8	6	3*p0156+1*p06+2*p23+1*p4	29	18.00	I86
XCHG	R16, R16	3	3	3*p0156	2	1.00	I86
XCHG	R32, R32	3	3	3*p0156	2	1.00	I86
XCHG	R64, RAX	3	3	3*p0156	2	1.00	I86
XCHG	R8h, R8l	3	3	3*p0156	2	1.00	I86
XCHG	R8l, R8l	3	3	3*p0156	2	1.00	I86
XOR	AL, 0	1	1	1*p0156	1	0.62	I86
XOR	AX, I16	1	1	1*p0156	1	3.25	I86
XOR	M16, 0	2	4	1*p0156+1*p23+1*p237+1*p4		1.00	I86
XOR	M16, I8	2	4	1*p0156+1*p23+1*p237+1*p4		1.00	I86
XOR	M32, 0	2	4	1*p0156+1*p23+1*p237+1*p4		1.00	I86
XOR	M32, I8	2	4	1*p0156+1*p23+1*p237+1*p4		1.00	I86
XOR	M64, 0	2	4	1*p0156+1*p23+1*p237+1*p4		1.00	I86
XOR	M64, I8	2	4	1*p0156+1*p23+1*p237+1*p4		1.00	I86
XOR	M8, 0	2	4	1*p0156+1*p23+1*p237+1*p4		1.00	I86
XOR	M8, R8h	2	4	1*p0156+1*p23+1*p237+1*p4	3	1.00	I86
XOR	R16, 0	1	1	1*p0156	1	0.28	I86
XOR	R16, I8	1	1	1*p0156	1	0.28	I86
XOR	R32, 0	1	1	1*p0156	1	0.25	I86
XOR	R32, I8	1	1	1*p0156	1	0.25	I86
XOR	R64, 0	1	1	1*p0156	1	0.25	I86
XOR	R64, I8	1	1	1*p0156	1	0.25	I86
XOR	R8h, 0	1	1	1*p0156	1	0.38	I86
XOR	R8h, M8	1	2	1*p0156+1*p23	1	0.50	I86
XOR	RAX, I32	1	1	1*p0156	1	0.56	I86
XOR	R8h, R8l	1	1	1*p0156	1	0.40	I86
XOR	R8l, R8l	1	1	1*p0156	1	0.31	I86
XOR	R32, R32	1	1	1*p0156	1	0.31	I86
XOR	R8h, R8h	1	1	1*p0156	1	0.40	I86
XOR	R8l, R8h	1	1	1*p0156	1	0.40	I86
XOR	R16, R16	1	1	1*p0156	1	0.25	I86
XOR	R64, R64	1	1	1*p0156	1	0.31	I86
XOR	M16, I16	8	6	4*p0156+1*p06+2*p23+1*p4		18.00	lock I86
XOR	M16, R16	8	6	3*p0156+1*p06+2*p23+1*p4	29	18.00	lock I86
XOR	M32, I32	8	6	3*p0156+1*p06+2*p23+1*p4		18.00	lock I86
XOR	M32, R32	8	6	3*p0156+1*p06+2*p23+1*p4	28	18.00	lock I86
XOR	M64, I32	8	6	3*p0156+1*p06+2*p23+1*p4		18.00	lock I86
XOR	M64, R64	8	6	3*p0156+1*p06+2*p23+1*p4	28	18.00	lock I86
XOR	M8, I8	8	6	3*p0156+1*p06+2*p23+1*p4		18.00	lock I86
XOR	M8, R8l	8	6	3*p0156+1*p06+2*p23+1*p4	29	18.00	lock I86
XOR	R8l, I8	1	1	1*p0156	1	0.28	I86
XOR	R8l, I8	1	1	1*p0156	1	0.25	I86
ANDN	R32, R32, M32	1	2	1*p15+1*p23	1	0.50	BMI1
ANDN	R64, R64, M64	1	2	1*p15+1*p23	1	0.50	BMI1
BEXTR	R32, M32, R32	3	3	1*p06+1*p15+1*p23	2	1.00	BMI1
BEXTR	R64, M64, R64	3	3	1*p06+1*p15+1*p23	2	1.00	BMI1
BLSI	R32, M32	1	2	1*p15+1*p23		0.50	BMI1
BLSI	R64, M64	1	2	1*p15+1*p23		0.50	BMI1
BLSMSK	R32, M32	1	2	1*p15+1*p23		0.50	BMI1
BLSMSK	R64, M64	1	2	1*p15+1*p23		0.50	BMI1
BLSR	R32, M32	1	2	1*p15+1*p23		0.50	BMI1
BLSR	R64, M64	1	2	1*p15+1*p23		0.50	BMI1
TZCNT	R16, M16	1	2	1*p1+1*p23	3	1.00	BMI1
TZCNT	R32, M32	1	2	1*p1+1*p23	0	1.00	BMI1
TZCNT	R64, M64	1	2	1*p1+1*p23	0	1.00	BMI1
BZHI	R32, M32, R32	1	2	1*p15+1*p23	1	0.50	BMI2
BZHI	R64, M64, R64	1	2	1*p15+1*p23	1	0.50	BMI2
MULX	R32, R32, M32	3	4	1*p0156+1*p06+1*p1+1*p23	4	1.00	BMI2
MULX	R64, R64, M64	2	3	1*p1+1*p23+1*p5	4	1.00	BMI2
PDEP	R32, R32, M32	1	2	1*p1+1*p23	3	1.00	BMI2
PDEP	R64, R64, M64	1	2	1*p1+1*p23	3	1.00	BMI2
PEXT	R32, R32, M32	1	2	1*p1+1*p23	3	1.00	BMI2
PEXT	R64, R64, M64	1	2	1*p1+1*p23	3	1.00	BMI2
RORX	R32, M32, I8	2	2	1*p06+1*p23		1.00	BMI2
RORX	R64, M64, I8	2	2	1*p06+1*p23		1.00	BMI2
SARX	R32, M32, R32	2	2	1*p06+1*p23	1	1.00	BMI2
SARX	R64, M64, R64	2	2	1*p06+1*p23	1	1.00	BMI2
SHLX	R32, M32, R32	2	2	1*p06+1*p23	1	1.00	BMI2
SHLX	R64, M64, R64	2	2	1*p06+1*p23	1	1.00	BMI2
SHRX	R32, M32, R32	2	2	1*p06+1*p23	1	1.00	BMI2
SHRX	R64, M64, R64	2	2	1*p06+1*p23	1	1.00	BMI2
CLFLUSHOPT	M512	3	3	1*p1+1*p23+1*p4		3.36	CLFLUSHOPT
CLFLUSH	M512	4	4	1*p06+1*p1+1*p23+1*p4		52.60	CLFSH
VCVTPH2PS	XMM, M64	1	2	1*p01+1*p23		0.53	F16C
VCVTPH2PS	YMM, M128	1	2	1*p01+1*p23		0.53	F16C
VCVTPS2PH	M128, YMM, I8	3	3	1*p01+1*p23+1*p4	8	1.00	F16C
VCVTPS2PH	XMM, XMM, I8	2	2	1*p01+1*p5	5	1.00	F16C
VFMADD132PD	XMM, XMM, M128	1	2	1*p01+1*p23	4	0.54	FMA
VFMADD132PD	YMM, YMM, M256	1	2	1*p01+1*p23	4	0.53	FMA
VFMADD132PS	XMM, XMM, M128	1	2	1*p01+1*p23	4	0.53	FMA
VFMADD132PS	YMM, YMM, M256	1	2	1*p01+1*p23	4	0.53	FMA
VFMADD132SD	XMM, XMM, M64	1	2	1*p01+1*p23	4	0.53	FMA
VFMADD132SS	XMM, XMM, M32	1	2	1*p01+1*p23	4	0.53	FMA
VFMADD213PD	XMM, XMM, M128	1	2	1*p01+1*p23	4	0.53	FMA
VFMADD213PD	YMM, YMM, M256	1	2	1*p01+1*p23	4	0.53	FMA
VFMADD213PS	XMM, XMM, M128	1	2	1*p01+1*p23	4	0.53	FMA
VFMADD213PS	YMM, YMM, M256	1	2	1*p01+1*p23	4	0.53	FMA
VFMADD213SD	XMM, XMM, M64	1	2	1*p01+1*p23	4	0.54	FMA
VFMADD213SS	XMM, XMM, M32	1	2	1*p01+1*p23	4	0.53	FMA
VFMADD231PD	XMM, XMM, M128	1	2	1*p01+1*p23	4	0.53	FMA
VFMADD231PD	YMM, YMM, M256	1	2	1*p01+1*p23	4	0.53	FMA
VFMADD231PS	XMM, XMM, M128	1	2	1*p01+1*p23	4	0.53	FMA
VFMADD231PS	YMM, YMM, M256	1	2	1*p01+1*p23	4	0.53	FMA
VFMADD231SD	XMM, XMM, M64	1	2	1*p01+1*p23	4	0.53	FMA
VFMADD231SS	XMM, XMM, M32	1	2	1*p01+1*p23	4	0.53	FMA
VFMADDSUB132PD	XMM, XMM, M128	1	2	1*p01+1*p23	4	0.54	FMA
VFMADDSUB132PD	YMM, YMM, M256	1	2	1*p01+1*p23	4	0.53	FMA
VFMADDSUB132PS	XMM, XMM, M128	1	2	1*p01+1*p23	4	0.53	FMA
VFMADDSUB132PS	YMM, YMM, M256	1	2	1*p01+1*p23	4	0.53	FMA
VFMADDSUB213PD	XMM, XMM, M128	1	2	1*p01+1*p23	4	0.53	FMA
VFMADDSUB213PD	YMM, YMM, M256	1	2	1*p01+1*p23	4	0.53	FMA
VFMADDSUB213PS	XMM, XMM, M128	1	2	1*p01+1*p23	4	0.53	FMA
VFMADDSUB213PS	YMM, YMM, M256	1	2	1*p01+1*p23	4	0.53	FMA
VFMADDSUB231PD	XMM, XMM, M128	1	2	1*p01+1*p23	4	0.53	FMA
VFMADDSUB231PD	YMM, YMM, M256	1	2	1*p01+1*p23	4	0.53	FMA
VFMADDSUB231PS	XMM, XMM, M128	1	2	1*p01+1*p23	4	0.53	FMA
VFMADDSUB231PS	YMM, YMM, M256	1	2	1*p01+1*p23	4	0.53	FMA
VFMSUB132PD	XMM, XMM, M128	1	2	1*p01+1*p23	4	0.53	FMA
VFMSUB132PD	YMM, YMM, M256	1	2	1*p01+1*p23	4	0.53	FMA
VFMSUB132PS	XMM, XMM, M128	1	2	1*p01+1*p23	4	0.54	FMA
VFMSUB132PS	YMM, YMM, M256	1	2	1*p01+1*p23	4	0.53	FMA
VFMSUB132SD	XMM, XMM, M64	1	2	1*p01+1*p23	4	0.53	FMA
VFMSUB132SS	XMM, XMM, M32	1	2	1*p01+1*p23	4	0.53	FMA
VFMSUB213PD	XMM, XMM, M128	1	2	1*p01+1*p23	4	0.53	FMA
VFMSUB213PD	YMM, YMM, M256	1	2	1*p01+1*p23	4	0.53	FMA
VFMSUB213PS	XMM, XMM, M128	1	2	1*p01+1*p23	4	0.53	FMA
VFMSUB213PS	YMM, YMM, M256	1	2	1*p01+1*p23	4	0.53	FMA
VFMSUB213SD	XMM, XMM, M64	1	2	1*p01+1*p23	4	0.53	FMA
VFMSUB213SS	XMM, XMM, M32	1	2	1*p01+1*p23	4	0.53	FMA
VFMSUB231PD	XMM, XMM, M128	1	2	1*p01+1*p23	4	0.53	FMA
VFMSUB231PD	YMM, YMM, M256	1	2	1*p01+1*p23	4	0.53	FMA
VFMSUB231PS	XMM, XMM, M128	1	2	1*p01+1*p23	4	0.53	FMA
VFMSUB231PS	YMM, YMM, M256	1	2	1*p01+1*p23	4	0.53	FMA
VFMSUB231SD	XMM, XMM, M64	1	2	1*p01+1*p23	4	0.53	FMA
VFMSUB231SS	XMM, XMM, M32	1	2	1*p01+1*p23	4	0.53	FMA
VFMSUBADD132PD	XMM, XMM, M128	1	2	1*p01+1*p23	4	0.53	FMA
VFMSUBADD132PD	YMM, YMM, M256	1	2	1*p01+1*p23	4	0.53	FMA
VFMSUBADD132PS	XMM, XMM, M128	1	2	1*p01+1*p23	4	0.53	FMA
VFMSUBADD132PS	YMM, YMM, M256	1	2	1*p01+1*p23	4	0.53	FMA
VFMSUBADD213PD	XMM, XMM, M128	1	2	1*p01+1*p23	4	0.53	FMA
VFMSUBADD213PD	YMM, YMM, M256	1	2	1*p01+1*p23	4	0.53	FMA
VFMSUBADD213PS	XMM, XMM, M128	1	2	1*p01+1*p23	4	0.53	FMA
VFMSUBADD213PS	YMM, YMM, M256	1	2	1*p01+1*p23	4	0.53	FMA
VFMSUBADD231PD	XMM, XMM, M128	1	2	1*p01+1*p23	4	0.53	FMA
VFMSUBADD231PD	YMM, YMM, M256	1	2	1*p01+1*p23	4	0.53	FMA
VFMSUBADD231PS	XMM, XMM, M128	1	2	1*p01+1*p23	4	0.53	FMA
VFMSUBADD231PS	YMM, YMM, M256	1	2	1*p01+1*p23	4	0.53	FMA
VFNMADD132PD	XMM, XMM, M128	1	2	1*p01+1*p23	4	0.54	FMA
VFNMADD132PD	YMM, YMM, M256	1	2	1*p01+1*p23	4	0.53	FMA
VFNMADD132PS	XMM, XMM, M128	1	2	1*p01+1*p23	4	0.53	FMA
VFNMADD132PS	YMM, YMM, M256	1	2	1*p01+1*p23	4	0.53	FMA
VFNMADD132SD	XMM, XMM, M64	1	2	1*p01+1*p23	4	0.54	FMA
VFNMADD132SS	XMM, XMM, M32	1	2	1*p01+1*p23	4	0.53	FMA
VFNMADD213PD	XMM, XMM, M128	1	2	1*p01+1*p23	4	0.53	FMA
VFNMADD213PD	YMM, YMM, M256	1	2	1*p01+1*p23	4	0.53	FMA
VFNMADD213PS	XMM, XMM, M128	1	2	1*p01+1*p23	4	0.53	FMA
VFNMADD213PS	YMM, YMM, M256	1	2	1*p01+1*p23	4	0.53	FMA
VFNMADD213SD	XMM, XMM, M64	1	2	1*p01+1*p23	4	0.53	FMA
VFNMADD213SS	XMM, XMM, M32	1	2	1*p01+1*p23	4	0.54	FMA
VFNMADD231PD	XMM, XMM, M128	1	2	1*p01+1*p23	4	0.53	FMA
VFNMADD231PD	YMM, YMM, M256	1	2	1*p01+1*p23	4	0.53	FMA
VFNMADD231PS	XMM, XMM, M128	1	2	1*p01+1*p23	4	0.53	FMA
VFNMADD231PS	YMM, YMM, M256	1	2	1*p01+1*p23	4	0.53	FMA
VFNMADD231SD	XMM, XMM, M64	1	2	1*p01+1*p23	4	0.53	FMA
VFNMADD231SS	XMM, XMM, M32	1	2	1*p01+1*p23	4	0.54	FMA
VFNMSUB132PD	XMM, XMM, M128	1	2	1*p01+1*p23	4	0.54	FMA
VFNMSUB132PD	YMM, YMM, M256	1	2	1*p01+1*p23	4	0.53	FMA
VFNMSUB132PS	XMM, XMM, M128	1	2	1*p01+1*p23	4	0.53	FMA
VFNMSUB132PS	YMM, YMM, M256	1	2	1*p01+1*p23	4	0.53	FMA
VFNMSUB132SD	XMM, XMM, M64	1	2	1*p01+1*p23	4	0.53	FMA
VFNMSUB132SS	XMM, XMM, M32	1	2	1*p01+1*p23	4	0.53	FMA
VFNMSUB213PD	XMM, XMM, M128	1	2	1*p01+1*p23	4	0.53	FMA
VFNMSUB213PD	YMM, YMM, M256	1	2	1*p01+1*p23	4	0.53	FMA
VFNMSUB213PS	XMM, XMM, M128	1	2	1*p01+1*p23	4	0.54	FMA
VFNMSUB213PS	YMM, YMM, M256	1	2	1*p01+1*p23	4	0.53	FMA
VFNMSUB213SD	XMM, XMM, M64	1	2	1*p01+1*p23	4	0.54	FMA
VFNMSUB213SS	XMM, XMM, M32	1	2	1*p01+1*p23	4	0.53	FMA
VFNMSUB231PD	XMM, XMM, M128	1	2	1*p01+1*p23	4	0.53	FMA
VFNMSUB231PD	YMM, YMM, M256	1	2	1*p01+1*p23	4	0.53	FMA
VFNMSUB231PS	XMM, XMM, M128	1	2	1*p01+1*p23	4	0.54	FMA
VFNMSUB231PS	YMM, YMM, M256	1	2	1*p01+1*p23	4	0.53	FMA
VFNMSUB231SD	XMM, XMM, M64	1	2	1*p01+1*p23	4	0.53	FMA
VFNMSUB231SS	XMM, XMM, M32	1	2	1*p01+1*p23	4	0.54	FMA
CDQE		1	1	1*p0156	1	1.00	LONGMODE
REPE_CMPSQ		11	25	10*p015+12*p06+1*p1+4*p23+1*p5		43.33	LONGMODE
CMPXCHG16B	M128	23	23	2*p0+4*p015+3*p0156+7*p06+2*p23+1*p4+4*p5	12	15.00	CMPXCHG16B
CQO		1	1	1*p06	1	1.00	LONGMODE
LODSQ		2	2	1*p0156+1*p23		1.00	LONGMODE
REP_LODSQ		9	19	7*p015+11*p06+1*p1+3*p23		43.50	LONGMODE
REP_MOVSQ		81	76	4*p01+16*p015+7*p05+25*p06+3*p1+3*p15+11*p23+5*p4+4*p5		28.00	LONGMODE
MOVSXD	R64, M32	1	1	1*p23		0.50	LONGMODE
POPFQ		10	7	223*p1		21.00	LONGMODE
SCASQ		3	3	2*p0156+1*p23	1	1.20	LONGMODE
REPNE_SCASQ		11	22	8*p015+12*p06+1*p1+2*p23+1*p5		43.50	LONGMODE
REP_STOSQ		86	79	6*p01+15*p015+3*p05+30*p06+3*p15+10*p23+8*p4+9*p5		28.45	LONGMODE
LZCNT	R16, M16	1	2	1*p1+1*p23	3	1.00	LZCNT
LZCNT	R32, M32	1	2	1*p1+1*p23	0	1.00	LZCNT
LZCNT	R64, M64	1	2	1*p1+1*p23	0	1.00	LZCNT
EMMS		10	10	1*p0+8*p05+1*p06		6.00	PENTIUMMMX
MOVD	M32, MM	1	2	1*p237+1*p4	15	1.00	PENTIUMMMX
MOVD	MM, R32	1	1	1*p5	3	1.00	PENTIUMMMX
MOVNTQ	M64, MM	1	2	1*p237+1*p4	370	1.00	PENTIUMMMX
MOVQ	MM, M64	1	1	1*p23		0.50	PENTIUMMMX
MOVQ	R64, MM	1	1	1*p0	3	1.00	PENTIUMMMX
MOVQ	MM, MM	1	1	1*p05	1	0.50	PENTIUMMMX
PACKSSDW	MM, MM	3	2	2*p5	2	2.00	PENTIUMMMX
PACKSSWB	MM, MM	3	2	2*p5	2	2.00	PENTIUMMMX
PACKUSWB	MM, MM	3	2	2*p5	2	2.00	PENTIUMMMX
PADDB	MM, MM	1	1	1*p05	1	0.50	PENTIUMMMX
PADDD	MM, MM	1	1	1*p05	1	0.50	PENTIUMMMX
PADDQ	MM, MM	1	1	1*p05	1	0.50	SSE2MMX
PADDSB	MM, MM	1	1	1*p0	1	1.00	PENTIUMMMX
PADDSW	MM, MM	1	1	1*p0	1	1.00	PENTIUMMMX
PADDUSB	MM, MM	1	1	1*p0	1	1.00	PENTIUMMMX
PADDUSW	MM, MM	1	1	1*p0	1	1.00	PENTIUMMMX
PADDW	MM, MM	1	1	1*p05	1	0.50	PENTIUMMMX
PAND	MM, MM	1	1	1*p05	1	0.50	PENTIUMMMX
PANDN	MM, MM	1	1	1*p05	1	0.50	PENTIUMMMX
PAVGB	MM, MM	1	1	1*p0	1	1.00	PENTIUMMMX
PAVGW	MM, MM	1	1	1*p0	1	1.00	PENTIUMMMX
PCMPEQB	MM, MM	1	1	1*p0	1	1.00	PENTIUMMMX
PCMPEQD	MM, MM	1	1	1*p0	1	1.00	PENTIUMMMX
PCMPEQW	MM, MM	1	1	1*p0	1	1.00	PENTIUMMMX
PCMPGTB	MM, MM	1	1	1*p0	1	1.00	PENTIUMMMX
PCMPGTD	MM, MM	1	1	1*p0	1	1.00	PENTIUMMMX
PCMPGTW	MM, MM	1	1	1*p0	1	1.00	PENTIUMMMX
PINSRW	MM, M16, I8	2	2	1*p23+1*p5	1	1.00	PENTIUMMMX
PMADDWD	MM, M64	1	2	1*p0+1*p23	5	1.00	PENTIUMMMX
PMAXSW	MM, M64	1	2	1*p0+1*p23	1	1.00	PENTIUMMMX
PMAXUB	MM, M64	1	2	1*p0+1*p23	1	1.00	PENTIUMMMX
PMINSW	MM, M64	1	2	1*p0+1*p23	1	1.00	PENTIUMMMX
PMINUB	MM, M64	1	2	1*p0+1*p23	1	1.00	PENTIUMMMX
PMULHW	MM, M64	1	2	1*p0+1*p23	5	1.00	PENTIUMMMX
PMULLW	MM, M64	1	2	1*p0+1*p23	5	1.00	PENTIUMMMX
POR	MM, M64	1	2	1*p05+1*p23	1	0.50	PENTIUMMMX
PSADBW	MM, M64	1	2	1*p23+1*p5	3	1.00	PENTIUMMMX
PSHUFW	MM, M64, I8	2	2	1*p23+1*p5		1.00	PENTIUMMMX
PSLLD	MM, I8	1	1	1*p0	1	1.00	PENTIUMMMX
PSLLD	MM, MM	1	1	1*p0	1	1.00	PENTIUMMMX
PSLLQ	MM, M64	1	2	1*p0+1*p23	1	1.00	PENTIUMMMX
PSLLW	MM, I8	1	1	1*p0	1	1.00	PENTIUMMMX
PSLLW	MM, MM	1	1	1*p0	1	1.00	PENTIUMMMX
PSRAD	MM, M64	1	2	1*p0+1*p23	1	1.00	PENTIUMMMX
PSRAW	MM, I8	1	1	1*p0	1	1.00	PENTIUMMMX
PSRAW	MM, MM	1	1	1*p0	1	1.00	PENTIUMMMX
PSRLD	MM, M64	1	2	1*p0+1*p23	1	1.00	PENTIUMMMX
PSRLQ	MM, I8	1	1	1*p0	1	1.00	PENTIUMMMX
PSRLQ	MM, MM	1	1	1*p0	1	1.00	PENTIUMMMX
PSRLW	MM, M64	1	2	1*p0+1*p23	1	1.00	PENTIUMMMX
PSUBB	MM, M64	1	2	1*p05+1*p23	1	0.50	PENTIUMMMX
PSUBD	MM, M64	1	2	1*p05+1*p23	1	0.50	PENTIUMMMX
PSUBSB	MM, M64	1	2	1*p0+1*p23	1	1.00	PENTIUMMMX
PSUBSW	MM, M64	1	2	1*p0+1*p23	1	1.00	PENTIUMMMX
PSUBUSB	MM, M64	1	2	1*p0+1*p23	1	1.00	PENTIUMMMX
PSUBUSW	MM, M64	1	2	1*p0+1*p23	1	1.00	PENTIUMMMX
PSUBW	MM, M64	1	2	1*p05+1*p23	1	0.50	PENTIUMMMX
PUNPCKHBW	MM, M64	1	2	1*p23+1*p5	1	1.00	PENTIUMMMX
PUNPCKHDQ	MM, M64	1	2	1*p23+1*p5	1	1.00	PENTIUMMMX
PUNPCKHWD	MM, M64	1	2	1*p23+1*p5	1	1.00	PENTIUMMMX
PUNPCKLBW	MM, M32	1	2	1*p23+1*p5	1	1.00	PENTIUMMMX
PUNPCKLDQ	MM, M32	1	2	1*p23+1*p5	1	1.00	PENTIUMMMX
PUNPCKLWD	MM, M32	1	2	1*p23+1*p5	1	1.00	PENTIUMMMX
PXOR	MM, M64	1	2	1*p05+1*p23	1	0.50	PENTIUMMMX
MOVBE	M16, R16	2	3	1*p06+1*p237+1*p4	4	1.00	MOVBE
MOVBE	M64, R64	3	4	1*p06+1*p15+1*p237+1*p4	4	1.00	MOVBE
MOVBE	R32, M32	2	2	1*p15+1*p23		1.00	MOVBE
BNDCL	BND, R64	1	0			0.31	MPX
BNDCL	BND	1	0			0.56	MPX
BNDCL	BND	1	0			0.37	MPX
BNDCL	BND	1	0			0.62	MPX
BNDCN	BND, R64	1	0			0.31	MPX
BNDCN	BND	1	0			0.56	MPX
BNDCN	BND	1	0			0.37	MPX
BNDCN	BND	1	0			0.62	MPX
BNDCU	BND, R64	1	0			0.31	MPX
BNDCU	BND	1	0			0.56	MPX
BNDCU	BND	1	0			0.37	MPX
BNDCU	BND	1	0			0.62	MPX
BNDLDX	BND, M192	1	0			0.25	MPX
BNDMK	BND	1	0			0.56	MPX
BNDMK	BND	1	0			0.37	MPX
BNDMK	BND	1	0			0.62	MPX
BNDMOV	BND, M128	1	0			0.31	MPX
BNDSTX	M192, BND	1	0			0.25	MPX
PAUSE		8	2	1*p015+1*p5		157.00	PAUSE
PCLMULQDQ	XMM, M128, I8	2	2	1*p23+1*p5	7	1.00	PCLMULQDQ
RDPKRU		5	3	1*p0156+1*p06+1*p1		6.00	PKU
RDRAND	R16	14	12	1*p015+3*p0156+5*p06+2*p1+1*p23	893	906.23	RDRAND
RDRAND	R64	14	12	1*p015+3*p0156+5*p06+2*p1+1*p23		905.75	RDRAND
RDSEED	R16	14	12	1*p015+3*p0156+5*p06+2*p1+1*p23	925	877.80	RDSEED
RDSEED	R64	14	12	1*p015+3*p0156+5*p06+2*p1+1*p23		878.20	RDSEED
RDTSCP		18	16	2*p0+1*p0156+1*p05+4*p06+5*p1+1*p15+2*p5		32.00	RDTSCP
RDFSBASE	R32	6	5	2*p0156+1*p06+1*p1+1*p5		6.00	RDWRFSGS
RDGSBASE	R32	6	5	2*p0156+1*p06+1*p1+1*p5		6.00	RDWRFSGS
SHA1MSG1	XMM, M128	3	3	1*p015+1*p23+1*p5	2	1.00	SHA
SHA1MSG2	XMM, M128	7	7	2*p01+2*p015+1*p23+2*p5	5	5.00	SHA
SHA1NEXTE	XMM, M128	4	4	1*p01+1*p015+1*p23+1*p5	3	1.00	SHA
SHA1RNDS4	XMM, M128, I8	2	2	1*p23+1*p5	7	3.00	SHA
SHA256MSG1	XMM, M128	7	7	3*p01+2*p015+1*p23+1*p5	5	6.00	SHA
SHA256MSG2	XMM, M128	13	13	6*p01+4*p015+1*p23+2*p5	6	8.00	SHA
SHA256RNDS2	XMM, M128	3	3	1*p015+1*p23+1*p5	8	3.00	SHA
ADDPS	XMM, M128	1	2	1*p01+1*p23	4	0.53	SSE
ADDSS	XMM, M32	1	2	1*p01+1*p23	4	0.53	SSE
ANDNPS	XMM, M128	1	2	1*p015+1*p23	1	0.50	SSE
ANDPS	XMM, M128	1	2	1*p015+1*p23	1	0.50	SSE
CMPPS	XMM, M128, I8	2	2	1*p01+1*p23	4	1.00	SSE
CMPSS	XMM, M32, I8	2	2	1*p01+1*p23	4	1.00	SSE
COMISS	XMM, M32	2	2	1*p0+1*p23	3	1.00	SSE
CVTPI2PS	XMM, M64	1	2	1*p01+1*p23	4	0.53	SSE
CVTPS2PI	MM, M64	2	2	1*p0+1*p23		1.00	SSE
CVTSI2SS	XMM, M32	1	2	1*p01+1*p23	4	0.54	SSE
CVTSI2SS	XMM, R32	2	2	1*p01+1*p5	7	1.00	SSE
CVTSS2SI	R32, M32	3	3	1*p0+1*p01+1*p23		1.00	SSE
CVTSS2SI	R64, M32	3	3	1*p0+1*p01+1*p23		1.00	SSE
CVTTPS2PI	MM, M64	2	2	1*p0+1*p23		1.00	SSE
CVTTSS2SI	R32, M32	3	3	1*p0+1*p01+1*p23		1.00	SSE
CVTTSS2SI	R64, M32	3	3	1*p0+1*p01+1*p23		1.00	SSE
DIVPS	XMM, M128	1	2	1*p0+1*p23		3.04	SSE
DIVSS	XMM, M32	1	2	1*p0+1*p23		3.04	SSE
FXSAVE	M4096	113	133	10*p0+1*p01+2*p05+16*p06+13*p1+2*p15+37*p23+3*p237+38*p4+11*p5		63.00	FXSAVE
LDMXCSR	M32	4	4	1*p0+1*p015+1*p06+1*p23		3.00	SSEMXCSR
MAXPS	XMM, XMM	1	1	1*p01	4	0.50	SSE
MAXSS	XMM, XMM	1	1	1*p01	4	0.50	SSE
MINPS	XMM, XMM	1	1	1*p01	4	0.50	SSE
MINSS	XMM, XMM	1	1	1*p01	4	0.50	SSE
MOVAPS	XMM, M128	1	1	1*p23		0.50	SSE
MOVAPS	XMM, XMM	1	0		0	0.25	SSE
MOVHPS	M64, XMM	1	2	1*p237+1*p4	4	1.00	SSE
MOVLHPS	XMM, XMM	1	1	1*p5	1	1.00	SSE
MOVLPS	XMM, M64	1	2	1*p23+1*p5	1	1.00	SSE
MOVNTPS	M128, XMM	1	2	1*p237+1*p4	367	1.02	SSE
MOVSS	XMM, M32	1	1	1*p23		0.50	SSE
MOVSS	XMM, XMM	1	1	1*p015	1	0.33	SSE
MOVUPS	XMM, M128	1	1	1*p23		0.50	SSE
MOVUPS	XMM, XMM	1	0		0	0.25	SSE
MULPS	XMM, XMM	1	1	1*p01	4	0.50	SSE
MULSS	XMM, XMM	1	1	1*p01	4	0.50	SSE
ORPS	XMM, XMM	1	1	1*p015	1	0.33	SSE
PMULHUW	MM, M64	1	2	1*p0+1*p23	5	1.00	PENTIUMMMX
PREFETCHNTA	M512	1	1	1*p23		1.00	SSE_PREFETCH
PREFETCHT1	M512	1	1	1*p23		0.98	SSE_PREFETCH
RCPPS	XMM, M128	1	2	1*p0+1*p23		1.00	SSE
RCPSS	XMM, M32	1	2	1*p0+1*p23	4	1.00	SSE
RSQRTPS	XMM, M128	1	2	1*p0+1*p23		1.00	SSE
RSQRTSS	XMM, M32	1	2	1*p0+1*p23		1.00	SSE
SFENCE		2	2	1*p23+1*p4		6.00	SSE
SHUFPS	XMM, XMM, I8	1	1	1*p5	1	1.00	SSE
SQRTPS	XMM, XMM	1	1	1*p0		3.00	SSE
SQRTSS	XMM, XMM	1	1	1*p0		3.00	SSE
SUBPS	XMM, M128	1	2	1*p01+1*p23	4	0.53	SSE
SUBSS	XMM, M32	1	2	1*p01+1*p23	4	0.54	SSE
UCOMISS	XMM, M32	2	2	1*p0+1*p23	3	1.00	SSE
UNPCKHPS	XMM, M128	1	2	1*p23+1*p5	1	1.00	SSE
UNPCKLPS	XMM, M128	1	2	1*p23+1*p5	1	1.00	SSE
XORPS	XMM, M128	1	2	1*p015+1*p23	1	0.50	SSE
ADDPD	XMM, M128	1	2	1*p01+1*p23	4	0.53	SSE2
ADDSD	XMM, M64	1	2	1*p01+1*p23	4	0.52	SSE2
ANDNPD	XMM, M128	1	2	1*p015+1*p23	1	0.50	SSE2
ANDPD	XMM, M128	1	2	1*p015+1*p23	1	0.50	SSE2
CMPPD	XMM, M128, I8	2	2	1*p01+1*p23	4	1.00	SSE2
CMPSD	XMM, M64, I8	2	2	1*p01+1*p23	4	1.00	SSE2
COMISD	XMM, M64	2	2	1*p0+1*p23	3	1.00	SSE2
CVTDQ2PD	XMM, M64	1	2	1*p01+1*p23		0.52	SSE2
CVTDQ2PS	XMM, M128	1	2	1*p01+1*p23		0.52	SSE2
CVTPD2DQ	XMM, M128	3	3	1*p01+1*p23+1*p5		1.00	SSE2
CVTPD2PI	MM, M128	2	3	1*p01+1*p23+1*p5		1.00	SSE2
CVTPD2PS	XMM, M128	2	3	1*p01+1*p23+1*p5		1.00	SSE2
CVTPI2PD	XMM, M64	1	2	1*p01+1*p23		0.53	SSE2
CVTPS2DQ	XMM, M128	2	2	1*p01+1*p23		1.00	SSE2
CVTPS2PD	XMM, M64	1	2	1*p01+1*p23		0.53	SSE2
CVTSD2SI	R32, M64	3	3	1*p0+1*p01+1*p23		1.00	SSE2
CVTSD2SI	R64, M64	3	3	1*p0+1*p01+1*p23		1.00	SSE2
CVTSD2SS	XMM, M64	2	3	1*p01+1*p23+1*p5	1	1.00	SSE2
CVTSI2SD	XMM, M32	1	2	1*p01+1*p23	4	0.54	SSE2
CVTSI2SD	XMM, R32	2	2	1*p01+1*p5	7	1.00	SSE2
CVTSS2SD	XMM, M32	1	2	1*p01+1*p23	4	0.53	SSE2
CVTTPD2DQ	XMM, M128	3	3	1*p01+1*p23+1*p5		1.00	SSE2
CVTTPD2PI	MM, M128	2	3	1*p01+1*p23+1*p5		1.00	SSE2
CVTTPS2DQ	XMM, M128	2	2	1*p01+1*p23		1.00	SSE2
CVTTSD2SI	R32, M64	3	3	1*p0+1*p01+1*p23		1.00	SSE2
CVTTSD2SI	R64, M64	3	3	1*p0+1*p01+1*p23		1.00	SSE2
DIVPD	XMM, M128	1	2	1*p0+1*p23		4.04	SSE2
DIVSD	XMM, M64	1	2	1*p0+1*p23		4.04	SSE2
LFENCE		2	0			5.00	SSE2
MAXPD	XMM, M128	1	2	1*p01+1*p23	4	0.53	SSE2
MAXSD	XMM, M64	1	2	1*p01+1*p23	4	0.52	SSE2
MFENCE		3	2	1*p23+1*p4		34.33	SSE2
MINPD	XMM, XMM	1	1	1*p01	4	0.50	SSE2
MINSD	XMM, XMM	1	1	1*p01	4	0.50	SSE2
MOVAPD	XMM, M128	1	1	1*p23		0.50	SSE2
MOVAPD	XMM, XMM	1	0		0	0.27	SSE2
MOVD	R32, XMM	1	1	1*p0	3	1.00	SSE2
MOVD	XMM, R32	1	1	1*p5	3	1.00	SSE2
MOVDQA	M128, XMM	1	2	1*p237+1*p4	4	1.00	SSE2
MOVDQA	XMM, XMM	1	0		0	0.27	SSE2
MOVDQU	M128, XMM	1	2	1*p237+1*p4	4	1.00	SSE2
MOVDQU	XMM, XMM	1	0		0	0.25	SSE2
MOVHPD	M64, XMM	1	2	1*p237+1*p4	4	1.00	SSE2
MOVLPD	M64, XMM	1	2	1*p237+1*p4	4	1.00	SSE2
MOVMSKPD	R32, XMM	1	1	1*p0	3	1.00	SSE2
MOVNTI	M32, R32	2	2	1*p23+1*p4	369	1.00	SSE2
MOVNTPD	M128, XMM	1	2	1*p237+1*p4	371	1.02	SSE2
MOVQ	R64, XMM	1	1	1*p0	3	1.00	SSE2
MOVQ	XMM, R64	1	1	1*p5	3	1.00	SSE2
MOVQ	XMM, XMM	1	1	1*p015	1	0.33	SSE2
MOVSD	M64, XMM	1	2	1*p237+1*p4	4	1.00	SSE2
MOVSD	XMM, XMM	1	1	1*p015	1	0.33	SSE2
MOVUPD	M128, XMM	1	2	1*p237+1*p4	4	1.00	SSE2
MOVUPD	XMM, XMM	1	0		0	0.27	SSE2
MULPD	XMM, M128	1	2	1*p01+1*p23	4	0.54	SSE2
MULSD	XMM, M64	1	2	1*p01+1*p23	4	0.53	SSE2
ORPD	XMM, M128	1	2	1*p015+1*p23	1	0.50	SSE2
PACKSSDW	XMM, M128	1	2	1*p23+1*p5	1	1.00	SSE2
PACKSSWB	XMM, M128	1	2	1*p23+1*p5	1	1.00	SSE2
PACKUSWB	XMM, M128	1	2	1*p23+1*p5	1	1.00	SSE2
PADDB	XMM, M128	1	2	1*p015+1*p23	1	0.50	SSE2
PADDD	XMM, M128	1	2	1*p015+1*p23	1	0.50	SSE2
PADDQ	XMM, M128	1	2	1*p015+1*p23	1	0.50	SSE2
PADDSB	XMM, M128	1	2	1*p01+1*p23	1	0.50	SSE2
PADDSW	XMM, M128	1	2	1*p01+1*p23	1	0.50	SSE2
PADDUSB	XMM, M128	1	2	1*p01+1*p23	1	0.50	SSE2
PADDUSW	XMM, M128	1	2	1*p01+1*p23	1	0.50	SSE2
PADDW	XMM, M128	1	2	1*p015+1*p23	1	0.50	SSE2
PAND	XMM, M128	1	2	1*p015+1*p23	1	0.50	SSE2
PANDN	XMM, M128	1	2	1*p015+1*p23	1	0.50	SSE2
PAVGB	XMM, M128	1	2	1*p01+1*p23	1	0.50	SSE2
PAVGW	XMM, M128	1	2	1*p01+1*p23	1	0.50	SSE2
PCMPEQB	XMM, M128	1	2	1*p01+1*p23	1	0.50	SSE2
PCMPEQD	XMM, M128	1	2	1*p01+1*p23	1	0.50	SSE2
PCMPEQW	XMM, M128	1	2	1*p01+1*p23	1	0.50	SSE2
PCMPGTB	XMM, M128	1	2	1*p01+1*p23	1	0.50	SSE2
PCMPGTD	XMM, M128	1	2	1*p01+1*p23	1	0.50	SSE2
PCMPGTW	XMM, M128	1	2	1*p01+1*p23	1	0.50	SSE2
PEXTRW	R32, XMM, I8	2	2	1*p0+1*p5	4	1.00	SSE2
PINSRW	XMM, R32, I8	2	2	2*p5	4	2.00	SSE2
PMADDWD	XMM, XMM	1	1	1*p01	5	0.50	SSE2
PMAXSW	XMM, XMM	1	1	1*p01	1	0.50	SSE2
PMAXUB	XMM, XMM	1	1	1*p01	1	0.50	SSE2
PMINSW	XMM, XMM	1	1	1*p01	1	0.50	SSE2
PMINUB	XMM, XMM	1	1	1*p01	1	0.50	SSE2
PMULHUW	XMM, M128	1	2	1*p01+1*p23	5	0.54	SSE2
PMULHW	XMM, M128	1	2	1*p01+1*p23	5	0.53	SSE2
PMULLW	XMM, M128	1	2	1*p01+1*p23	5	0.54	SSE2
PMULUDQ	MM, M64	1	2	1*p0+1*p23	5	1.00	SSE2MMX
PMULUDQ	XMM, M128	1	2	1*p01+1*p23	5	0.54	SSE2
POR	XMM, M128	1	2	1*p015+1*p23	1	0.50	SSE2
PSADBW	XMM, M128	1	2	1*p23+1*p5	3	1.00	SSE2
PSHUFD	XMM, M128, I8	2	2	1*p23+1*p5		1.00	SSE2
PSHUFHW	XMM, M128, I8	2	2	1*p23+1*p5		1.00	SSE2
PSHUFLW	XMM, M128, I8	2	2	1*p23+1*p5		1.00	SSE2
PSLLD	XMM, I8	1	1	1*p01	1	0.50	SSE2
PSLLD	XMM, XMM	2	2	1*p01+1*p5	2	1.00	SSE2
PSLLQ	XMM, I8	1	1	1*p01	1	0.50	SSE2
PSLLQ	XMM, XMM	2	2	1*p01+1*p5	2	1.00	SSE2
PSLLW	XMM, M128	2	2	1*p01+1*p23	1	1.00	SSE2
PSRAD	XMM, I8	1	1	1*p01	1	0.50	SSE2
PSRAD	XMM, XMM	2	2	1*p01+1*p5	2	1.00	SSE2
PSRAW	XMM, M128	2	2	1*p01+1*p23	1	1.00	SSE2
PSRLD	XMM, I8	1	1	1*p01	1	0.50	SSE2
PSRLD	XMM, XMM	2	2	1*p01+1*p5	2	1.00	SSE2
PSRLQ	XMM, I8	1	1	1*p01	1	0.50	SSE2
PSRLQ	XMM, XMM	2	2	1*p01+1*p5	2	1.00	SSE2
PSRLW	XMM, M128	2	2	1*p01+1*p23	1	1.00	SSE2
PSUBB	XMM, M128	1	2	1*p015+1*p23	1	0.50	SSE2
PSUBD	XMM, M128	1	2	1*p015+1*p23	1	0.50	SSE2
PSUBQ	MM, M64	1	2	1*p05+1*p23	1	0.50	SSE2MMX
PSUBQ	XMM, M128	1	2	1*p015+1*p23	1	0.50	SSE2
PSUBSB	XMM, M128	1	2	1*p01+1*p23	1	0.50	SSE2
PSUBSW	XMM, M128	1	2	1*p01+1*p23	1	0.50	SSE2
PSUBUSB	XMM, M128	1	2	1*p01+1*p23	1	0.50	SSE2
PSUBUSW	XMM, M128	1	2	1*p01+1*p23	1	0.50	SSE2
PSUBW	XMM, M128	1	2	1*p015+1*p23	1	0.50	SSE2
PUNPCKHBW	XMM, M128	1	2	1*p23+1*p5	1	1.00	SSE2
PUNPCKHDQ	XMM, M128	1	2	1*p23+1*p5	1	1.00	SSE2
PUNPCKHQDQ	XMM, M128	1	2	1*p23+1*p5	1	1.00	SSE2
PUNPCKHWD	XMM, M128	1	2	1*p23+1*p5	1	1.00	SSE2
PUNPCKLBW	XMM, M128	1	2	1*p23+1*p5	1	1.00	SSE2
PUNPCKLDQ	XMM, M128	1	2	1*p23+1*p5	1	1.00	SSE2
PUNPCKLQDQ	XMM, M128	1	2	1*p23+1*p5	1	1.00	SSE2
PUNPCKLWD	XMM, M128	1	2	1*p23+1*p5	1	1.00	SSE2
PXOR	XMM, M128	1	2	1*p015+1*p23	1	0.50	SSE2
SHUFPD	XMM, M128, I8	2	2	1*p23+1*p5	1	1.00	SSE2
SQRTPD	XMM, M128	1	2	1*p0+1*p23		4.50	SSE2
SQRTSD	XMM, M64	1	2	1*p0+1*p23		4.50	SSE2
SUBPD	XMM, M128	1	2	1*p01+1*p23	4	0.53	SSE2
SUBSD	XMM, M64	1	2	1*p01+1*p23	4	0.53	SSE2
UCOMISD	XMM, M64	2	2	1*p0+1*p23	3	1.00	SSE2
UNPCKHPD	XMM, M128	1	2	1*p23+1*p5	1	1.00	SSE2
UNPCKLPD	XMM, M128	1	2	1*p23+1*p5	1	1.00	SSE2
XORPD	XMM, M128	1	2	1*p015+1*p23	1	0.50	SSE2
ADDSUBPD	XMM, M128	1	2	1*p01+1*p23	4	0.53	SSE3
ADDSUBPS	XMM, M128	1	2	1*p01+1*p23	4	0.53	SSE3
HADDPD	XMM, XMM	3	3	1*p01+2*p5	6	2.00	SSE3
HADDPS	XMM, XMM	3	3	1*p01+2*p5	6	2.00	SSE3
HSUBPD	XMM, XMM	3	3	1*p01+2*p5	6	2.00	SSE3
HSUBPS	XMM, XMM	3	3	1*p01+2*p5	6	2.00	SSE3
MOVDDUP	XMM, M64	1	1	1*p23		0.50	SSE3
MOVSHDUP	XMM, M128	1	1	1*p23		0.50	SSE3
MOVSLDUP	XMM, M128	1	1	1*p23		0.50	SSE3
BLENDPD	XMM, M128, I8	2	2	1*p015+1*p23	1	1.00	SSE4
BLENDPS	XMM, M128, I8	2	2	1*p015+1*p23	1	1.00	SSE4
BLENDVPD	XMM, M128	2	2	1*p015+1*p23	1	1.00	SSE4
BLENDVPS	XMM, M128	2	2	1*p015+1*p23	1	1.00	SSE4
CRC32	R32, M16	1	2	1*p1+1*p23	3	1.00	SSE42
CRC32	R32, M8	1	2	1*p1+1*p23	3	1.00	SSE42
CRC32	R32, R32	1	1	1*p1	3	1.00	SSE42
CRC32	R32, R8l	1	1	1*p1	3	1.00	SSE42
CRC32	R64, M8	1	2	1*p1+1*p23	3	1.00	SSE42
CRC32	R64, R8l	1	1	1*p1	3	1.00	SSE42
DPPD	XMM, XMM, I8	3	3	2*p01+1*p5	9	1.00	SSE4
DPPS	XMM, XMM, I8	4	4	3*p01+1*p5	13	1.50	SSE4
EXTRACTPS	R32, XMM, I8	2	2	1*p0+1*p5	4	1.00	SSE4
INSERTPS	XMM, XMM, I8	1	1	1*p5	1	1.00	SSE4
MPSADBW	XMM, M128, I8	3	3	1*p23+2*p5	3	2.00	SSE4
PACKUSDW	XMM, M128	1	2	1*p23+1*p5	1	1.00	SSE4
PBLENDVB	XMM, M128	2	2	1*p015+1*p23	1	1.00	SSE4
PBLENDW	XMM, M128, I8	2	2	1*p23+1*p5	1	1.00	SSE4
PCMPEQQ	XMM, M128	1	2	1*p01+1*p23	1	0.50	SSE4
PCMPESTRI	XMM, M128, I8	8	8	3*p0+1*p015+1*p06+1*p1+1*p23+1*p5	16	4.00	SSE42
PCMPESTRI64	XMM, M128, I8	8	8	3*p0+1*p015+1*p06+1*p1+1*p23+1*p5	16	4.00	SSE42
PCMPESTRM	XMM, M128, I8	9	9	3*p0+2*p015+1*p06+1*p1+1*p23+1*p5	16	5.00	SSE42
PCMPESTRM64	XMM, M128, I8	9	9	3*p0+2*p015+1*p06+1*p1+1*p23+1*p5	16	5.00	SSE42
PCMPGTQ	XMM, M128	1	2	1*p23+1*p5	3	1.00	SSE42
PCMPISTRI	XMM, M128, I8	4	4	3*p0+1*p23	11	3.00	SSE42
PCMPISTRM	XMM, M128, I8	4	4	3*p0+1*p23	11	3.00	SSE42
PEXTRB	M8, XMM, I8	2	3	1*p237+1*p4+1*p5	15	1.00	SSE4
PEXTRD	M32, XMM, I8	2	3	1*p237+1*p4+1*p5	5	1.00	SSE4
PEXTRQ	M64, XMM, I8	2	3	1*p237+1*p4+1*p5	5	1.00	SSE4
PEXTRW_SSE4	M16, XMM, I8	2	3	1*p237+1*p4+1*p5	15	1.00	SSE4
PHMINPOSUW	XMM, XMM	1	1	1*p0	4	1.00	SSE4
PINSRB	XMM, R32, I8	2	2	2*p5	4	2.00	SSE4
PINSRD	XMM, R32, I8	2	2	2*p5	4	2.00	SSE4
PINSRQ	XMM, R64, I8	2	2	2*p5	4	2.00	SSE4
PMAXSB	XMM, XMM	1	1	1*p01	1	0.50	SSE4
PMAXSD	XMM, XMM	1	1	1*p01	1	0.50	SSE4
PMAXUD	XMM, XMM	1	1	1*p01	1	0.50	SSE4
PMAXUW	XMM, XMM	1	1	1*p01	1	0.50	SSE4
PMINSB	XMM, XMM	1	1	1*p01	1	0.50	SSE4
PMINSD	XMM, XMM	1	1	1*p01	1	0.50	SSE4
PMINUD	XMM, XMM	1	1	1*p01	1	0.50	SSE4
PMINUW	XMM, XMM	1	1	1*p01	1	0.50	SSE4
PMOVSXBD	XMM, XMM	1	1	1*p5	1	1.00	SSE4
PMOVSXBQ	XMM, XMM	1	1	1*p5	1	1.00	SSE4
PMOVSXBW	XMM, XMM	1	1	1*p5	1	1.00	SSE4
PMOVSXDQ	XMM, XMM	1	1	1*p5	1	1.00	SSE4
PMOVSXWD	XMM, XMM	1	1	1*p5	1	1.00	SSE4
PMOVSXWQ	XMM, XMM	1	1	1*p5	1	1.00	SSE4
PMOVZXBD	XMM, XMM	1	1	1*p5	1	1.00	SSE4
PMOVZXBQ	XMM, XMM	1	1	1*p5	1	1.00	SSE4
PMOVZXBW	XMM, XMM	1	1	1*p5	1	1.00	SSE4
PMOVZXDQ	XMM, XMM	1	1	1*p5	1	1.00	SSE4
PMOVZXWD	XMM, XMM	1	1	1*p5	1	1.00	SSE4
PMOVZXWQ	XMM, XMM	1	1	1*p5	1	1.00	SSE4
PMULDQ	XMM, XMM	1	1	1*p01	5	0.50	SSE4
PMULLD	XMM, XMM	2	2	2*p01	10	1.25	SSE4
POPCNT	R16, R16	1	1	1*p1	3	1.00	POPCNT
POPCNT	R32, R32	1	1	1*p1	3	1.00	POPCNT
POPCNT	R64, R64	1	1	1*p1	3	1.00	POPCNT
PTEST	XMM, XMM	2	2	1*p0+1*p5	4	1.00	SSE4
ROUNDPD	XMM, XMM, I8	2	2	2*p01	8	1.05	SSE4
ROUNDPS	XMM, XMM, I8	2	2	2*p01	8	1.05	SSE4
ROUNDSD	XMM, XMM, I8	2	2	2*p01	8	1.06	SSE4
ROUNDSS	XMM, XMM, I8	2	2	2*p01	8	1.06	SSE4
PABSB	MM, M64	1	2	1*p0+1*p23		1.00	SSSE3MMX
PABSB	XMM, M128	1	2	1*p01+1*p23		0.50	SSSE3
PABSD	MM, M64	1	2	1*p0+1*p23		1.00	SSSE3MMX
PABSD	XMM, M128	1	2	1*p01+1*p23		0.50	SSSE3
PABSW	MM, M64	1	2	1*p0+1*p23		1.00	SSSE3MMX
PABSW	XMM, M128	1	2	1*p01+1*p23		0.50	SSSE3
PALIGNR	MM, M64, I8	2	2	1*p23+1*p5	1	1.00	SSSE3MMX
PALIGNR	XMM, M128, I8	2	2	1*p23+1*p5	1	1.00	SSSE3
PHADDD	MM, M64	4	4	1*p05+1*p23+2*p5	3	2.00	SSSE3MMX
PHADDD	XMM, M128	4	4	1*p015+1*p23+2*p5	3	2.00	SSSE3
PHADDSW	MM, M64	4	4	1*p0+1*p23+2*p5	3	2.00	SSSE3MMX
PHADDSW	XMM, M128	4	4	1*p01+1*p23+2*p5	3	2.00	SSSE3
PHADDW	MM, M64	4	4	1*p05+1*p23+2*p5	3	2.00	SSSE3MMX
PHADDW	XMM, M128	4	4	1*p015+1*p23+2*p5	3	2.00	SSSE3
PHSUBD	MM, M64	4	4	1*p05+1*p23+2*p5	3	2.00	SSSE3MMX
PHSUBD	XMM, M128	4	4	1*p015+1*p23+2*p5	3	2.00	SSSE3
PHSUBSW	MM, M64	4	4	1*p0+1*p23+2*p5	3	2.00	SSSE3MMX
PHSUBSW	XMM, M128	4	4	1*p01+1*p23+2*p5	3	2.00	SSSE3
PHSUBW	MM, M64	4	4	1*p05+1*p23+2*p5	3	2.00	SSSE3MMX
PHSUBW	XMM, M128	4	4	1*p015+1*p23+2*p5	3	2.00	SSSE3
PMADDUBSW	MM, M64	1	2	1*p0+1*p23	5	1.00	SSSE3MMX
PMADDUBSW	XMM, M128	1	2	1*p01+1*p23	5	0.53	SSSE3
PMULHRSW	MM, M64	1	2	1*p0+1*p23	5	1.00	SSSE3MMX
PMULHRSW	XMM, M128	1	2	1*p01+1*p23	5	0.54	SSSE3
PSHUFB	MM, M64	3	3	1*p0+1*p23+1*p5	1	1.00	SSSE3MMX
PSHUFB	XMM, M128	2	2	1*p23+1*p5	1	1.00	SSSE3
PSIGNB	MM, M64	1	2	1*p0+1*p23	1	1.00	SSSE3MMX
PSIGNB	XMM, M128	1	2	1*p01+1*p23	1	0.50	SSSE3
PSIGND	MM, M64	1	2	1*p0+1*p23	1	1.00	SSSE3MMX
PSIGND	XMM, M128	1	2	1*p01+1*p23	1	0.50	SSSE3
PSIGNW	MM, M64	1	2	1*p0+1*p23	1	1.00	SSSE3MMX
PSIGNW	XMM, M128	1	2	1*p01+1*p23	1	0.50	SSSE3
XGETBV		15	14	3*p015+2*p0156+6*p06+2*p1+1*p5	4	8.00	XSAVE
XSAVE64	M4608	133	128	6*p0+19*p01+22*p05+48*p06+18*p1+17*p15+4*p4+9*p5		58.00	XSAVE
XSAVEC	M4608	145	141	9*p0+17*p01+23*p05+53*p06+20*p1+20*p15+5*p4+11*p5		60.00	XSAVEC
XSAVEOPT	M4608	147	141	8*p0+23*p01+26*p05+53*p06+25*p1+4*p4+9*p5		62.00	XSAVEOPT
XSAVES	M4608	167	163	14*p0+17*p01+26*p05+56*p06+33*p1+19*p15+5*p4+11*p5		64.00	XSAVES
